"DW. CENTRALNY",265906
"CENTRUM",196140
"METRO POLITECHNIKA",154165
"RZYMOWSKIEGO",140586
"METRO MŁOCINY",123184
"RONDO DASZYŃSKIEGO",113852
"WARSZAWA OCHOTA",113063
"RONDO \"RADOSŁAWA\"",103807
"METRO ŚWIĘTOKRZYSKA",101138
"METRO RATUSZ ARSENAŁ",95901
"KRUCZA",88226
"WARSZAWA ZACHODNIA",85969
"OKOPOWA",84492
"METRO KABATY",82813
"PL. GRUNWALDZKI",81718
"METRO POLE MOKOTOWSKIE",80979
"RONDO ONZ",76509
"METRO WILANOWSKA",75302
"PL. WILSONA",74644
"PL. STARYNKIEWICZA",74163
"PL. ZAWISZY",72484
"PARK PRASKI",71864
"KOSZYKOWA",70926
"WIATRACZNA",70485
"WARSZAWA LOTNISKO CHOPINA",69561
"WARSZAWA POWIŚLE",69171
"DW. GDAŃSKI",68713
"KINO FEMINA",68624
"METRO SŁUŻEW",65165
"TERMINAL AUTOKAROWY",63501
"PL. KONSTYTUCJI",62996
"P+R AL. KRAKOWSKA",62940
"RONDO ZESŁAŃCÓW SYBERYJSKICH",59432
"DWORKOWA",56002
"RAKOWIECKA",55503
"METRO RACŁAWICKA",55294
"DW. ZACHODNI",54541
"OS. GÓRCZEWSKA",53888
"NOWOWIEJSKA",52282
"DOMANIEWSKA",52248
"METRO MARYMONT",51481
"DW. WILEŃSKI",49741
"SIELCE",48897
"PKP KASPRZAKA",48458
"BITWY WARSZAWSKIEJ 1920 R.",48447
"METRO WIERZBNO",48284
"MOST PONIATOWSKIEGO",47158
"RONDO WASZYNGTONA",45498
"ZĄBKOWSKA",44636
"GRZYMAŁY-SOKOŁOWSKIEGO",44372
"WORONICZA",43944
"HALA KOPIŃSKA",43638
"WARSZAWA STADION",43486
"NOWODWORY",42984
"MUZEUM POWSTANIA WARSZAWSKIEGO",42946
"WILANÓW",42303
"MUZEUM NARODOWE",42127
"PL. ZBAWICIELA",42089
"PL. TRZECH KRZYŻY",41864
"WAWELSKA",41741
"HOŻA",40703
"UNIWERSYTET",40526
"ZAJEZDNIA OSTROBRAMSKA",40063
"WARSZAWA WSCHODNIA",40009
"PL. NA ROZDROŻU",39928
"CH BLUE CITY",39784
"CH MARKI",39660
"PRAGA-PŁD. -RATUSZ",39271
"WOLA-RATUSZ",39113
"NOWE BEMOWO",38581
"SPACEROWA",38490
"SASKA",38184
"LEGIONOWO PRZYSTANEK",38176
"KIJOWSKA",37695
"METRO IMIELIN",37643
"METRO NATOLIN",37509
"OS. WOLSKA",37410
"PL. UNII LUBELSKIEJ",37052
"PL. NARUTOWICZA",36867
"POSTĘPU",36443
"DW. WSCHODNI (KIJOWSKA)",36407
"ARCHIMEDESA",36406
"GRODKOWSKA",36005
"WARSZAWA ŚRÓDMIEŚCIE WKD",35926
"UNIWERSYTET MEDYCZNY",35702
"ORDYNACKA",35190
"PRUSZKOWSKA",34880
"HALA MIROWSKA",34683
"BRANICKIEGO",34653
"BOKSERSKA",34239
"WARSZAWA AL. JEROZOLIMSKIE",33826
"DWORZEC WILEŃSKI",33613
"KRÓLEWSKA",33313
"ZAMIENIECKA",32942
"WARSZAWA SŁUŻEWIEC",32781
"ŚMIGŁOWCA",32739
"MYŚLIBORSKA",32524
"MURANOWSKA",32294
"PARK DRESZERA",32158
"INŻYNIERSKA",32157
"PL. PIŁSUDSKIEGO",32083
"OTWOCK",31828
"STARE MIASTO",31267
"PKP SŁUŻEWIEC",31167
"METRO URSYNÓW",31037
"VOGLA",31009
"MARSZAŁKOWSKA",30769
"GÓRALSKA",30708
"BANACHA",30651
"WARSZAWA ŚRÓDMIEŚCIE",30322
"RADIOWA",29945
"WARSZAWA LOTN. CHOPINA",29825
"WARSZAWA WILEŃSKA",29463
"SOWIŃSKIEGO",29298
"PL. SZEMBEKA",29199
"AL. LOTNIKÓW",29145
"PKP RAKOWIEC",29031
"MŁOCINY-UKSW",28837
"CHEŁMSKA",28622
"INSTYTUT FIZYKI",28515
"PKP WKD AL. JEROZOLIMSKIE",28384
"DOBRA",28120
"PL. BANKOWY",28050
"BASENY INFLANCKA",27963
"GOCŁAWEK",27763
"GORASZEWSKA",27731
"RONDO STARZYŃSKIEGO",27476
"ANIELEWICZA",27461
"WARSZAWA GDAŃSKA",27373
"SZCZĘŚLIWICKA",27348
"OCHOTA-RATUSZ",27053
"METRO STOKŁOSY",26715
"JANA OLBRACHTA",26654
"LEGIONOWO PIASKI",26559
"STAWKI",26512
"MORSKIE OKO",26361
"DOLNA",26034
"MŁYNÓW",26014
"HYNKA",25991
"AL. WITOSA",25967
"PŁOCKA",25833
"STARE BEMOWO",25693
"ZAJEZDNIA WOLA",25582
"GOCŁAW",25476
"AL. REYMONTA",25389
"CH TARGÓWEK",25232
"GUS",25158
"ZNANA",24965
"CENTRUM NAUKI KOPERNIK",24568
"PKP URSUS",24277
"OCH-TEATR",24268
"KRAKOWIAKÓW",24158
"ŻÓŁKIEWSKIEGO",24020
"WROCŁAWSKA",23860
"METRO STARE BIELANY",23824
"RONDO ŻABA",23625
"WOŁOSKA",23366
"KIELECKA",23340
"ELEKCYJNA",23334
"ŚLIWICE",23272
"OGRODY DZIAŁKOWE BEMOWO",23200
"BEMOWO-RATUSZ",22960
"MIĘDZYNARODOWA",22955
"SGGW-REKTORAT",22927
"FOKSAL",22900
"KOROTYŃSKIEGO",22593
"BERESTECKA",22544
"IWICKA",22259
"BATALIONU PLATERÓWEK",22205
"CZAPELSKA",22148
"PARK MOCZYDŁO",22121
"ESPERANTO",22119
"TOR STEGNY",22113
"POWĄZKOWSKA",22086
"PARK OLSZYNA",22035
"WYŚCIGI",22025
"GOTARDA",21862
"WARSZAWA RAKOWIEC",21800
"ŻERAŃ FSO",21721
"SOKOŁOWSKA",21692
"ROZBRAT",21642
"MIĘDZYBORSKA",21596
"KAWĘCZYŃSKA-BAZYLIKA",21557
"SADYBA",21457
"PŁOCHOCIŃSKA",21405
"DICKENSA",21289
"KONARSKIEGO",21232
"BRÓDNO-PODGRODZIE",21184
"CM. ŻYDOWSKI",21035
"GOCŁAWSKA",20982
"ŚWIĘTOKRZYSKA",20876
"POŁCZYŃSKA-PARKING P+R",20810
"CISZEWSKIEGO",20797
"SADY ŻOLIBORSKIE",20737
"TORWAR",20730
"BARTYCKA",20660
"WŁOŚCIAŃSKA",20344
"NOWOLIPKI",20326
"POMNIK LOTNIKA",20301
"JADŹWINGÓW",20209
"SZCZĘŚLIWICE",20204
"PL. KRASIŃSKICH",20110
"WARSZAWA ŻWIRKI I WIGURY",20102
"ŚWIĄTYNIA OPATRZNOŚCI BOŻEJ",20088
"SZKOLNA",20046
"ZAJEZDNIA PRAGA",20016
"PARK KASKADA",19981
"SGGW-KLINIKA",19937
"MICHALIN",19936
"PRZYCZÓŁEK GROCHOWSKI",19889
"TRASA ŁAZIENKOWSKA",19838
"SZPITAL BRÓDNOWSKI",19782
"POLIGONOWA",19693
"BORA-KOMOROWSKIEGO",19602
"ŚW. BONIFACEGO",19372
"WSPÓLNA DROGA",19249
"KOŁO",19149
"DYWIZJONU 303",19120
"CZARNOMORSKA",19100
"SULEJÓWEK MIŁOSNA",19082
"DOLINA SŁUŻEWIECKA",19049
"WAWRZYSZEWSKA",19014
"SZPITAL MSW",18960
"FORT WOLA",18810
"ANNOPOL",18776
"TOPOGRAFICZNA",18717
"Warszawa Reduta Ordona",18669
"METRO WAWRZYSZEW",18545
"PARK TRAUGUTTA",18522
"SZPITAL BIELAŃSKI",18490
"SASANKI",18388
"PIASKI",18293
"TARGÓWEK-RATUSZ",18157
"STADION NARODOWY",18133
"KRÓLIKARNIA",18069
"KULSKIEGO",18016
"RATUSZOWA-ZOO",18011
"SARMACKA",17977
"ŁOPUSZAŃSKA",17956
"W-WA WESOŁA",17940
"RAKOWIEC",17901
"ŚWIDER",17856
"KLEMENSIEWICZA",17820
"SZPITAL WOLSKI",17682
"HALE BANACHA",17673
"PŁYTOWA",17583
"KONSTRUKTORSKA",17580
"METRO SŁODOWIEC",17424
"WARSZAWA WAWER",17333
"HALA WOLA",17306
"ZALESIE GÓRNE",17290
"CZUMY",17266
"DEOTYMY",17202
"POWĄZKI-CM. WOJSKOWY",17045
"PL. KASZTELAŃSKI",16954
"ŚW. WINCENTEGO",16908
"TARCHOMIN",16873
"NORBLIN",16826
"POPULARNA",16810
"HOTEL BRISTOL",16762
"MEHOFFERA",16690
"SZOBERA",16686
"AFRYKAŃSKA",16684
"HORBACZEWSKIEGO",16573
"BEŁDAN",16569
"MALCZEWSKIEGO",16442
"SZWOLEŻERÓW",16375
"NISKA",16330
"AL. ZIELENIECKA",16327
"WITOLIN",16199
"SOBIESKIEGO",16080
"SYNÓW PUŁKU",15955
"WŁOCHY-RATUSZ",15878
"ADAMIECKIEGO",15769
"REMBIELIŃSKA",15713
"KAPITULNA",15688
"Warszawa Salomea",15650
"PL. ZAMKOWY",15629
"BOGUSŁAWSKIEGO",15612
"WSPÓLNA",15592
"PŁOWIECKA",15567
"SKOROSZEWSKA",15516
"WARSZAWA CENTRALNA",15449
"ABRAHAMA",15390
"BANACHA-SZPITAL",15376
"PRZY AGORZE",15311
"UMIŃSKIEGO",15291
"SZANCERA",15112
"WARSZAWA RADOŚĆ",15069
"MANGALIA",15050
"NOWY ŚWIAT",14985
"BEREZYŃSKA",14874
"WARSZAWA MIEDZESZYN",14848
"STRZELECKIEGO",14795
"URSYNÓW PŁN.",14766
"WIŚLICKA",14759
"PKP URSUS-NIEDŹWIADEK",14753
"LEŻAJSKA",14736
"TOPIEL",14683
"MAJAKOWSKIEGO",14674
"PŁOCHOCIN",14669
"WIŚNIOWA",14650
"GARWOLIŃSKA",14638
"MODLIN",14632
"KOCJANA",14558
"TORUŃSKA",14512
"ROGALIŃSKA",14510
"KSIĄŻĘCA",14477
"RZESZOTARSKIEJ",14364
"STARA MIŁOSNA",14356
"AWF",14319
"WARSZAWA GOŁĄBKI",14233
"WAŁ GOCŁAWSKI",14222
"PL. HALLERA",14167
"MURANÓW",14113
"NOWY ŚWIAT-UNIWERSYTET",14087
"JÓZEFÓW",14079
"JESIENNYCH LIŚCI",14057
"WARSZAWA WESOŁA",14015
"CH PROMENADA",13988
"PŁOCKA-SZPITAL",13985
"OS. MAJDAŃSKA",13941
"BATUMI",13900
"WAT",13877
"CM. WAWRZYSZEWSKI",13745
"WOŁOMIN SŁONECZNA",13718
"MODLIN LOTNISKO",13708
"CHOMICZÓWKA",13675
"KAZUBÓW",13671
"SUWAK",13653
"CENTRUM ONKOLOGII",13588
"NOVOTEL",13586
"CONRADA",13586
"ZIELONKA",13581
"HANDLOWA",13569
"BROWARNA",13548
"PKP PIASECZNO",13537
"WARSZAWA MIĘDZYLESIE",13528
"WARSZAWA REMBERTÓW",13499
"SZWEDZKA",13485
"GWIAŹDZISTA",13482
"ZAJEZDNIA KLESZCZOWA",13355
"DĄBRÓWKA WIŚLANA",13169
"DKS TARGÓWEK",13098
"ELBLĄSKA",13051
"CYBERNETYKI",13038
"KOMORÓW",13007
"ZAJĘCZA",13003
"KINOWA",12982
"KOBYŁKA-OSSÓW",12944
"POBORZAŃSKA",12929
"METRO CENTRUM NAUKI KOPERNIK",12795
"WARSZAWA GOCŁAWEK",12786
"ŻERAŃ WSCHODNI",12759
"BRÓDNOWSKA",12671
"MENNICA",12639
"OS. DERBY",12604
"CH REDUTA",12566
"CHOTOMÓW",12562
"PODLEŚNA-IMIGW",12551
"BIBLIOTEKA NARODOWA",12550
"WARSZAWA ANIN",12547
"KLARYSEWSKA",12524
"DW. ZACHODNI (TUNELOWA)",12502
"PIASECZNO",12484
"ORDONA",12298
"MARYNIN",12281
"KONDRATOWICZA",12265
"PL. SZWEDZKI",12219
"GRODZISK MAZ.",12211
"ŚW. HIERONIMA",12141
"GRENADIERÓW",12086
"STEGNY",12054
"PILECKIEGO",12002
"KOŚCIÓŁ",11998
"MADALIŃSKIEGO",11963
"URSUS-RATUSZ",11885
"LEGIONOWO",11759
"JAKTORÓW",11757
"SMOLUCHOWSKIEGO",11727
"ŻOŁNY",11725
"BARTOSZKA",11689
"Warszawa Raków",11684
"BIAŁOWIEJSKA",11650
"STĘPIŃSKA",11619
"RYŻOWA",11591
"KU WIŚLE",11587
"GRABÓW",11555
"INSTYTUT NEUROLOGII",11526
"PIASTÓW ŚLĄSKICH",11512
"BALEYA",11502
"ŁOJEWSKA",11501
"SOKRATESA",11500
"CZŁUCHOWSKA",11493
"BLISKA",11468
"CIEPŁOWNIA WOLA",11449
"CM. WŁOSKI",11311
"NOWE WŁOCHY",11271
"KRÓLOWEJ MARYSIEŃKI",11260
"ŻYTNIA",11192
"DWERNICKIEGO",11186
"SOLEC",11135
"STACJA KRWIODAWSTWA",11126
"RACJONALIZACJI",11021
"KENIGA",10981
"PIOTRA SKARGI",10941
"MIKOŁAJSKA",10773
"LUBELSKA",10713
"W-WA WOLA GRZYBOWSKA",10670
"EMILII PLATER",10667
"PL. INWALIDÓW",10662
"RONDO KS. J. POPIEŁUSZKI",10658
"TRAUGUTTA",10570
"GOŁKOWSKA",10543
"JULIANOWSKA",10453
"CODZIENNA",10438
"PARK SKARYSZEWSKI",10408
"WITEBSKA",10387
"CM. WOLSKI",10382
"GŁĘBOCKA",10362
"STOICKA",10353
"UKSW",10348
"ŁABISZYŃSKA",10215
"STEFANIKA",10187
"RAKOWIECKA-SANKTUARIUM",10183
"ŁAGIEWNICKA",10176
"PL. POLITECHNIKI",10136
"MŁYNARSKA",10043
"MIŃSK MAZ. ANIELINA",10038
"KS. POPIEŁUSZKI",10030
"KOSTRZEWSKIEGO",10027
"FIGOWA",9973
"URSYNÓW ZACH.",9945
"OS. WILGA",9934
"PKP WŁOCHY",9926
"ŚRÓDBORÓW",9921
"PIMOT",9916
"LESZNO",9887
"MILENIJNA",9853
"DŁUGOSZA",9727
"POPIELA",9706
"DW. WSCHODNI (LUBELSKA)",9700
"RECHNIEWSKIEGO",9696
"ORLICH GNIAZD",9690
"MEISSNERA",9684
"PERZYŃSKIEGO",9604
"MALBORSKA",9547
"DURACZA",9492
"WARSZAWA WOLA GRZYBOWSKA",9456
"WOŁOMIN",9453
"BUDZIŃSKIEJ-TYLICKIEJ",9443
"PL. TEATRALNY",9442
"ASPEKT",9429
"WIEJSKA",9421
"OS. NOWY MOKOTÓW",9420
"DZIKA",9412
"URZĄD MIASTA",9388
"DALIBORA",9357
"DZIECI WARSZAWY",9345
"TUŁOWICKA",9344
"REDUTOWA",9343
"WARSZAWA OKĘCIE",9293
"GORZYKOWSKA",9285
"DZIERŻONIOWSKA",9276
"ZĄBKI",9255
"GOLĘDZINÓW",9217
"CMENTARZ",9190
"HOŁUBCOWA",9160
"ŻUROMIŃSKA",9150
"WARSZAWSKA",9127
"SZASERÓW-SZPITAL",9096
"OS. LEŚNE",9093
"3 MAJA",9071
"BOGATKI",9055
"ZAKRZEWSKA",9035
"OS. POTOK",9032
"MOST SIEKIERKOWSKI",9027
"AL. JANA PAWŁA II",9018
"TRUSKAWIECKA",9013
"OS. ARBUZOWA",8986
"GRENADY",8904
"POLECZKI",8889
"WITANÓW",8835
"KOCHANOWSKIEGO",8835
"GEN. ZAJĄCZKA",8796
"PIĘKNA",8778
"WARSZAWA CHOSZCZÓWKA",8775
"KONWALIOWA",8750
"MARYSIN",8680
"WARSZAWA FALENICA",8628
"ZACHĘTA",8619
"LALKI",8595
"HALINÓW",8567
"LIPOWCZANA",8533
"LEGIA-STADION",8510
"FABRYCZNA",8507
"TELIGI",8487
"BUKOWIŃSKA",8481
"BIAŁOŁĘKA-RATUSZ",8476
"MŁODZIEŃCZA",8423
"ARMII KRAJOWEJ",8382
"SMOCZA",8331
"PL. NIEMENA",8309
"WAŁOWICKA",8297
"PARK POSTĘPU",8295
"LAZUROWA",8286
"WARSZAWA PŁUDY",8276
"JÓRSKIEGO",8219
"KS POLONIA",8209
"MOKOTOWSKA",8111
"DOMANIEWSKA OFFICE PARK",8070
"SKARBKA Z GÓR",8069
"WRÓBLA",8057
"SÓJKI",8042
"RAGINISA",8030
"Warszawa Ochota WKD",8027
"BIELANY-RATUSZ",8025
"OKĘCIE BUSINESS PARK",8024
"MIKLASZEWSKIEGO",8001
"KRYNOLINY",7988
"PUSTELNIK",7982
"OKRĄGŁA",7976
"DZIELNA",7965
"MIĘDZYLESIE",7956
"EKSPRESOWA",7955
"ARESZT ŚLEDCZY SŁUŻEWIEC",7934
"DUNIKOWSKIEGO",7931
"BARTNICZA",7901
"WAPOWSKIEGO",7880
"WAŁ MIEDZESZYŃSKI",7838
"TUŻYCKA",7833
"OŻARÓW MAZ.",7811
"FORT BLIZNE",7795
"CISIE",7787
"CM. BRÓDNOWSKI",7742
"KANAŁ ŻERAŃSKI",7734
"REDUTA WOLSKA",7709
"KOŚCIUSZKI",7684
"RUMIANKOWA",7638
"GEN. MACZKA",7635
"KWATERY GŁÓWNEJ",7634
"SIEMIATYCKA",7623
"Warszawa Al. Jerozolimskie",7611
"NOSKOWSKIEGO",7605
"ANTKA ROZPYLACZA",7598
"SOSNKOWSKIEGO",7552
"FARADAYA",7546
"POLINEZYJSKA",7545
"KIERBEDZIA",7529
"INSTYTUT LOTNICTWA",7522
"NA BATERYJCE",7510
"DO FORTU",7510
"MARYMONT-POTOK",7509
"ZAJEZDNIA ŻOLIBORZ",7478
"SULEJÓWEK",7428
"PKP KOŁO",7425
"WARSZAWA PRAGA",7424
"BŁONIE",7423
"PODSKARBIŃSKA",7408
"CHŁOPICKIEGO",7401
"KAROLKOWA",7398
"SPISAKA",7396
"SUWALSKA",7341
"IWICZNA",7340
"NOWY DWÓR MAZ.",7269
"KOSIARZY",7267
"AL. 3 MAJA",7262
"ENERGETYCZNA",7254
"KAROLIN",7225
"BUKOWSKIEGO",7223
"KICKIEGO",7186
"OKULAROWA",7178
"ZABRANIECKA",7097
"LAMINA",7081
"PEONII",7080
"PARAFIALNA",7080
"SIEKIERKI-SANKTUARIUM",7079
"OS. KABATY",7006
"PRZEDPOLE",6986
"PKP POWIŚLE",6955
"MARIENSZTAT",6942
"LWOWSKA",6942
"POWSINEK",6941
"MEKSYKAŃSKA",6940
"URSUS-NIEDŹWIADEK",6931
"SGGW-BIBLIOTEKA",6924
"SPARTAŃSKA",6916
"KS POLONEZ",6883
"ŻEROMSKIEGO",6851
"BOHATEREWICZA",6823
"OBRAZKOWA",6814
"RASZYŃSKA",6757
"WOJNICKA",6724
"REMBERTÓW-KOLONIA",6716
"STRYJEŃSKICH",6687
"ODLEWNICZA",6683
"DUCHNICKA",6673
"KONDUKTORSKA",6665
"OS. DERBY III",6656
"ŁUKOWSKA",6636
"TARNOWIECKA",6625
"REGULSKA",6623
"FALENICA",6611
"KLAUDYNY",6606
"TARGÓWEK",6606
"BUDOWLANA",6577
"MASZYNOWA",6570
"REMBERTÓW-AKADEMIA",6570
"ŚNIEGOCKIEJ",6552
"USTANÓWEK",6545
"OŚRODEK WOJSKOWY",6526
"SZUBERTA",6516
"STANIEWICKA",6516
"ZAJEZDNIA WORONICZA",6514
"POGODNA",6470
"OS. ISKRA",6468
"PL. GRZYBOWSKI",6467
"NOWOURSYNOWSKA",6466
"ROZŁOGI",6446
"WIDAWSKA",6388
"REJTANA",6376
"MAGISTRACKA",6376
"BAZYLIAŃSKA",6369
"OS. STASZICA/PĘTLA",6362
"LIMANOWSKIEGO",6360
"MYCIELSKIEGO",6357
"KOBYŁKA",6354
"ŁOWICKA",6350
"1 SIERPNIA",6337
"CM. PÓŁNOCNY-BRAMA GŁ.",6330
"KOŁOWA",6329
"KRASICKIEGO",6301
"WARNEŃSKA",6299
"MIŃSK MAZ.",6296
"JASNA",6293
"OS. LEWANDÓW I",6275
"17 STYCZNIA",6162
"WYCZÓŁKI",6120
"RADAROWA",6064
"BYTNARA",6058
"KWITNĄCA",6049
"KLASYKÓW",6034
"URSYNÓW PŁD.",6031
"SAMOCHODOWA",5977
"WARSZAWA TORUŃSKA",5976
"GÓRNOŚLĄSKA",5952
"MŁYN",5939
"WKD RAKÓW",5938
"MALINOWSKIEGO",5933
"PRZASNYSKA",5902
"STARODĘBY",5895
"TRAKT LUBELSKI",5881
"CHŁODNA",5854
"PKP ZACISZE-WILNO",5852
"SEZAM",5798
"SKOROSZE",5792
"PRZYBYSZEWSKIEGO",5781
"ATEŃSKA",5774
"IX POPRZECZNA",5761
"WARSZAWA URSUS PŁN.",5760
"PŁASKOWICKIEJ",5742
"NA SKRAJU",5732
"NOWOLIPIE",5709
"RKS ORZEŁ",5707
"MIŁOBĘDZKA",5706
"BIELSZOWICKA",5697
"DĄBROWSKIEGO",5629
"FRANCUSKA",5615
"ZIELONA",5573
"KOMPASOWA",5571
"ORZESZKOWEJ",5494
"INOWŁODZKA",5455
"PKP TORUŃSKA",5448
"CZERNIAKOWSKA",5443
"TORFOWA",5416
"ORZECHOWA",5404
"GALLA ANONIMA",5404
"TRAWIASTA",5390
"OGIŃSKIEGO",5386
"PKP OLSZYNKA GROCHOWSKA",5385
"TAGORE'A",5370
"CM. PRAWOSŁAWNY",5365
"WYSZOGRODZKA",5350
"MAKOLĄGWY",5346
"NOCZNICKIEGO",5319
"MOŁDAWSKA",5317
"RADIOWA-WAT",5312
"GRZYBOWA",5311
"PRATULIŃSKA",5306
"ZAGOŚCINIEC",5293
"TARCHOMIN KOŚCIELNY",5282
"PL. TYSIĄCLECIA",5281
"PATKOWSKIEGO",5277
"MOST GDAŃSKI",5270
"NAŁĘCZOWSKA",5244
"RONDO ŻABCZYŃSKIEGO",5227
"NIEMCEWICZA",5215
"PODZAMCZE",5213
"ŁAZIENKI KRÓLEWSKIE",5195
"GAJOWA",5178
"WARSZAWA OLSZYNKA GROCHOWSKA",5176
"ANDERSENA",5153
"BIBLIOTEKA UNIWERSYTECKA",5145
"HOSPICJUM ONKOLOGICZNE",5132
"OSIEDLE MŁODYCH",5097
"MAŁEJ ŁĄKI",5092
"ZAPUSTNA",5091
"JEZIORKO CZERNIAKOWSKIE",5084
"MARMUROWA",5080
"DRZEWIECKIEGO",5053
"TROCKA",5042
"SOBOCKA",5023
"PKP PRUSZKÓW",5014
"GRODZISK",5001
"BIAŁOBRZESKA",4981
"MICKIEWICZA",4978
"KLUB LIRA",4978
"KAROWA",4965
"PARK BRÓDNOWSKI",4965
"WODNIAKÓW",4929
"METRO STADION NARODOWY",4914
"ZARUSKIEGO",4909
"NIEDŹWIEDZIA",4880
"JANÓWEK",4878
"TOR KOLARSKI",4839
"MYSZKOWSKA",4813
"ODYŃCA",4788
"DS RIVIERA",4786
"OSMAŃSKA-DHL",4778
"BRAZYLIJSKA",4775
"Opacz",4774
"ŚRODKOWA",4761
"WOJSKA POLSKIEGO",4761
"STARE ŚWIDRY",4736
"KĄTY GRODZISKIE",4727
"FRANCISZKAŃSKA",4725
"PKP ŻERAŃ",4724
"SIEDLCE",4715
"OSTRÓDZKA",4713
"ARMATNIA",4711
"PERKUNA",4672
"INSTYTUT REUMATOLOGII",4662
"GDECKA",4662
"OŚ KRÓLEWSKA",4648
"STAWY",4647
"TECHNIKÓW",4635
"ŚNIEŻNA",4615
"DOJAZDOWA",4613
"HENRYKÓW",4611
"OSMAŃSKA",4596
"CENTRUM TARGOWE",4593
"ZAJEZDNIA REDUTOWA",4584
"SKŁADKOWSKIEGO",4583
"HALA SPORTOWA BEMOWO",4574
"RYNEK",4565
"KOŹMIŃSKA",4551
"TWARDOWSKA",4551
"MANDARYNKI",4538
"ŻOŁNIERSKA",4527
"MAKLAKIEWICZA",4515
"ROLANDA",4512
"MOST ŚWIĘTOKRZYSKI",4504
"MONTE CASSINO",4494
"HERBSTA",4488
"DRZEWORYTNIKÓW",4482
"PELIKANÓW",4477
"Michałowice",4474
"DZIAŁKOWA",4468
"CZORSZTYŃSKA",4459
"OGRODY DZIAŁKOWE KAWĘCZYN",4458
"KAPELI",4444
"ODRODZENIA",4423
"ORZYCKA",4404
"STRUMYKOWA",4402
"KOŚCIELISKA",4392
"OS. WYŻYNY",4383
"PIECHURÓW",4330
"Nowa Wieś Warszawska",4314
"PIĘCIOLINII",4290
"HENRYKA BRODATEGO",4264
"WARSZAWA OLSZYNKA GROCH.",4255
"MARKOWSKA",4250
"ŁOWCZA",4218
"PL. PRZYMIERZA",4211
"NARWIK",4178
"HALLERA",4167
"OBROŃCÓW TOBRUKU",4158
"POTULICKA",4158
"ZAOLZIAŃSKA",4145
"POLNA",4139
"ŚWIDERSKA",4128
"WYBRZEŻE HELSKIE",4103
"ŚMIGIELSKA",4095
"KOBIAŁKA-SZKOŁA",4080
"STERNICZA",4078
"NOWA IWICZNA",4074
"AL. WIELKOPOLSKI",4055
"BUDEXPO",4052
"SZARYCH SZEREGÓW",4052
"WARSZAWA ŻERAŃ",4049
"SIWIŃSKIEGO",4039
"ARBUZOWA",4035
"FORT BEMA",4033
"DĄBRÓWKA SZLACHECKA",4027
"MIĘDZYBORÓW",4022
"BIAŁOŁĘKA DWORSKA",4018
"KAKOWSKIEGO",4006
"CHODAKOWSKA",4001
"INFLANCKA",3993
"ŁOSOSIOWA",3988
"BRACI WAGÓW",3969
"ZAPLECZE",3959
"CZYNSZOWA",3956
"AGRYKOLA",3955
"GRUSZCZYŃSKIEGO",3954
"POTOCKICH",3953
"KAJKI",3946
"KLASZTORNA",3935
"ZIELENIECKA",3933
"MADALIŃSKIEGO-SZPITAL",3925
"GRANICZNA",3922
"RUDZKA",3918
"BUKÓW",3904
"PKP MIĘDZYLESIE",3884
"ZWYCIĘZCÓW",3872
"SYPNIEWSKA",3867
"Reguły",3867
"POLSKIE RADIO",3861
"ADAMPOLSKA",3850
"ZAŚCIANKOWA",3828
"PL. MAŁACHOWSKIEGO",3815
"BOHOMOLCA",3806
"LERCHA",3800
"LAS BIELAŃSKI",3798
"LEWINOWSKA",3771
"BOERNEROWO",3764
"HASSA",3763
"WOŁOMIŃSKA",3758
"BURSZTYNOWA-SZPITAL",3756
"NIZINNA",3749
"TEATR KOMEDIA",3744
"WIERUCHOWSKA",3726
"SANTOCKA",3724
"MASZEWSKA",3723
"TELEWIZJA POLSKA",3700
"LANCIEGO",3698
"CYNAMONOWA",3680
"PKP LEGIONOWO",3650
"KŁOBUCKA",3649
"OGRODY DZIAŁKOWE PIASKI",3649
"TKACZY",3646
"SANKTUARIUM",3610
"PRYSTORA",3603
"OPACZEWSKA",3600
"POSAG 7 PANIEN",3597
"DĄBROWSZCZAKÓW",3587
"CHOSZCZÓWKA",3582
"MYSIADŁO",3568
"NOWY SĘKOCIN",3565
"WARCHAŁOWSKIEGO",3561
"MOST GROTA-ROWECKIEGO",3549
"SPORTOWA",3537
"MIŃSKA",3502
"ŁOMIANKI-CENTRUM",3500
"NACZELNIKOWSKA",3493
"OS. JANTAR",3482
"DOBOSZA",3482
"URZĄD GMINY",3478
"REZEDOWA",3476
"CHODECKA",3476
"MEGASAM",3463
"PIASTA KOŁODZIEJA",3452
"Warszawa Zachodnia WKD",3416
"PIRENEJSKA",3401
"DOBCZYN",3400
"KSIĘŻYCOWA",3396
"BARTŁOMIEJA",3388
"JAWCZYCE",3373
"PŁUŻAŃSKA",3373
"JURAJSKA",3362
"PELCOWIZNA",3362
"NIK",3362
"UTRATA",3333
"BELGRADZKA",3332
"WARSZAWA DAWIDY",3319
"PUŁASKIEGO",3309
"JARZĘBINOWA",3308
"DĄBRÓWKA",3302
"TŁUSZCZ",3293
"CIOŁKOSZA",3292
"NOWAKA-JEZIORAŃSKIEGO",3288
"WYNALAZEK",3287
"INSTYTUT KARDIOLOGII",3276
"LUCERNY",3262
"GRZYMALITÓW",3261
"KOMPUTEROWA",3256
"JERZEGO",3246
"OBOZOWA",3246
"NATOLIN PŁN.",3244
"JARACZA",3239
"PKP GOCŁAWEK",3226
"WESOŁA-RATUSZ",3224
"ALUZYJNA",3220
"OGRODY DZIAŁKOWE PALUCH",3213
"LASEK NA KOLE",3206
"TABOROWA",3204
"AL. WOJSKA POLSKIEGO",3183
"ODRĘBNA",3182
"WŁADYSŁAWA HERMANA",3174
"EC SIEKIERKI",3171
"WALECZNYCH",3170
"OGRÓD DZIAŁKOWY IM. WARNEŃCZYKA",3164
"PKP REMBERTÓW",3142
"MACZKA",3140
"POMIECHOWSKA",3136
"PARK ZDROJOWY",3127
"KONOPACKA",3116
"JANKI MAŁE",3105
"ŁUKASZCZYKA",3104
"URSUS-SANKTUARIUM",3074
"PL. BERNARDYŃSKI",3068
"ŻUPNICZA",3061
"OLSZOWA",3060
"CHMIELNA",3056
"PKP URSUS PŁN.",3052
"TRZYKROTKI",3047
"INSTYTUT HEMATOLOGII",3040
"BOROWA",3033
"SPALINOWA",3030
"ŚRENIAWITÓW",3027
"KS. SITNIKA",3024
"LEKTYKARSKA",3015
"HALA ZNICZ",3010
"WIERNA",3006
"PAROWCOWA",2996
"JURANDA ZE SPYCHOWA-SZKOŁA",2995
"KOMBAJNISTÓW",2993
"PUSTOLA",2986
"SUZINA",2983
"MIŁA",2972
"RODŁA",2962
"WRZECIONO",2957
"PAŁACOWA",2954
"BOLEŚĆ",2941
"PIASECZNICA",2940
"WARSZAWA MOKRY ŁUG",2939
"SZAFARZY",2923
"KOCJANA-BOCZNICA",2920
"Tworki",2916
"BRATA ALBERTA",2910
"Pruszków WKD",2904
"SIENNICKA",2895
"OS. DOMANIEWSKA",2894
"WIERTNICZA",2889
"POMOLOGICZNA",2889
"OBJAZDOWA",2863
"GEODEZYJNA",2858
"PARK MŁOCIŃSKI",2856
"KSIĘCIA BOLESŁAWA",2837
"SZYSZKOWA",2796
"11 LISTOPADA",2791
"OS. DERBY VI",2784
"KANAŁ GOCŁAWSKI",2784
"RADIOSTACJA ŁAZY",2779
"TŁUCHOWSKA",2746
"RADIOWO",2746
"SYMPATYCZNA",2732
"ŁUKOWA",2724
"PKP FALENICA",2711
"KONCERTOWA",2705
"BYSTRA",2703
"JADWISIN",2694
"JESIONOWA",2683
"KSIĘŻNEJ ANNY",2680
"ŁYSAKOWSKA",2680
"RONDO DASZYŃSKIEGO - ",2680
"ŁĄCZYNY",2673
"SANGUSZKI",2671
"MICHAŁÓW-REGINÓW",2669
"JARZĄBKA",2650
"ZACHODNIA",2649
"GROSZÓWKA",2636
"ZERZEŃ",2623
"STRZELECKA",2616
"ODESKA",2608
"GRODZISK MAZ. RADOŃSKA",2601
"POMORSKA",2589
"TANGO",2586
"RYBAŁTÓW",2586
"NALEWKI-MUZEUM",2582
"BOBROWIECKA",2582
"PORAJÓW",2579
"WALEREGO SŁAWKA",2576
"SOCHACZEW",2575
"DOSTAWCZA",2567
"UROCZA",2567
"DZIEWANOWSKA",2561
"KRYNICZNA",2556
"WARSZAWA JEZIORKI",2550
"SZPITALNA",2546
"PKP GRODZISK MAZOWIECKI",2544
"OS. ZIELONY STAW",2538
"NORWIDA",2536
"CERAMICZNA",2529
"ĆWIKLIŃSKIEJ",2516
"SAMARYTANKA",2513
"DZIAŁYŃCZYKÓW",2512
"POŻAROWA",2511
"BYSŁAWSKA",2507
"FORT WAWRZYSZEW",2498
"POETÓW",2495
"OS. BERNARDYŃSKA",2473
"KARCZOCHA",2468
"OGÓRKOWA",2454
"CYKLAMENÓW",2438
"DZIERZGOŃSKA",2433
"KASZTANOWA",2429
"WIELOWIEJSKA",2417
"SAGALLI",2412
"WIELISZEW",2403
"ALEKSANDRÓW",2401
"RUBINOWA",2398
"PKP ANIN",2398
"KORSAKA",2392
"MARCELIN",2382
"SEROKI",2381
"PRZEBIEG",2381
"KOPCIŃSKIEGO",2368
"KRZYŻANOWSKIEGO",2366
"PKP OKĘCIE",2358
"PKP RADOŚĆ",2356
"WIRAŻOWA",2352
"ANNY JAGIELLONKI",2346
"DĘBE WIELKIE",2334
"SUCHA ŻYRARDOWSKA",2333
"ŚWIĘTOJERSKA",2320
"AL. PIŁSUDSKIEGO",2320
"GOCŁAWEK WSCHODNI",2316
"DĘBOWA",2302
"ZAMENHOFA",2284
"DW. GDAŃSKI (RYDYGIERA)",2267
"BATALIONÓW CHŁOPSKICH",2264
"RUSKOWY BRÓD",2259
"STEFANA BATOREGO",2255
"NOWODWORSKA",2250
"JAGIELSKA",2242
"DŁUGORZECZNA",2239
"ARMII \"POZNAŃ\"",2235
"Podkowa Leśna Wschodnia",2230
"SIEDLISKOWA",2230
"TYLŻYCKA",2229
"KLIMONTOWSKA",2228
"BAREI",2228
"PKP GOŁĄBKI",2225
"MIELCZARSKIEGO",2201
"ASTRONAUTÓW",2199
"RYBNICKA",2188
"DZIEKANÓW LEŚNY",2184
"KOLEJKA PIASECZYŃSKA",2177
"PRZEWORSKA",2165
"NAMYSŁOWSKA",2152
"PRASOWA",2148
"POMIECHÓWEK",2138
"KANAŁ BRÓDNOWSKI",2138
"INTERNETOWA",2138
"MARYWILSKA-LAS",2134
"KLAMROWA",2134
"KOWIEŃSKA",2133
"POWĄZKI-IV BRAMA",2133
"MAŃKI-WOJDY",2129
"CZATÓW",2127
"NOAKOWSKIEGO",2118
"SOCHACZEWSKA",2116
"KIEPURY",2113
"CZARNIECKIEGO",2111
"SIENNA",2091
"GONTARSKA",2088
"FLETNIOWA",2075
"WOJSŁAWICKA",2073
"PL. POWSTAŃCÓW WARSZAWY",2070
"GOŚCIERADOWSKA",2065
"RYBNA",2064
"URZĄD STATYSTYCZNY",2064
"KOMOROWSKA-HOTEL",2057
"ZARUBY",2057
"WENECKA",2040
"KOMETY",2031
"KARCZUNKOWSKA",2019
"POLMO",2019
"SŁOWACKIEGO",2017
"DŁUGA",2016
"BELLOTTIEGO",2016
"WINNICA",2015
"KANAŁ NOWE UJŚCIE",2013
"JANKI",2009
"SIEMIEŃSKIEGO",2005
"ŁOKIETKA",2001
"MAGIERA",1998
"Podkowa Leśna Zachodnia",1993
"PKP JEZIORKI",1991
"PL. SPORTOWY",1989
"OCZAPOWSKIEGO",1989
"CONRADA-SZKOŁA",1986
"CZARNA STRUGA",1986
"OKNICKA",1984
"ZALESINEK",1969
"ŻYRARDÓW",1961
"KOŁBIEL",1948
"GRABINA",1946
"WRZOSÓW",1942
"CHODKIEWICZA",1937
"SIKORSKIEGO",1935
"ROGOWSKA",1934
"TRAKT LUBELSKI-LAS",1931
"CHĘCIŃSKA",1929
"NOWINY",1926
"KONWIKTORSKA",1923
"CUKROWNICZA",1922
"SZOLC-ROGOZIŃSKIEGO",1920
"STRZYGŁOWSKA",1919
"SZASERÓW",1918
"PKP MOKRY ŁUG",1910
"RAABEGO",1908
"POŻARYSKIEGO",1888
"WERSALSKA",1885
"BARSZCZEWSKA",1878
"SADKOWSKA",1873
"LEŚNA",1872
"BORKÓW",1872
"PODKOWA LEŚNA GŁÓWNA",1871
"STASZICA",1870
"PODOLSKA",1868
"MALINOWA",1867
"OS. LEWANDÓW II",1863
"TERMINAL CARGO",1851
"Kanie Helenowskie",1849
"GŁOGI",1849
"KORNELIN",1848
"KADETÓW-KOŚCIÓŁ",1845
"AL. BOHATERÓW WRZEŚNIA",1842
"WĄWOZOWA",1840
"WOLICA K. PŁOCHOCINA",1840
"GILARSKA",1831
"SOLIDNA",1822
"CZEKOLADOWA",1815
"OS. ORLIK",1809
"CZERWONYCH BERETÓW",1802
"BOŻA WOLA",1794
"PIELĘGNIAREK",1786
"SPISKA",1783
"SIODLARSKA",1782
"SIEDMIOGRODZKA",1778
"PANCERA",1777
"ORLA",1771
"WIĄZANA",1770
"TABITA",1761
"KRAŃCOWA",1761
"ŻYWIECKA",1760
"ANNY GERMAN",1759
"CM. PÓŁNOCNY-BRAMA PŁD.",1752
"MOTYLKOWA",1750
"POMNIK SAPERA",1748
"DROGOWA",1747
"STAROSTWO",1745
"EUROPEJSKA",1745
"1. PRASKIEGO PUŁKU",1744
"PIASTOWSKA",1738
"DANUSI",1730
"OS. PRZYLESIE",1729
"POŁUDNIOWA",1723
"LISTONOSZY",1715
"GŁOWACKIEGO",1710
"CYTADELA",1705
"PAŁAC",1705
"GARWOLIN",1701
"BEŁZY",1694
"TOŁSTOJA",1692
"SOŁTYKA",1680
"ZWOLEŃSKA",1679
"RONDO GRANZOWA",1673
"ESKULAPÓW",1672
"PIASTA",1670
"BOHUNA",1670
"KOSAĆCOWA",1663
"BRODY WARSZAWSKIE",1657
"MILANÓWEK GRUDÓW",1654
"JULIANOWSKA-CMENTARZ",1652
"WOLA GRZYBOWSKA",1651
"MAGNOLII",1649
"BERENSONA",1643
"ZEGRZE PŁD.",1643
"OKRZEI",1640
"WILLOWA",1639
"POLONEZA",1639
"SIEKIERKOWSKA",1627
"PODLEŚNA",1625
"AL. SOLIDARNOŚCI",1625
"CHRZĘSNE",1612
"WÓLKA WĘGLOWA",1612
"CENTRUM MODY",1610
"PL. OSTREJ BRAMY",1610
"DĘBINA",1606
"WAŁBRZYSKA-CMENTARZ",1603
"SIERAKOWSKIEGO",1603
"MODZELEWSKIEGO",1597
"ESTRADY",1592
"POCZTY GDAŃSKIEJ",1590
"RYDYGIERA",1579
"ICDS",1577
"WAFLOWA",1576
"OLESIN",1575
"Otrębusy",1566
"KATOWICKA",1562
"OGRODOWA",1561
"JEZIOROWA",1560
"SPÓŁDZIELNIA NOMA",1559
"RADOM",1552
"ŁOMIANKI-SZKOŁA",1546
"TERESIN-NIEPOKALANÓW",1544
"PIASKOWA",1537
"NIEPODLEGŁOŚCI",1536
"BOHUSZEWICZÓWNY",1531
"SZOSA LUBELSKA",1528
"WIOSENNA",1524
"GRZEGORZEWSKIEJ",1521
"KLARYSEW",1521
"LOTNISKO CHOPINA-ODLOTY",1515
"DULAG",1513
"SUŁKOWICE",1513
"PADEREWSKIEGO",1508
"PKP PŁUDY",1498
"RYCERSKA",1497
"PKP WAWER",1494
"CENTRUM ZDROWIA DZIECKA",1494
"LOKAJSKIEGO",1492
"DOMINIKAŃSKA",1489
"OS. OLSZYNY",1487
"LEŚNEJ POLANKI",1481
"PKP WESOŁA",1480
"WOLNOŚCI",1477
"KĄTNE",1476
"DUCHNÓW",1474
"BRACI ZAWADZKICH",1472
"OGRODY DZIAŁKOWE WILANÓWKA",1472
"Malichy",1465
"EDISONA",1464
"ŻONKILOWA",1463
"HUTNICZA",1461
"RUDNICKIEGO",1457
"WRONIA",1453
"INSTRUKTORSKA",1452
"MAŁEGO RYCERZA",1451
"WIOLINOWA",1446
"SOSNOWA",1438
"PODBIAŁOWA",1433
"CEGŁÓW",1432
"ĆMIELOWSKA",1430
"KUŹNICY KOŁŁĄTAJOWSKIEJ",1424
"KAMERALNA",1421
"TATARSKA",1419
"SZARADY",1415
"NOWE DĘBE WIELKIE",1414
"BRWINÓW",1406
"BRYLOWSKA",1405
"OŚRODEK SZKOLENIOWY",1404
"KRÓLOWEJ BONY",1401
"NASIELSK",1401
"HETMAŃSKA",1398
"KUSOCIŃSKIEGO",1394
"OS. KONSTANCJA",1391
"HANKI ORDONÓWNY",1388
"PRZYLEŚNA",1385
"SZYMANOWSKIEGO",1383
"INSTYTUT ENERGETYKI",1382
"SCHROEGERA",1380
"MIGDAŁOWA",1378
"KARTEZJUSZA",1372
"CZACHÓWEK GÓRNY",1370
"BARCZĄCA",1369
"ZŁOTOKŁOS",1361
"OGRODY DZIAŁKOWE CZERNIAKÓW",1346
"JARA",1344
"LIPOWA",1344
"LEGIONOWA",1339
"PREFABET",1336
"NUGAT",1330
"OS. LAS",1323
"WILKOWIECKA",1320
"ZDZIARSKA",1318
"PROZY",1318
"CHEMICZNA",1317
"KAJETANY",1316
"PODGÓRNA",1313
"PRZEPIÓRKI",1310
"CZACHÓWEK PŁD.",1310
"BIAŁOBRZEGI",1309
"KOŚCIUSZKI-SZKOŁA",1309
"RADIOWO-BOCZNICA",1305
"BACHA",1303
"SĘKOCIN LAS",1300
"UMIASTOWSKA",1298
"KORBOŃSKIEGO",1297
"DANISZEWSKA",1296
"PRZELOTOWA",1294
"JURANDA ZE SPYCHOWA",1283
"SIENKIEWICZA",1277
"RZECZNA",1276
"KS. SKORUPKI",1273
"KSAWERÓW",1267
"ORACZY",1266
"PARCELACYJNA",1260
"WAWER-RATUSZ",1256
"WARTKA",1254
"WIERZBOWA",1252
"MAGELLANA",1251
"WILANOWSKA",1247
"KAMIŃSKIEGO",1247
"POGORZEL WARSZAWSKA",1242
"ROSOCHATA",1241
"SIARCZANA",1240
"KAFLOWA",1236
"SPADOWA",1233
"ŚNIADECKICH",1230
"WARSZAWA ZOO",1227
"LEBIODOWA",1214
"PILCHA",1206
"KADETÓW",1203
"PARKOWA",1201
"WYSPIAŃSKIEGO",1198
"RADZYMIŃSKA",1197
"BRZEZIŃSKA",1196
"BRONISZE",1195
"JULIANÓW",1193
"ANDRUTOWA",1191
"BRONOWSKA",1190
"ZAWODOWA",1189
"OS. RUDA",1178
"ZAGŁOBY",1177
"KRZYWICKIEGO",1173
"PODBIPIĘTY",1170
"MOCHTYŃSKA",1165
"KOSÓW",1162
"GROTY",1153
"SKIBIŃSKIEGO",1152
"PARZNIEW",1150
"NIEDZIAŁKOWSKIEGO",1150
"LELEWELA",1149
"CHUDOBY",1149
"CMENTARZ 1920 R.",1147
"MAŁYCH DĘBÓW",1147
"OKRĘŻNA",1139
"PARK SKARBKÓW",1136
"SREBRNYCH ŚWIERKÓW",1133
"URBANISTÓW",1132
"WYGODA",1129
"JASIENICA MAZ.",1128
"LAUROWA",1128
"BAJECZNA",1122
"ZACISZE",1120
"SZAMOCIN",1120
"FRACHTOWA",1118
"WARSZAWA ZACISZE - WILNO",1114
"AGATOWA",1113
"LESZNOWOLA-POLE",1112
"SZPITAL GROCHOWSKI",1104
"CIECHANÓW",1099
"CENTRUM OLIMPIJSKIE",1094
"BRZEZINY",1078
"GRODZISZCZE MAZ.",1073
"PKP BRWINÓW",1070
"PAŃSKA",1068
"SMUGOWA",1065
"SIERAKOWSKA",1061
"CHYNÓW",1060
"PŁUŻNICKA",1059
"REBUSOWA",1059
"BORYSZEWSKA",1056
"PKP LEGIONOWO-PRZYSTANEK",1054
"PUCHAŁY",1049
"MIRKOWSKA",1043
"PRZEKORNA",1043
"GOŁKÓW-WIEŚ",1040
"ECHA LEŚNE",1037
"DROBIARSKA",1036
"KUPIECKA",1030
"KOZIELSKA",1028
"SZACHOWA",1027
"ISKRY",1027
"CZERUCHY",1026
"GOŁKÓW-LETNISKO",1026
"OS. MARYWILSKA",1024
"BŁOTA",1023
"STATKOWSKIEGO",1023
"PEDAGOGICZNA",1021
"OŚRODEK LOK",1018
"DZIĘCIOŁA",1012
"CZWARTAKÓW",1010
"WĘDKARSKA",1006
"PICASSA",1003
"GÓRA KALWARIA",997
"BUKOWIECKA",995
"ZBYSZKA Z BOGDAŃCA",992
"TOMASZEW",990
"KINO BAŚŃ",990
"POWSTAŃCÓW",988
"PL. KOŚCIUSZKI",985
"GRUSZY",984
"NOWY PODOLSZYN",981
"MODRA",980
"TURCZYNEK",980
"PORT NIEPORĘT",976
"OBROŃCÓW WARSZAWY",975
"RYCHNOWSKA",971
"PASTUSZKÓW",966
"OS. MŁODYCH",964
"ZAUŁEK",962
"SKIERNIEWICE",958
"Grodzisk Maz. Jordanowice",950
"TURMONCKA",946
"CHABROWA",944
"KAMYKOWA",941
"OLECKA",940
"RUTY",940
"PKP MIEDZESZYN",938
"LUBICZÓW",937
"OGRODY DZIAŁKOWE NA SKRAJU",936
"KRĘŻEL",934
"ROKOSOWSKA",934
"POWSIN-PARK KULTURY",933
"NADARZYŃSKA",927
"PRAŻMOWSKA",927
"REMBERTÓW-RATUSZ",927
"KLAUDYN",926
"ROZCHODNIKOWA",925
"KWIATOWA",925
"SIELANKOWA",924
"WENUS",915
"BLIZNE JASIŃSKIEGO",914
"MUZEALNA",912
"CZERWIŃSKA",910
"POWSTAŃCÓW WARSZAWY",907
"MOCHTYŃSKA-KANAŁ",907
"RONDO SOLIDARNOŚCI",905
"KOPIJNIKÓW",905
"BUCHALTERYJNA",904
"KATIUSZY",902
"LINDLEYA",900
"OSTRÓDZKA-SZKOŁA",894
"LESZCZYŃSKIEGO",885
"KÓRNICKA",883
"CZEKANOWSKA",880
"CIEPŁOWNIA KAWĘCZYN",875
"MATUSZEWSKA",873
"ODKRYTA",870
"KMŁ",869
"GRABÓW N. PILICĄ",866
"FORTOWA",858
"GÓRASZKA",858
"ZAWODZIE",857
"CHYLICZKOWSKA-TECHNIKUM",847
"SYTA",843
"SALOMEA",842
"SOKOŁOWSKIEGO",836
"TAWUŁKOWA",835
"JAGIELLOŃSKA",835
"GRABALÓWKI",834
"PL. PONIATOWSKIEGO",833
"WALEWSKA",829
"ZIELONKI",826
"OS. BUKOWY DWOREK",824
"Łódź Fabryczna",820
"ROZŁUCKA",820
"MROZY",813
"OS. VICTORIA",807
"LESZYCKIEGO",806
"Grodzisk Maz. Piaskowa",803
"PROSTA",799
"MAŁE SIEKIERKI",799
"WIENIAWSKIEGO",794
"LIPY",794
"FIELDORFA",794
"KOŚCIELNA",793
"KOŃSKI JAR",792
"MAJDAN",790
"OJCA ANICETA",788
"WRZOSOWA",784
"JOLIOT-CURIE",781
"WOJCIECHOWSKIEGO",773
"DYREKCJA FSO",769
"OSMAŃCZYKA",764
"WAŁUSZEWSKA",761
"STEFANÓWKA",760
"ŻWIROWA",759
"ZAJEZDNIA STALOWA",756
"OSIEDLE",755
"OŚRODEK AZS",753
"ZAKRĘTOWA",753
"KOBIAŁKA",752
"ZGODA",750
"CH STARA PAPIERNIA",748
"MELCERA",742
"NARODOWA",739
"BUCHNIK",728
"BIELAŃSKA",720
"KĘPA ZAWADOWSKA",720
"POWOJOWA",718
"MAJERANKOWA",717
"STOCER",717
"IMUZ",715
"POCZTOWA",712
"STARY SĘKOCIN",712
"INSTYTUT EKOLOGII PAN",712
"CEGLANA",711
"AKCENT",710
"KOLONIA WARSZAWSKA",709
"TALAROWA",705
"GAZOWNIA",704
"WYSZYŃSKIEGO",704
"HIPODROM",703
"STADION",701
"IDZIKOWSKIEGO",697
"SZYMAŃSKIEGO",694
"KRASNOWOLA",691
"HRABSKA DROGA",688
"ŻUBROWA-UKSW",687
"SUCHY LAS",686
"INSUREKCJI",685
"KORKOWA-CMENTARZ",681
"BANIOCHA",681
"KLEMBÓW",679
"NADZIEI",679
"KĄPIELOWA",676
"MAŁCUŻYŃSKIEGO",674
"SIEDLCE WSCHODNIE",674
"INSTALATORÓW-KAM",672
"BURAKÓW",672
"BATALIONU WŁOCHY",671
"ZEGRZYŃSKA",669
"GWARNA",667
"KRÓTKA",667
"PLUTONU TORPEDY",664
"KOLEJOWA",664
"ZAWADY",661
"MONTAŻOWA",660
"JUHASÓW",654
"WKD MILANÓWEK GRUDÓW",654
"Kościół",652
"LIPKÓW-MUZEUM",651
"ROZJAZD OBORSKI",651
"SASINA",649
"ŁAZY",645
"PRZY PARKU",642
"KORDIANA",638
"TYTUŁOWA",637
"OS. PIASKI",637
"CHYLICZKI",633
"MAJDAN-STACJA PALIW",633
"SZPITAL ONKOLOGICZNY",631
"ARENA LEGIONOWO",631
"LATCHORZEW",630
"SADOWA-DOM OPIEKI",629
"Grodzisk Maz. Okrężna",627
"DROHICKA",625
"PODKOWIŃSKA",622
"KADETÓW-SZKOŁA",622
"DZIELNICOWA",621
"LESZNOWOLA",618
"KOLARSKA",616
"GŁOSKÓW-SZKOŁA",615
"CZOŁGISTÓW",614
"PKP HALINÓW",612
"ŁUBINOWA",612
"HUSARSKA",610
"PODKOWY",608
"Brzózki",608
"MORY",603
"LESZCZYDÓŁ",602
"MRĄGOWSKA",602
"CELESTYNÓW",601
"KS. CZARTORYSKIEJ",600
"TOMASZOWSKA",598
"PALISADOWA",596
"AUGUSTÓWKA",596
"OŚRODEK CORA",594
"PSZENICZNA",594
"PRZEDPEŁSKIEGO",591
"BENNETTA",588
"CHOPINA",586
"CM. POŁUDNIOWY-BRAMA PŁD.",584
"JAROSŁAWSKA",583
"FALENTY-OSIEDLE",582
"BADYLARSKA",581
"OSTRÓWEK WĘGROWSKI",580
"WCZASOWA",577
"REKRUCKA",575
"KS. SZULCZYKA",574
"STOKROTKI",574
"PKP ZALESIE GÓRNE",573
"OŁÓWKOWA",570
"KOCJANA-SĄDY",565
"HOSERÓW",560
"GĄSOCIŃSKA",560
"CHŁODNIA",558
"MOZAIKOWA",556
"TUZINOWA",553
"WSPÓŁCZESNA",550
"KROKWI",549
"CM. OFIAR WOJNY",547
"HARNASIE",546
"CYLICHOWSKA",546
"KAMPINOS",543
"BOBROWIEC",540
"OS. DUDZIARSKA",537
"PILAWA",536
"AGRICOOP",534
"Kazimierówka",534
"PALUCH",532
"JASIELSKA",531
"ZGRUPOWANIA AK \"KAMPINOS\"",528
"PODCZASZYŃSKIEGO",527
"WIELISZEW-PLAŻA",527
"MOŚCISKA",526
"PRZEŁĘCZY",525
"GRANICZKA",521
"MAŃKOWSKA",521
"MERA-PNEFAL",518
"KOLUMBA",516
"STRĄKOWA",516
"ŁADY",515
"SMOLNA",515
"ŁOWICZ GŁÓWNY",512
"MEBLOWA",512
"WIDOKOWA",509
"ZEGARYNKI",507
"PROMYKA",500
"THOMME",498
"PRUSA",494
"ZIELONEJ GĘSI",492
"PLANETOWA",492
"FARBIARSKA",490
"TROMBITY",486
"ANUSINEK",485
"SKOLIMÓW",485
"REMBELSZCZYZNA",482
"OTRĘBUSY",481
"PORZECZKOWA",480
"DAWIDY",480
"TEKLIN-SZPITAL",479
"MIRKÓW-SZKOŁA",478
"STAROSTWO POWIATOWE",478
"STALOWA",477
"OS. NAFTA",477
"OSIEDLE MIRKÓW",476
"WASILKOWSKA",475
"MAŁKINIA",475
"GEN. KUTRZEBY",475
"RUDA TALUBSKA",475
"FABRYKA POMP",474
"ZAJEZDNIA URSUS PŁN.",472
"LANGIEWICZA",469
"NAUCZYCIELSKA",468
"WIELKIEGO DĘBU",465
"NOWE ZAŁUBICE",465
"TERESPOLSKA",464
"KOLONIA LESZNOWOLA",463
"WOLICA",463
"HOTELOWA",462
"ZGORZAŁA",462
"STANISŁAWÓW",461
"DOM ARTYSTÓW",461
"GOŁASZEWSKA",456
"VOGLA-MORYSIN",456
"KOSYNIERÓW",455
"KROKUSÓW",451
"PKP NIEPORĘT",447
"PRZYJAZNA",446
"STARA WIEŚ",445
"RYBIE",444
"CZEREMCHOWA",443
"JEZIORKI PŁN.",442
"ŁADY-SZKOŁA",442
"CELULOZY",442
"STRUSIA",440
"KORCZAKA",440
"OSIEDLOWA",439
"KALORYCZNA",438
"WIŚNIOWA GÓRA",437
"BARCHÓW",436
"PASZKÓW",436
"WDW RYNIA",435
"ROGATKOWA",434
"ZALASEK",433
"GŁÓWNA",431
"STRUGA",429
"NIEŚWIESKA",428
"GRUNTOWA",428
"BORZĘCIN DUŻY",428
"TUROWICE",426
"DZIEKANÓW POLSKI WSCHÓD",425
"JANIN",425
"KOŁOBRZESKA",424
"SZPITAL POWIATOWY",421
"OGRODY DZIAŁKOWE BUDOWLANI II",420
"WARKA",419
"JONTKA",419
"ARCELIN",417
"OGRÓD BOTANICZNY",414
"ŁUKÓW",412
"CM. PÓŁNOCNY-BRAMA ZACH.",409
"VIVALDIEGO",408
"SŁOMCZYN-SZKOŁA",403
"OS. NIEPODLEGŁOŚCI",403
"ZŁOTEJ JESIENI",398
"KLIMATYCZNA",398
"GWARKÓW",398
"SŁUPNO",396
"STARZYŃSKIEGO",396
"WÓLKA KOSOWSKA",395
"GĄSEK",395
"OS. PATIO",394
"KOTUŃ",393
"DZIKIEJ RÓŻY",393
"BRZOZOWA",392
"DANKOWICKA",391
"OGRODNICZA",390
"WARSZAWA URSUS",389
"GEN. ROI",388
"TARNINY",387
"OLSZEWNICA STARA",383
"HUBALA-DOBRZAŃSKIEGO",383
"WARZELNICZA",382
"NOWA",382
"ROLNA",380
"ZAMIENIE",377
"CH WÓLKA KOSOWSKA",374
"PUSZKINA",374
"MŁOCHÓW",373
"KOSZAŁKA OPAŁKA",372
"LUSIŃSKA",372
"SABINKA",371
"ZDZIARSKA-KANAŁ",371
"KAMPINOSKA",370
"SPIRALNA",368
"GERBERA",364
"RZAKTA",363
"DĘBLIN",361
"PKP LEGIONOWO PIASKI",360
"SOSNOWE",357
"DOBKA Z OLEŚNICY",356
"TYMOTKI",356
"PKP DAWIDY",356
"ZALESIE DOLNE",356
"TADŻYCKA",355
"ŁOMNA WSCHÓD",355
"OSTROŁĘKA",354
"PARTYZANTÓW",353
"DROHOBYCKA",350
"KOCZARGI STARE",347
"BORZĘCIN DUŻY-WIEŚ",347
"PKP MILANÓWEK",343
"FALENTY NOWE",343
"AKACJOWA",341
"CHYLICE",341
"BODYCHA",340
"REYMONTA",338
"KAŁĘCZYN",338
"ZIELONKA BANKOWA",337
"ŻYZNA",335
"CHROSNA",335
"WILCZA GÓRA",333
"RUCZAJ",329
"OSTROROGA",327
"CICHA",327
"SAMORZĄDOWA",327
"GOŁOTCZYZNA",324
"WĄSKA",323
"ORLĄT LWOWSKICH",323
"CZACHÓWEK WSCH.",323
"KWIRYNÓW",321
"WODOCIĄG PŁN.",321
"OCHOCZA",321
"IZBICKA-CMENTARZ",321
"ODOLANY",320
"MOKRA WIEŚ",320
"ROSY",316
"WYBRZEŻE SZCZECIŃSKIE",315
"ŚW. A. BOBOLI",315
"WARSZAWA URSUS NIEDŹWIADEK",314
"HIPOLITOWSKA",314
"POD KAJETANY",313
"SKOROCHÓD-MAJEWSKIEGO",312
"PRZEBUDZENIA WIOSNY",312
"CM. PÓŁNOCNY-BRAMA PŁN.",311
"MROKÓW",311
"KS. BOGUCKIEGO",310
"RATAJA",310
"ŁYCZYŃSKA",310
"RAFII",309
"SPÓŁDZIELNIA",309
"GAWRONIA",306
"ZABŁUDOWSKA",306
"WIERZCHOWSKIEGO",305
"GŁOSKÓW-ZIELONE",305
"SZYSZAKÓW",303
"RUSIEC",302
"MIENIA",302
"TURÓW",301
"INSTALATORÓW-KIS",300
"CZERWONA DROGA",300
"NAPOLEONA BONAPARTE",300
"IŁOWO",299
"KWITNĄCEJ AKACJI",299
"NOWY ZJAZD",298
"OD LASU",297
"MOŚCICKIEGO",294
"ZBÓJNA GÓRA",292
"JASTRZĘBIEC",291
"SIERAKÓW",290
"CIECISZEW",289
"KORALOWYCH DĘBÓW",288
"PLANTY",288
"KOLONIA POD LASEM",287
"KACZEŃCÓW",287
"PIASTÓW",286
"UMIASTÓW",285
"PRUSZKÓW",284
"GRYFITÓW",284
"ZYNDRAMA Z MASZKOWIC",282
"PUSZCZYKA",280
"DOBIESZYN",279
"ZALEŚNA",279
"ROMANTYCZNA",278
"POCISK",277
"MŁOCIŃSKA",276
"KS. MALINOWSKIEGO",275
"URLE",275
"MŁAWA",275
"PARK MIEJSKI",275
"ŚWIECKA",275
"JACKOWO DWORSKIE",272
"ZEGRZYŃSKA-IMGW",272
"ERAZMA Z ZAKROCZYMIA",271
"ŁOWICZ GŁ.",268
"ZAGÓRZE-SANATORIUM",266
"KIEŁPIN-CMENTARZ",266
"PIEŃKÓW-WIEŚ",265
"ZASADOWA",265
"WÓLCZYŃSKA-BOCZNICA",264
"ŻABIENIEC",264
"ZAGÓRZAŃSKA",263
"BOLESŁAWA KRZYWOUSTEGO",262
"PROJEKTOWANA",262
"ORCHOWIECKA",262
"SKALNICOWA",261
"BATALIONU MIOTŁA",261
"OS. GRAPA",258
"AMBARAS",257
"ZAKŁADY ZBOŻOWE",255
"SKIERNIEWICE RAWKA",254
"MODLIŃSKA",254
"ŻYRARDOWSKA",252
"KS. SŁOJEWSKIEGO",252
"KOCZARGI NOWE",251
"FALENTY DUŻE",251
"BRUSZEWSKA",251
"DĘBÓWKA",247
"ŁASAKA",247
"SIWEK",247
"WIESIOŁKA",246
"PŁOCK RADZIWIE",246
"SOŁECKA",246
"MAZURSKA",246
"BALETOWA",245
"RONDO CUDU NAD WISŁĄ",244
"ZABRANIECKA-BOCZNICA",244
"TOPOLOWA",243
"BOLESŁAWA ŚMIAŁEGO",241
"WARYŃSKIEGO",240
"WYPOCZYNKOWA",239
"PKP PRAGA",238
"KRUSZE",238
"GÓRKI",238
"MAJOWA",237
"KAPUTY",237
"BYDGOSKA",237
"ALEJA BZÓW",236
"Polesie",235
"PRZEMYSŁAWA II",235
"POŚREDNIA",235
"ZSO",235
"SERWITUCKA",235
"SIEDLCE ZACH.",233
"ZABRANIECKA-MAGAZYNY",232
"WÓLKA MLĄDZKA",232
"EKOLOGICZNA",232
"PAROWOZOWA",231
"ARKADYJSKA",230
"ŁOMNA-LAS",229
"BARTYKI",228
"PALMIRY",227
"POLNYCH KWIATÓW",226
"MARIEW",226
"OLCHY",225
"ŚWIERCZE",225
"ORĘŻNA",222
"STOK LACKI",222
"ŚWIDRY MAŁE",222
"CEMENTOWNIA",220
"DZIEKANÓW POLSKI CENTRUM",220
"EC ŻERAŃ",219
"ZBARASKA",219
"ANANASOWA",219
"JACHOWICZA",218
"BANDURSKIEGO",217
"LUTOSŁAWSKIEGO",217
"WIERZBIN",217
"POZNAŃSKA",216
"STUDZIENNA",216
"ŁAŹNIEWSKA",215
"ŁYCZYN",215
"PODOLSZYN",215
"ŻYMIRSKIEGO-PRZYCHODNIA",215
"MAGDALENKA",215
"DZIAŁDOWO",212
"KAMELIOWA",211
"DROGOWCÓW",211
"ANTONIEWSKA",209
"BLIZNE ŁASZCZYŃSKIEGO",209
"CH BŁĘKITNE",208
"ZAŁUBICE-SZKOŁA",208
"FELIŃSKIEGO",207
"NADZORCÓWKA",207
"Park Młociński",206
"RADIÓWEK",206
"MOSTOWA",205
"URZĄD SKARBOWY",203
"ŁOCHÓW",203
"HORTENSJI",202
"KUTNO",202
"ZIELONKI-WIEŚ",201
"CZARNÓWKA",201
"JESÓWKA",201
"STUDZIANKI NOWE",200
"POGROSZEW",199
"PONIATOWSKIEGO",198
"RADOŚĆ-WODOCIĄG",198
"LESZCZYNKA",197
"GIERDZIEJEWSKIEGO",196
"NADWIŚLAŃSKA",196
"INSTALATORÓW",195
"KĘDZIERÓWKA",194
"ZABORÓW-SZKOŁA",193
"KU SŁOŃCU",193
"NIEPORĘT",191
"GŁOSKÓW-LETNISKO",191
"MACIERZANKI",190
"CIEĆWIERZA",190
"TRENÓW-LAS",190
"GRÓDEK",190
"WIEKOWEJ SOSNY",189
"SKOLIMÓW PÓŁNOCNY",189
"MOKRY ŁUG-LEŚNICZÓWKA",188
"PRZYDROŻNA",188
"MARKOWSKIEGO",188
"KORDECKIEGO",187
"DOM RENCISTY PAN",187
"ZABORÓWEK-WIEŚ",187
"ŁOMNA-CMENTARZ",187
"NOWE SŁUPNO",187
"BORZĘCIN DUŻY-SZKOŁA",186
"RADZIWIŁŁÓW MAZ.",186
"KONIK NOWY",185
"KIEŁPIN",184
"STĘŻYCKA",184
"WETERANÓW",184
"KAWĘCZYN II",182
"BATOREGO",181
"NOWE WĄGRODNO",181
"SZLACHECKA",180
"Brukowa",180
"RYNIA",180
"ŁUCZNICZA",180
"KOSTOWIEC",178
"GLEBOWA",177
"SUCHOCIN",177
"ARONIOWA",176
"ROKOKOWA",175
"CZOSNÓW",175
"OLSZYNA ŁYCZYŃSKA",173
"BUŁAWY",173
"BORYNY",173
"WYGLĘDY",171
"DZIEKANÓW NOWY ZACHÓD",171
"PŁOCK",171
"CALOWA",170
"PIJARSKA",170
"WIECHY",170
"KULESZÓWKA",170
"RADOM PŁD.",169
"DZIEKANÓW POLSKI ZACHÓD",169
"KSIĄŻĄT MAZOWIECKICH",169
"JESIONKA",168
"WOŁODYJOWSKIEGO",167
"PARLAMENTARNA",167
"GMINNEJ RADY NARODOWEJ",167
"STAROWIEJSKA",167
"ŁOZISKA",166
"URZUT",166
"WIERUCHÓW",165
"JANÓW",165
"PKP WOŁOMIN",165
"STOCZNIOWCÓW",165
"NOWA WIEŚ",164
"SKARŻYSKO KAMIENNA",164
"ZORZY",164
"ŚWIDRY WIELKIE",163
"ZASOBNA",162
"AL. SYBIRAKÓW",162
"Pancerz",161
"PORT PILAWA",161
"METRYCZNA",160
"SPOKOJNA",160
"SZEWNICA",159
"KOCISZEWSKICH",159
"SIERPC",159
"LAWINOWA",157
"ROLNICZA",157
"KOLONIA HELENÓW",156
"SKŁODOWSKIEJ-CURIE",155
"KAZIMIERZA ODNOWICIELA",154
"NOWOTYSKA",153
"PIOTRKÓWEK MAŁY",153
"DWORCOWA",153
"KOSSAKA",153
"PIEŃKÓW-SKLEP",153
"IZABELIŃSKA",152
"MICHAŁÓW REGINÓW",150
"TOPÓR",150
"ŁADNA",148
"WICHROWA",148
"JABŁONIOWA",148
"LEOKADIA",148
"CZARNÓW",147
"Łódź Niciarniana",147
"LIMBY",147
"ATRAKCYJNA",146
"LEŚNYCH BOGINEK",145
"GOŚNIEWICE",145
"LEŚNIAKOWIZNA II",144
"GLINIANKA",144
"NOWA WOLA",144
"KAWĘCZYNEK II",143
"SZEROKA",143
"LITEWSKA",143
"MARSA-LAS",141
"SOKOŁÓW",140
"MŁODZIEŻOWA",140
"WŁADYSŁAWÓW",140
"LEŚNIAKOWIZNA",139
"WYSZKOWSKA",139
"Centrum",139
"Armii Poznań",139
"WOJCIESZYN",138
"Strzelecka",138
"ŹRÓDLANA",138
"ŁUBNA",138
"BORYSZEW",137
"PÓLKO",136
"CZĄSTKÓW MAZOWIECKI",136
"CZAJKOWSKIEGO",136
"MONIUSZKI",136
"SĘCZKOWA",134
"STOLBUD",133
"PÓŁNOCNA",132
"OKUNIN",131
"MICHALINKI",130
"KRUSZYNA",128
"BRONISŁAWA CZECHA-LAS",128
"CHOTOMOWSKA",128
"RUNÓW OSADA",128
"DWORZEC WILEŃSKI - ",128
"LESZNO-GS",127
"POZIOMKOWA",127
"PĘCLIŃSKA",127
"LOKALNA",126
"1 PRASKIEGO PUŁKU",125
"JACHTOWA",125
"KRAŚNICKA",125
"BARTOSZYCKA",125
"BRUKOWA",125
"WOLA MROKOWSKA",124
"DĄBKOWIZNA",124
"KISIELEWSKIEGO",123
"PROSTYŃ",123
"CISZYCA II",122
"WYSZKÓW",122
"ROBOTNICZA",122
"DZIEKANÓW NOWY WSCHÓD",121
"KOSZEWNICA",121
"SPICHRZOWA",120
"UWIELINY-SZKOŁA",120
"KOTLINY",120
"ELSNERÓW",118
"KOŁŁĄTAJA",118
"KWIATÓW POLNYCH",118
"BIAŁOŁĘKA-KANAŁ",118
"SZKOŁA",117
"DRACENY",117
"KILIŃSKIEGO",117
"SCHRONISKO DLA ZWIERZĄT",116
"WOLSKA",116
"BASZKÓWKA",115
"PROTAZEGO",115
"SĘKOCIN",114
"CENDROWICE",114
"BIELAWA-OSP",114
"KOMOROWSKA",113
"NAPOLEONA",113
"USC",112
"RĘCZAJSKA",112
"DZIEWULE",112
"MILENIUM",112
"KĘSZYCE",111
"LATOSZKI",110
"KSIĘCIA ZIEMOWITA",109
"STRAŻACKA",109
"GĄSOCIN",109
"SŁONECZNA",109
"BRUZDOWA-KOŚCIÓŁ",107
"ROZWADOWSKIEGO",106
"WÓLCZYŃSKA",106
"FORT RADIOWO",106
"BOROWINA I",105
"KANARKOWA",105
"ŁAZY-SZKOŁA",104
"PKP ZIELONKA",102
"OPOLSKA",102
"TEKLIN",102
"Buraków",101
"LEONÓW",101
"OKRZESZYN",100
"Szkoła",100
"PKP WOŁOMIN SŁONECZNA",100
"JODŁOWA",99
"AL. \"SOLIDARNOŚCI\"",98
"MŁYN MICHLA",98
"LIPKÓW",98
"KĘPA OKRZEWSKA-CMENTARZ",98
"OS. BATOREGO",97
"SZAMOTY",97
"GASSY-PĘTLA",97
"JARZĘBIA ŁĄKA",97
"KOMORNICA-SZKOŁA",96
"BORKOWSKA",96
"BAGNISTA",96
"DARWINA",95
"TRAKT KRÓLEWSKI",95
"CIECHANÓW PRZEMYSŁ.",95
"BIAŁOSTOCKA",94
"KUBUSIA PUCHATKA",94
"SADOWA",94
"ŻANĘCIN",94
"ZAPŁOCIE",94
"RUDKA",93
"TURKAWKI",93
"BOROWIECKA",93
"OS. JAGIELLOŃSKA",93
"FLAMENCO",93
"BRZÓZEK",93
"ARESZT ŚLEDCZY GROCHÓW",92
"ZABOROWSKA",92
"GOŁĘBIA",91
"GOK",91
"GROMADZKA",90
"CIEKSYN",90
"POD SZCZAKI",89
"WIELICKA",89
"WANILIOWA",88
"ŁOMNA ZACHÓD",88
"KĘPA OKRZEWSKA",88
"KAŁUSZYN",87
"HABDZIN II",87
"HENRYKÓW-UROCZE",87
"LUCYNÓW",86
"BACZYŃSKIEGO",86
"BIELAWA-PĘTLA",86
"WINOGRONOWA",86
"STEFANÓW",85
"KABATY-STP",84
"HŁASKI",84
"TULIPANOWA",83
"SKRZYNECKIEGO",83
"ZŁOTA",83
"ZBÓJNOGÓRSKA",83
"PRĘTOWA",83
"OSP ZŁOTOKŁOS",82
"MIKA",82
"MORAWICZA",82
"WKD OPACZ",82
"WÓLKA ZAŁĘSKA",81
"DOM KULTURY",81
"SADOWNE WĘGROWSKIE",80
"HARFOWA",80
"OW PROMENADA",79
"MALCANÓW-BOOS",79
"ZABORÓWEK-OSIEDLE",78
"ŁĄKOWA",77
"MOSTÓWKA",77
"UTRATA-URZĄD CELNY",76
"TYSIĄCLECIA",76
"RODZINNA",76
"PĘCICE-KOŚCIÓŁ",75
"PKP OŻARÓW MAZOWIECKI",75
"WAWERSKA",74
"KOSODRZEWINY",74
"KRUCZKOWSKIEGO",74
"OŚRODEK ZDROWIA",74
"SIELSKA",73
"PODRÓŻNA",73
"BENIAMINÓW",73
"CM. POŁUDNIOWY-BRAMA WSCH.",72
"GROCHOWA",72
"PRZEBIŚNIEGÓW",71
"CZEREŚNIOWA",71
"CEDROWA",71
"OPŁOTEK",70
"SOSENKOWA",69
"ROZWOJOWA",69
"MARIANKI",69
"HELENÓW",68
"CZĄSTKÓW POLSKI WSCHÓD",68
"WOLSKA II",68
"SYCZE",68
"WOJCIESZYN-GÓRKI",68
"ZGK",67
"BARTODZIEJE",67
"Rogów",67
"JAZGARZEW-SZKOŁA",66
"CZARNA",66
"MILANÓWEK",66
"CZEREMCHA",66
"OPACZ-SZKOŁA",66
"TOLAK",65
"WIEJCA I",65
"WOLA KRAKOWIAŃSKA",65
"NARCYZOWA",65
"PRZYSZŁOŚĆ",64
"STRZYŻYNA",64
"WILKOWA WIEŚ II",64
"ŚWIERK",64
"BOROWINA II",64
"PKP MICHAŁÓW-REGINÓW",64
"KONDRACKA",63
"JANOWSKIEGO",63
"MAŁA",62
"OWOCOWA",62
"WÓLKA",62
"PONIATÓW",62
"GRZYBOWSKA",62
"CZAPLINEK I",61
"ZAKAMAREK",61
"Łódź Widzew",61
"FALENCKA",60
"PASCHALISA-JAKUBOWICZA",60
"LIPIŃSKA",60
"CYGAŃSKA",60
"ŻYTKOWICE",60
"SAMSONOWSKA",59
"MARZYCIELI",59
"MIEJSKI DOM KULTURY",59
"NAD ŚWIDREM",59
"KRUBIN",58
"ŁĄCK",58
"BORKI",58
"GASSY",57
"JAŁOWCOWA",57
"STAWOWA",56
"BOLESŁAWA PRUSA",56
"OKRZEWSKA I",56
"PIUSA XI",55
"Ogrodowa",55
"ŁBISKA",55
"PRZYBOROWIE",55
"KONOPKI",55
"PKP KOBYŁKA",55
"LIPOWO",55
"CZERSK-ZAMEK",54
"Prozy",54
"POPRZECZNA",53
"DALANÓWEK",53
"FLORIANA",53
"LESZCZYNOWA",53
"CYRANECZKI",53
"ŁOMNA-SZKOŁA",53
"WILKOWA WIEŚ I",53
"ŚWIERKOWA",53
"STADIONOWA",53
"KAWĘCZYNEK I",53
"STAREGO DĘBU",52
"Lwowska",52
"PAROLE",52
"MICHALCZEW",52
"MYSŁAKÓW",52
"DZIECHCINIEC-SKLEP",51
"OS. WEDEL",51
"TATRZAŃSKA",51
"ZAUŁEK-SZKOŁA",51
"PRZEJEZDNA",50
"POLFA",50
"Koluszki",50
"Instytut Ekologii",50
"PARCELA II",50
"POPŁAWSKA",50
"JAWORÓWKA",49
"WOLSKA I",49
"PILASZKÓW",49
"MARCINKI",49
"BOROWINA III",48
"HENRYKA PROBUSA",48
"CISZYCA",48
"STARE KABATY",48
"JASIONNA ŁOWICKA",47
"SIERAKÓWEK",47
"KOZAKÓW",47
"IMBIROWA",47
"RADZYMIN",47
"ŚWIERK-SZKOŁA",47
"INTALATORÓW-KAM",46
"BEDNARY",46
"ŁBISKA-SZKOŁA",46
"PRZEMYSŁOWA",45
"Graniczka",45
"DIAMENTOWA",45
"AL. JEDNOŚCI",44
"CYNKOWA",44
"Ułanów Jazłowieckich",44
"PĘCICE-MAJĄTEK",44
"OLSZYNOWA",44
"STRZYKUŁY",44
"WARECKA",43
"BIEDRONKI",43
"BĄKÓWKA",43
"ZABIEŻKI",43
"KOLIBRA",42
"Żeromskiego",42
"BRONIEWSKIEGO",41
"PKP ZAGOŚCINIEC",41
"GRZEGORZEWO",41
"GOLFOWA",41
"PIŁSUDSKIEGO-KOŚCIÓŁ",41
"OSSÓW-KRZYŻ",41
"WARSZAWA WŁOCHY",41
"DOBIESZ II",41
"PISKÓRKA",40
"C.H. Auchan",40
"DZIECHCINIEC-KOLONIA",39
"GARBATKA",39
"WYSZYNY",39
"PATKÓW",39
"KRAKOWIANY",39
"Zbowidowska",39
"JANCZEWICE",38
"PKP NOWA IWICZNA",38
"BRZEŚCE",38
"Zachodnia",38
"NOWE BABICE",38
"22 LIPCA",38
"TRAMWAJOWA",38
"PRZYJACIÓŁ",37
"GRYCZANA",37
"Szpital Bielański",37
"Dziekanów Polski Wschód",37
"NOWINEK",37
"OSP SKRZESZEW",37
"Podleśna",37
"BIELAWA I",37
"PKP ŚRÓDBORÓW",37
"MYSZCZYN",36
"ZALESIE",36
"XXI WIEKU",36
"KUKUŁCZA",35
"HORNÓWEK",35
"WIEJCA III",35
"PARTYZANTÓW-SZKOŁA",35
"MIESZKA I",35
"ŚWIĘCICKA",35
"PIONKI",35
"OBORY-PAŁAC",35
"GIERWATY",35
"OS. BUKOWIEC",35
"ROZALIN",35
"WOLA ROWSKA",34
"KRAKUSA",34
"KACZOROWO",34
"SAPIEHY",34
"MŁAWA MIASTO",34
"GÓRNA",34
"SASANKOWA",33
"LEGIONÓW",33
"WOJCIESZYN-ARIMR",33
"ZAŁUBICE-POCZTA",33
"DZIECHCINIEC",33
"TURÓW II",32
"SOLIDARNOŚCI",32
"ŁOMNA-KOŚCIÓŁ",32
"KAWĘCZYN",31
"ZIMORODKA",31
"TRENÓW",31
"WKRA",31
"GNIEWKOWSKA",31
"ŁAWKI",31
"POGROSZEW KOLONIA",31
"SUE RYDER",31
"SĄGI",30
"ŁĘG",30
"DĄBROWA ZACHODNIA",30
"SŁOMCZYN-KOŚCIÓŁ",30
"Pieńków Wieś",30
"WITWICKIEGO",30
"MOCZYDŁÓW",30
"KALINOWA DROGA",30
"ŁĄKI",29
"PĘCHERY",29
"SKRZYNNO",29
"BYSTRZYCKA",29
"PKP DĄBKOWIZNA",29
"CZĄSTKÓW POLSKI",29
"Partyzantów",28
"WAGONOWNIA",28
"ZAGOŚCINIEC-SZKOŁA",28
"TANECZNA",27
"GOWOROWO",27
"ZADĘBIE",27
"SŁOMCZYN",27
"FRONOŁÓW",27
"ZUS",27
"Muzealna",27
"Koszałka Opałka",27
"WAWRZYNA",26
"RUNÓW OSADA II",26
"BABOSZEWO",26
"KAWĘCZYN DOLNY",26
"KOSMOWSKA II",25
"STUPSK MAZOWIECKI",25
"KAZIMIERZOWSKA",25
"BIAŁKI SIEDLECKIE",25
"PIONKI ZACHODNIE",25
"CZERNIDŁA",25
"STARA",24
"TEKLIN II",24
"Kiełpin - Cmentarz",24
"ZYGMUNTÓW",24
"KOZIEBRODY",24
"OS. KWIATOWA",24
"DOBIESZ",23
"WILANÓWKA",23
"STRZELCE KUJAWSKIE",23
"Dziekanów Nowy Zachód",23
"PARCELA I",22
"DRZEWICA",22
"ANEMONÓW",21
"KRZESIWA",21
"SŁONECZNIKÓW",21
"SZCZAKI",21
"RADOMYŚL",21
"Wędkarska",21
"CZARNY LAS",21
"OBORY",21
"KOLONIA SOBIKÓW",20
"OBÓRKI-WAŁ",20
"Łomna Las",20
"ANDRZEJA",20
"INTALATORÓW-KIS",19
"PODŁĘCZE II",19
"NARZYM",19
"ŁANOWA",19
"WRÓBLEWSKIEGO",19
"SOBIKÓW",19
"LIPOWE POLE",18
"Łomna - Cmentarz",18
"PKP JÓZEFÓW",18
"DUCZKI-SZKOŁA",18
"GARBATKA LETNISKO",17
"NOWE GRABIE I",17
"OPACZ",17
"BOLESŁAWICKA",16
"KĘPA OBORSKA I",16
"BENIAMINÓWKA",16
"ŚREDNIA",16
"SŁOWICZA",16
"SARNAKI",16
"SZYMANÓW",16
"CIĘCIWA",16
"JEDLNIA KOŚCIELNA",16
"Łomna Wschód",16
"STRUŻAŃSKA",16
"STARE GRABIE",15
"WOLA KARCZEWSKA",15
"PODŁĘCZE",15
"PĘCZKOWSKIEGO",15
"Weteranów",15
"TEOFILÓW",15
"KOSIORKI",15
"POGONOWSKIEGO",14
"WIŚLANA",14
"POD GŁOSKÓW",14
"ŻYCZYN",14
"ROKITNIA STARA",14
"WINCENTÓW I",14
"PĘCLIN",13
"ŁASKARZEW PRZYSTANEK",13
"KOSMOWSKA I",13
"SMOGORZÓW PRZYSUSKI",13
"NOWE GRABIE II",13
"LESIÓW",13
"Koss-Remo",13
"OSSÓW-SZKOŁA",13
"Majowa",13
"RYBIENKO",13
"BIAŁY ŁUG",13
"RUNOWSKA",13
"SOBOLEW",12
"SIEMIATYCZE",12
"KRYMSKA",12
"Grzybowa",12
"PAROLE-PĘTLA",12
"Czosnów",12
"Przy Agorze",12
"CENTRUM REHABILITACJI",12
"PKP KOBYŁKA-OSSÓW",12
"WOLANÓW",12
"PKP MICHALIN",11
"WÓLKA DWORSKA",11
"CHRONÓW",11
"ROBERCIN",11
"REJA",11
"HUBALA",11
"SIKORECZKI",11
"WÓLKA PĘCHERSKA",10
"PASIEKI",10
"WOLA BIERWIECKA",10
"BĄKOWIEC",10
"NOWY NURZEC",10
"Pieńków Sklep",10
"SUSK",10
"NOWE LIPINY",9
"PLATANOWA",9
"STARE GRABIE-SZKOŁA",9
"Dz. Polski Centrum",9
"ZYGMUNTOWO MAZ.",9
"Długa",9
"ZAWIDZ",9
"ZAWADZKA",9
"PRZETYCZ",8
"LININ-OSIEDLE",8
"PL. WOLNOŚCI",8
"OBÓRKI",8
"ZDOBYWCÓW KOSMOSU",8
"LNIANA",8
"KĘPA OBORSKA II",8
"PRABUTY GÓRY",8
"ROŻKI",8
"DĄBROWA ZACH. (przyjazd)",8
"OBORSKA",8
"CZAPLIN",8
"ZAŁUSKIEGO-SZKOŁA",8
"WOLA LIPIENIECKA",8
"DALEKIE",7
"Łomna Zachód",7
"MIESZAKI",7
"PŁOCK TRZEPOWO",7
"LIPINKI",7
"SASINA-LICEUM",6
"BORKI KOSY",6
"JEDLNIA LETNISKO",6
"WIEJCA II",6
"PIONIERSKA",6
"Dziekanów Polski Zachód",6
"OBRĘB",6
"KRYNKA ŁUKOWSKA",6
"CZARNEJ OLCHY",6
"PŁOŃSK",6
"JASTRZĄB",6
"PRZYSUCHA",6
"KRÓLIKA",5
"DĘBÓWKA II",5
"MODRASZKI",5
"PROBOSZCZEWICE PŁOCKIE",5
"GOSTYNIN",5
"GOZDOWO",5
"WIENIAWA",5
"OS. BELINA",5
"STARE LIPINY",5
"Dziekanów Nowy Wschód",5
"ZAWIDZ KOŚCIELNY",5
"Dzierżoniowska",5
"ANUSIN",4
"KOŃCZYCE RADOMSKIE",4
"SZUMIĄCYCH TRAW",4
"CIERPIGÓRZ",4
"Cząstków Mazowiecki",4
"Turystyczna/Kolejowa",4
"BIELINY OPOCZYŃSKIE",4
"KRZAKI CZAPLINKOWSKIE",4
"Zajezdnia \"Żoliborz\"",4
"PIECZYSKA",3
"KRZYMOSZE",3
"CZAPLINEK II",3
"AZORY",3
"SZPRUCH",3
"KROŚNICE MAZOWIECKIE",3
"GÓRECKA",3
"ROGOŻEW",3
"NADMA",3
"Cząstków Polski Wschód",3
"SZYDŁOWIEC",3
"PKP WOŁOMIN (LASKOWA)",2
"CISZYCA I",2
"SCHRONISKA DLA ZWIERZĄT",2
"MORDY MIASTO",2
"OBRĘB II",2
"NIEMOJKI",2
"OS. WALENDIA",2
"PLATERÓW",2
"CIECISZEW-OSP",2
"MORDY",2
"WOJEWÓDZKA",2
"ALEJA RÓŻ",2
"BOROWIKI",2
"GĄSAWY PLEBAŃSKIE",2
"ANTONIÓWKA",2
"WINCENTÓW II",2
"RUDA WIELKA",2
"MIEJSKI OŚRODEK KULTURY",2
"HABDZIN IV",2
"HABDZIN I",2
"WOJSKA POLSKIEGO-WIADUKT",1
"RACIBORÓW KUTNOWSKI",1
"OKRZEWSKA II",1
"Cm. Włoski",1
"Palmiry",1
"CZARNA DROGA",1
"Cząsków Polski",1
"Dziekanów Polski Centrum",1
"JESIOTROWA",1
"Podróżna",1
"ZAJEZIERZE K. DĘBLINA",1
"SOKOLA",1
"PODBÓR",1
"BORZĘCIN MAŁY",1
"BOCIANA CZARNEGO",1
"Piaskowa",1
"NURZEC",1
