"DW. CENTRALNY", 249065
"CENTRUM", 164612
"METRO M≈ÅOCINY", 140637
"METRO WILANOWSKA", 117079
"METRO POLITECHNIKA", 112886
"WARSZAWA OCHOTA", 105923
"METRO KABATY", 97816
"METRO ≈öWIƒòTOKRZYSKA", 94922
"RONDO DASZY≈ÉSKIEGO", 92901
"WARSZAWA ZACHODNIA", 86242
"KRUCZA", 76437
"PL. WILSONA", 74496
"WARSZAWA POWI≈öLE", 72801
"PL. STARYNKIEWICZA", 72537
"METRO RATUSZ ARSENA≈Å", 70189
"METRO S≈ÅU≈ªEW", 69908
"METRO POLE MOKOTOWSKIE", 67871
"DW. GDA≈ÉSKI", 63154
"RONDO \"RADOS≈ÅAWA\"", 63130
"OS. G√ìRCZEWSKA", 62031
"WIATRACZNA", 61889
"METRO MARYMONT", 60006
"RONDO ONZ", 59126
"KINO FEMINA", 59069
"METRO WIERZBNO", 58977
"OKOPOWA", 57571
"NOWODWORY", 56677
"P+R AL. KRAKOWSKA", 56637
"KOSZYKOWA", 56367
"PL. ZAWISZY", 54650
"PL. KONSTYTUCJI", 53672
"ZƒÑBKOWSKA", 53456
"METRO RAC≈ÅAWICKA", 52707
"RONDO ZES≈ÅA≈ÉC√ìW SYBERYJSKICH", 47702
"PARK PRASKI", 47657
"WARSZAWA WSCHODNIA", 43971
"DW. WILE≈ÉSKI", 42068
"METRO NATOLIN", 41167
"DW. ZACHODNI", 41075
"WARSZAWA STADION", 41064
"WAWELSKA", 39118
"PL. NARUTOWICZA", 39085
"METRO IMIELIN", 38757
"DWORKOWA", 38491
"IN≈ªYNIERSKA", 38232
"RONDO WASZYNGTONA", 38109
"KIJOWSKA", 37992
"WARSZAWA LOTNISKO CHOPINA", 37901
"DW. WSCHODNI (KIJOWSKA)", 37422
"GRZYMA≈ÅY-SOKO≈ÅOWSKIEGO", 37104
"PL. GRUNWALDZKI", 36982
"DWORZEC WILE≈ÉSKI", 36925
"WARSZAWA ≈öR√ìDMIE≈öCIE WKD", 36443
"METRO URSYN√ìW", 36245
"METRO STARE BIELANY", 36009
"NOWE BEMOWO", 35807
"CHE≈ÅMSKA", 35659
"WORONICZA", 35587
"RONDO UNII EUROPEJSKIEJ", 35253
"MUZEUM POWSTANIA WARSZAWSKIEGO", 34192
"HO≈ªA", 33688
"Dw. Centralny", 33584
"WOLA-RATUSZ", 33152
"BITWY WARSZAWSKIEJ 1920 R.", 33079
"WARSZAWA AL. JEROZOLIMSKIE", 33009
"RADIOWA", 32953
"METRO STOK≈ÅOSY", 32894
"OS. WOLSKA", 32849
"WARSZAWA ≈öR√ìDMIE≈öCIE", 32444
"SIELCE", 32342
"GOC≈ÅAW", 32150
"UNIWERSYTET", 32000
"RONDO STARZY≈ÉSKIEGO", 31828
"RAKOWIECKA", 31688
"PL. BANKOWY", 31680
"PKP KASPRZAKA", 31472
"HALA MIROWSKA", 31331
"MOST PONIATOWSKIEGO", 31201
"RZYMOWSKIEGO", 30880
"WILAN√ìW", 30778
"ELEKCYJNA", 30394
"PL. ZBAWICIELA", 30288
"LEGIONOWO PRZYSTANEK", 30234
"PL. TRZECH KRZY≈ªY", 29961
"PL. UNII LUBELSKIEJ", 29643
"STARE MIASTO", 29605
"BANACHA", 29434
"STAWKI", 29397
"KR√ìLEWSKA", 29391
"ROZBRAT", 29198
"SASKA", 29032
"MUZEUM NARODOWE", 28927
"GOC≈ÅAWEK", 28832
"AL. REYMONTA", 28827
"OCH-TEATR", 28786
"ZAMIENIECKA", 28588
"PKP RAKOWIEC", 27889
"BR√ìDNO-PODGRODZIE", 27883
"WSP√ìLNA DROGA", 27835
"KOROTY≈ÉSKIEGO", 27662
"GUS", 27633
"ZAJEZDNIA WOLA", 27453
"MIƒòDZYNARODOWA", 27453
"WARSZAWA GDA≈ÉSKA", 27389
"ORDYNACKA", 27277
"PL. NA ROZDRO≈ªU", 26826
"CZUMY", 26774
"METRO WAWRZYSZEW", 26458
"MURANOWSKA", 26418
"LOTNISKO CHOPINA-PRZYLOTY", 26155
"WROC≈ÅAWSKA", 26142
"BEMOWO-RATUSZ", 26023
"MARSZA≈ÅKOWSKA", 25862
"AL. LOTNIK√ìW", 25828
"PRZYCZ√ì≈ÅEK GROCHOWSKI", 25788
"BOKSERSKA", 25494
"PL. SZEMBEKA", 25280
"OCHOTA-RATUSZ", 25273
"HALA KOPI≈ÉSKA", 25241
"M≈ÅYN√ìW", 25165
"G√ìRALSKA", 25114
"WARSZAWA WILE≈ÉSKA", 24904
"WY≈öCIGI", 24752
"POSTƒòPU", 24707
"WARSZAWA S≈ÅU≈ªEWIEC", 24639
"SOWI≈ÉSKIEGO", 24626
"SOKO≈ÅOWSKA", 24489
"≈öMIG≈ÅOWCA", 24462
"RONDO ≈ªABA", 24365
"≈öW. BONIFACEGO", 24241
"DYWIZJONU 303", 24107
"UNIWERSYTET MEDYCZNY", 24045
"≈ªERA≈É FSO", 24016
"OTWOCK", 23994
"PO≈ÅCZY≈ÉSKA-PARKING P+R", 23979
"PIASKI", 23963
"W≈ÅO≈öCIA≈ÉSKA", 23795
"PARK KASKADA", 23676
"DICKENSA", 23305
"HALA WOLA", 23289
"PARK DRESZERA", 23246
"PARK OLSZYNA", 22904
"≈ª√ì≈ÅKIEWSKIEGO", 22747
"POLIGONOWA", 22535
"WARSZAWA RAKOWIEC", 22449
"SPACEROWA", 22303
"METRO S≈ÅODOWIEC", 22011
"WARSZAWA ≈ªWIRKI I WIGURY", 21928
"PRUSZKOWSKA", 21491
"P≈ÅOCHOCI≈ÉSKA", 21471
"JANA OLBRACHTA", 21290
"CYBERNETYKI", 21278
"SZPITAL BR√ìDNOWSKI", 21242
"BRANICKIEGO", 21115
"ZNANA", 20815
"PRAGA-P≈ÅD. -RATUSZ", 20806
"KAWƒòCZY≈ÉSKA-BAZYLIKA", 20782
"P≈ÅOCKA", 20616
"MANGALIA", 20296
"SZPITAL WOLSKI", 20228
"HYNKA", 19866
"KLEMENSIEWICZA", 19769
"CZAPELSKA", 19732
"BASENY INFLANCKA", 19693
"POWƒÑZKOWSKA", 19683
"EMILII PLATER", 19416
"KONARSKIEGO", 19391
"INSTYTUT FIZYKI", 19271
"SADY ≈ªOLIBORSKIE", 19212
"DOLINA S≈ÅU≈ªEWIECKA", 19204
"OGRODY DZIA≈ÅKOWE BEMOWO", 19191
"LEGIONOWO PIASKI", 19166
"NISKA", 19163
"NOWOWIEJSKA", 19078
"≈öWIDER", 19065
"DOBRA", 18960
"SZCZƒò≈öLIWICE", 18774
"PARK TRAUGUTTA", 18697
"MEHOFFERA", 18654
"FORT WOLA", 18591
"TORU≈ÉSKA", 18533
"AL. ZIELENIECKA", 18420
"DOLNA", 18351
"MORSKIE OKO", 18270
"SADYBA", 18267
"REDUTA WOLSKA", 18197
"AL. WITOSA", 18162
"BORA-KOMOROWSKIEGO", 18109
"MICHALIN", 18024
"PKP WKD AL. JEROZOLIMSKIE", 18020
"CM. ≈ªYDOWSKI", 17994
"ANIELEWICZA", 17982
"BE≈ÅDAN", 17907
"REMBIELI≈ÉSKA", 17876
"ZAJEZDNIA OSTROBRAMSKA", 17871
"RATUSZOWA-ZOO", 17776
"WITOLIN", 17730
"CZARNOMORSKA", 17337
"WAWRZYSZEWSKA", 17216
"Warszawa Reduta Ordona", 17143
"CH MARKI", 17141
"PARK MOCZYD≈ÅO", 17102
"ESPERANTO", 16914
"GOTARDA", 16794
"MY≈öLIBORSKA", 16714
"NOWOLIPKI", 16683
"STEGNY", 16673
"AFRYKA≈ÉSKA", 16654
"SYN√ìW PU≈ÅKU", 16537
"DƒÑBR√ìWKA WI≈öLANA", 16529
"WA≈Å GOC≈ÅAWSKI", 16522
"HOTEL BRISTOL", 16511
"TARCHOMIN", 16510
"MAJAKOWSKIEGO", 16421
"WARSZAWA CENTRALNA", 16311
"SZCZƒò≈öLIWICKA", 16206
"FOKSAL", 16103
"SULEJ√ìWEK MI≈ÅOSNA", 16079
"MIƒòDZYBORSKA", 16039
"SZOBERA", 15980
"WARSZAWA WAWER", 15962
"MURAN√ìW", 15954
"DOMANIEWSKA", 15929
"Centrum", 15899
"BARTYCKA", 15885
"ORDONA", 15847
"SASANKI", 15745
"CODZIENNA", 15720
"WARSZAWA LOTN. CHOPINA", 15719
"SZANCERA", 15713
"SZASER√ìW-SZPITAL", 15674
"RAKOWIEC", 15655
"CENTRUM NAUKI KOPERNIK", 15638
"AWF", 15614
"CONRADA", 15597
"W≈ÅOCHY-RATUSZ", 15513
"BOGUS≈ÅAWSKIEGO", 15510
"ZIELONKA", 15457
"WARSZAWA MIEDZESZYN", 15456
"SZWEDZKA", 15275
"BIA≈ÅOWIEJSKA", 15182
"URSYN√ìW P≈ÅN.", 15181
"P≈ÅOCKA-SZPITAL", 15160
"HORBACZEWSKIEGO", 15140
"POBORZA≈ÉSKA", 15134
"P≈ÅOWIECKA", 15121
"KRAKOWIAK√ìW", 15084
"DEOTYMY", 15058
"HALE BANACHA", 14896
"DWERNICKIEGO", 14870
"KENIGA", 14845
"RZESZOTARSKIEJ", 14843
"TORWAR", 14774
"GORASZEWSKA", 14695
"SGGW-REKTORAT", 14651
"W-WA WESO≈ÅA", 14614
"TOR STEGNY", 14568
"Warszawa Rak√≥w", 14568
"OS. DERBY", 14553
"IWICKA", 14406
"ZAJEZDNIA PRAGA", 14350
"WO≈ÅOMIN S≈ÅONECZNA", 14347
"MARYSIN", 14327
"KR√ìLIKARNIA", 14229
"≈öW. WINCENTEGO", 14196
"CM. WAWRZYSZEWSKI", 14161
"TARG√ìWEK-RATUSZ", 14151
"SZPITAL MSW", 14143
"KO≈ÅO", 14139
"≈ªYTNIA", 14119
"KOBY≈ÅKA-OSS√ìW", 14060
"MARYNIN", 14046
"KS. POPIE≈ÅUSZKI", 14023
"UMI≈ÉSKIEGO", 14009
"CHOTOM√ìW", 13965
"PKP S≈ÅU≈ªEWIEC", 13965
"GWIA≈πDZISTA", 13948
"KOMOR√ìW", 13897
"BATUMI", 13871
"RY≈ªOWA", 13831
"WO≈ÅOSKA", 13807
"CH TARG√ìWEK", 13797
"CM. WOLSKI", 13785
"GRODKOWSKA", 13765
"STADION NARODOWY", 13753
"PKP URSUS-NIED≈πWIADEK", 13737
"ABRAHAMA", 13714
"SKOROSZEWSKA", 13688
"CH BLUE CITY", 13612
"WARSZAWA ANIN", 13588
"P≈ÅOCHOCIN", 13583
"PL. HALLERA", 13579
"CIEP≈ÅOWNIA WOLA", 13558
"OS. POTOK", 13549
"BR√ìDNOWSKA", 13530
"KONDRATOWICZA", 13529
"CHOMICZ√ìWKA", 13503
"≈öR√ìDBOR√ìW", 13470
"POMNIK LOTNIKA", 13328
"CM. W≈ÅOSKI", 13163
"PKP URSUS", 13148
"KAZUB√ìW", 13065
"BERESTECKA", 12997
"GRENADIER√ìW", 12969
"WARSZAWA MIƒòDZYLESIE", 12904
"ASPEKT", 12885
"SZWOLE≈ªER√ìW", 12884
"PL. ZAMKOWY", 12840
"WSP√ìLNA", 12810
"ZALESIE G√ìRNE", 12778
"Metro Wilanowska", 12767
"PKP W≈ÅOCHY", 12652
"≈öWIƒòTOKRZYSKA", 12611
"≈ÅOPUSZA≈ÉSKA", 12597
"WARSZAWA RADO≈öƒÜ", 12577
"SARMACKA", 12572
"WARSZAWA GO≈ÅƒÑBKI", 12522
"ARCHIMEDESA", 12518
"POPIELA", 12383
"STARE BEMOWO", 12302
"CZ≈ÅUCHOWSKA", 12244
"ELBLƒÑSKA", 12215
"KIELECKA", 12189
"GOC≈ÅAWSKA", 12176
"WARSZAWA WESO≈ÅA", 12171
"CH PROMENADA", 12117
"MODLIN", 12107
"LEGIONOWO", 12028
"JULIANOWSKA", 11994
"DALIBORA", 11933
"KSIƒÑ≈ªƒòCA", 11868
"WR√ìBLA", 11847
"WAT", 11776
"STARA MI≈ÅOSNA", 11750
"WARSZAWA REMBERT√ìW", 11740
"NORBLIN", 11735
"MALBORSKA", 11695
"SZKOLNA", 11694
"NOVOTEL", 11647
"KULSKIEGO", 11603
"D≈ÅUGOSZA", 11580
"POWƒÑZKI-CM. WOJSKOWY", 11574
"ZƒÑBKI", 11471
"PRZY AGORZE", 11308
"WITEBSKA", 11237
"KINOWA", 11153
"WO≈ÅOMIN", 11135
"NOWY ≈öWIAT-UNIWERSYTET", 11096
"INSTYTUT NEUROLOGII", 10994
"BIBLIOTEKA NARODOWA", 10879
"≈öWIƒÑTYNIA OPATRZNO≈öCI BO≈ªEJ", 10847
"KR√ìLOWEJ MARYSIE≈ÉKI", 10842
"STRZELECKIEGO", 10741
"ADAMIECKIEGO", 10714
"WARSZAWA OKƒòCIE", 10612
"KOCJANA", 10574
"BANACHA-SZPITAL", 10543
"DZIECI WARSZAWY", 10541
"TU≈ªYCKA", 10522
"MALCZEWSKIEGO", 10512
"M≈ÅYNARSKA", 10495
"Krucza", 10493
"J√ìRSKIEGO", 10484
"≈ÅOJEWSKA", 10475
"RECHNIEWSKIEGO", 10463
"Rzymowskiego", 10434
"KLARYSEWSKA", 10430
"SOBIESKIEGO", 10367
"WARSZAWA GOC≈ÅAWEK", 10349
"LE≈ªAJSKA", 10338
"GORZYKOWSKA", 10338
"URSYN√ìW ZACH.", 10295
"MO≈ÅDAWSKA", 10281
"SMOCZA", 10263
"SOKRATESA", 10263
"ANNOPOL", 10263
"ORLICH GNIAZD", 10187
"J√ìZEF√ìW", 10184
"≈öW. HIERONIMA", 10184
"PL. POLITECHNIKI", 10174
"Warszawa Salomea", 10052
"pl. Starynkiewicza", 10052
"BLISKA", 10016
"PIASECZNO", 10006
"TOPOGRAFICZNA", 9953
"LUBELSKA", 9923
"DKS TARG√ìWEK", 9880
"POLINEZYJSKA", 9845
"STANIEWICKA", 9779
"STƒòPI≈ÉSKA", 9715
"MILENIJNA", 9672
"KƒÑTY GRODZISKIE", 9625
"≈ÅUKOWSKA", 9608
"NOWY ≈öWIAT", 9606
"OS. ARBUZOWA", 9564
"SOSNKOWSKIEGO", 9564
"PL. BERNARDY≈ÉSKI", 9530
"PL. PI≈ÅSUDSKIEGO", 9528
"NOWE W≈ÅOCHY", 9489
"KOSTRZEWSKIEGO", 9489
"OS. MAJDA≈ÉSKA", 9481
"DW. WSCHODNI (LUBELSKA)", 9434
"KU WI≈öLE", 9413
"DZIER≈ªONIOWSKA", 9403
"CH≈ÅOPICKIEGO", 9385
"M≈ÅODZIE≈ÉCZA", 9382
"KONSTRUKTORSKA", 9379
"WARSZAWA FALENICA", 9374
"OKRƒÑG≈ÅA", 9369
"GRENADY", 9363
"ZAJƒòCZA", 9336
"POPULARNA", 9329
"KIERBEDZIA", 9289
"PKP KO≈ÅO", 9104
"CZYNSZOWA", 9098
"TRUSKAWIECKA", 9092
"P+R Al. Krakowska", 9090
"WARSZAWA CHOSZCZ√ìWKA", 9076
"RACJONALIZACJI", 9063
"KO≈öCI√ì≈Å", 8996
"≈öLIWICE", 8909
"GRODZISK MAZ.", 8901
"PARAFIALNA", 8875
"CENTRUM ONKOLOGII", 8852
"≈ÅABISZY≈ÉSKA", 8819
"FABRYCZNA", 8794
"PERZY≈ÉSKIEGO", 8768
"W-WA WOLA GRZYBOWSKA", 8655
"GOLƒòDZIN√ìW", 8637
"WIEJSKA", 8632
"PUSTELNIK", 8622
"TOPIEL", 8622
"PARK SKARYSZEWSKI", 8606
"KWATERY G≈Å√ìWNEJ", 8594
"WARNE≈ÉSKA", 8579
"LUSI≈ÉSKA", 8538
"MAGISTRACKA", 8537
"DO FORTU", 8532
"HANDLOWA", 8530
"ZAJEZDNIA KLESZCZOWA", 8520
"BRACI WAG√ìW", 8514
"POWSTA≈ÉC√ìW", 8505
"PIƒòKNA", 8502
"rondo \"Rados≈Çawa\"", 8490
"WIELICKA", 8489
"OS. WILGA", 8488
"STACJA KRWIODAWSTWA", 8480
"SPISAKA", 8470
"TRAUGUTTA", 8457
"PIAST√ìW ≈öLƒÑSKICH", 8454
"PL. KRASI≈ÉSKICH", 8444
"Warszawa Ochota WKD", 8417
"Wiatraczna", 8385
"os. G√≥rczewska", 8380
"MARYMONT-POTOK", 8368
"GARWOLI≈ÉSKA", 8362
"KS POLONIA", 8353
"BIA≈ÅO≈ÅƒòKA-RATUSZ", 8345
"RAGINISA", 8338
"PKP TORU≈ÉSKA", 8281
"Kino Femina", 8144
"POLECZKI", 8138
"NOSKOWSKIEGO", 8116
"JAKTOR√ìW", 8115
"JAD≈πWING√ìW", 8114
"GEN. ZAJƒÑCZKA", 8078
"CMENTARZ", 8058
"OGI≈ÉSKIEGO", 8057
"HALIN√ìW", 8033
"Okopowa", 8029
"Warszawa Al. Jerozolimskie", 8010
"STEFANIKA", 8008
"MIKLASZEWSKIEGO", 7988
"KICKIEGO", 7988
"KOBY≈ÅKA", 7960
"SZPITAL BIELA≈ÉSKI", 7958
"EKSPRESOWA", 7914
"JESIENNYCH LI≈öCI", 7899
"SUWAK", 7890
"KRYNOLINY", 7860
"MONTE CASSINO", 7851
"Metro M≈Çociny", 7850
"Koszykowa", 7845
"KAROLKOWA", 7835
"pl. Konstytucji", 7795
"VOGLA", 7781
"BIELANY-RATUSZ", 7780
"FORT BLIZNE", 7779
"STRƒÑKOWA", 7749
"CM. BR√ìDNOWSKI", 7716
"OKULAROWA", 7713
"GRODZISK", 7668
"URZƒÑD MIASTA", 7657
"NOWOURSYNOWSKA", 7632
"PIOTRA SKARGI", 7620
"BEREZY≈ÉSKA", 7561
"pl. Zawiszy", 7551
"ZƒÖbkowska", 7509
"rondo ONZ", 7491
"KAPITULNA", 7469
"SAMOCHODOWA", 7419
"SGGW-KLINIKA", 7405
"WA≈Å MIEDZESZY≈ÉSKI", 7403
"PKP POWI≈öLE", 7362
"URSUS-RATUSZ", 7337
"MADALI≈ÉSKIEGO", 7324
"WARSZAWA P≈ÅUDY", 7323
"SULEJ√ìWEK", 7299
"REDUTOWA", 7271
"Nowodwory", 7229
"PL. INWALID√ìW", 7207
"DW. ZACHODNI (TUNELOWA)", 7168
"MEISSNERA", 7153
"KLAUDYNY", 7083
"TARNOWIECKA", 7062
"MI≈ÉSK MAZ. ANIELINA", 7060
"rondo Daszy≈Ñskiego", 6994
"ANTKA ROZPYLACZA", 6972
"Metro Politechnika", 6958
"REGULSKA", 6940
"BUDOWLANA", 6929
"ARESZT ≈öLEDCZY S≈ÅU≈ªEWIEC", 6901
"PKP OLSZYNKA GROCHOWSKA", 6882
"ARMATNIA", 6878
"BUKOWI≈ÉSKA", 6830
"SKOROSZE", 6779
"RADIOWA-WAT", 6755
"ROZ≈ÅOGI", 6747
"M≈ÅOCINY-UKSW", 6721
"O≈ªAR√ìW MAZ.", 6700
"URSYN√ìW P≈ÅD.", 6679
"ZAJEZDNIA WORONICZA", 6669
"ZAJEZDNIA ≈ªOLIBORZ", 6668
"GALLA ANONIMA", 6655
"CISZEWSKIEGO", 6641
"KONWALIOWA", 6641
"REMBERT√ìW-KOLONIA", 6625
"SIEKIERKI-SANKTUARIUM", 6623
"PIMOT", 6620
"METRO CENTRUM NAUKI KOPERNIK", 6607
"ROMASZEWSKIEGO", 6586
"FIGOWA", 6586
"DURACZA", 6582
"PL. TYSIƒÑCLECIA", 6532
"BALEYA", 6488
"SIEMIATYCKA", 6482
"RASZY≈ÉSKA", 6481
"WRONIA", 6467
"OS. LE≈öNE", 6450
"≈ªEROMSKIEGO", 6450
"LIPOWCZANA", 6417
"LAZUROWA", 6412
"KO≈ÅOWA", 6391
"Park Praski", 6387
"MENNICA", 6348
"SPARTA≈ÉSKA", 6322
"WI≈öNIOWA", 6314
"WARSZAWA PRAGA", 6284
"JASNA", 6235
"B≈ÅONIE", 6216
"WARSZAWSKA", 6200
"KOCHANOWSKIEGO", 6191
"DUNIKOWSKIEGO", 6185
"DZIKA", 6182
"≈öNIEGOCKIEJ", 6179
"RAKOWIECKA-SANKTUARIUM", 6178
"SOLEC", 6140
"CISIE", 6137
"WARSZAWA WOLA GRZYBOWSKA", 6129
"ZAKRZEWSKA", 6106
"LALKI", 6096
"Nowa Wie≈õ Warszawska", 6087
"BYTNARA", 6069
"Dworkowa", 6053
"BARTNICZA", 6025
"GEN. MACZKA", 6012
"PL. NIEMENA", 6002
"BOGATKI", 5990
"OBRAZKOWA", 5988
"MIKO≈ÅAJSKA", 5963
"DOJAZDOWA", 5958
"KANA≈Å ≈ªERA≈ÉSKI", 5953
"TARCHOMIN KO≈öCIELNY", 5933
"≈ªERA≈É WSCHODNI", 5931
"RADAROWA", 5925
"WITAN√ìW", 5918
"WKD RAK√ìW", 5874
"PKP ZACISZE-WILNO", 5867
"TRAWIASTA", 5867
"KRASICKIEGO", 5842
"Warszawa Lotnisko Chopina", 5820
"KLUB LIRA", 5816
"WARSZAWA TORU≈ÉSKA", 5815
"ZAPUSTNA", 5809
"OBRO≈ÉC√ìW TOBRUKU", 5806
"TRAKT LUBELSKI", 5793
"PKP PIASECZNO", 5792
"AL. SOLIDARNO≈öCI", 5780
"AL. 3 MAJA", 5774
"UKSW", 5771
"rondo Zes≈Ça≈Ñc√≥w Syberyjskich", 5763
"NOWY DW√ìR MAZ.", 5761
"ZARUSKIEGO", 5756
"SMOLUCHOWSKIEGO", 5745
"DƒÑBROWSKIEGO", 5739
"Dw. Wile≈Ñski", 5735
"KONDUKTORSKA", 5723
"WA≈ÅOWICKA", 5665
"TELEWIZJA POLSKA", 5663
"PODLE≈öNA-IMiGW", 5610
"KWITNƒÑCA", 5570
"TELIGI", 5566
"≈ªUROMI≈ÉSKA", 5546
"pl. Narutowicza", 5543
"O≈öRODEK WOJSKOWY", 5531
"≈ÅOWICKA", 5526
"PORAJ√ìW", 5518
"EC ≈ªERA≈É", 5458
"BOHATEREWICZA", 5448
"MI≈ÅOBƒòDZKA", 5436
"Dw. Zachodni", 5431
"GDECKA", 5423
"SZUBERTA", 5416
"Warszawa Ochota", 5407
"PRYSTORA", 5395
"MOST ≈öWIƒòTOKRZYSKI", 5377
"OS. KABATY", 5370
"LESZNO", 5364
"NOWOLIPIE", 5343
"NIK", 5342
"In≈ºynierska", 5324
"REJTANA", 5324
"NAMYS≈ÅOWSKA", 5304
"HENRYKA BRODATEGO", 5290
"MYCIELSKIEGO", 5287
"BRAZYLIJSKA", 5284
"OSIEDLE M≈ÅODYCH", 5271
"Regu≈Çy", 5219
"NIZINNA", 5215
"WYNALAZEK", 5214
"KAJKI", 5212
"ORZESZKOWEJ", 5209
"NIED≈πWIEDZIA", 5205
"ARMII KRAJOWEJ", 5183
"Metro Ratusz Arsena≈Ç", 5166
"NA≈ÅƒòCZOWSKA", 5166
"MI≈ÉSK MAZ.", 5160
"IWICZNA", 5149
"TARNINY", 5146
"BAZYLIA≈ÉSKA", 5131
"CONRADA-SZKO≈ÅA", 5129
"WARSZAWA OLSZYNKA GROCH.", 5127
"ROGALI≈ÉSKA", 5126
"Woronicza", 5124
"OS. LEWAND√ìW I", 5105
"PARK BR√ìDNOWSKI", 5101
"FALENICA", 5089
"ZAGO≈öCINIEC", 5074
"Kijowska", 5061
"≈ÅOSOSIOWA", 5057
"WIDAWSKA", 5038
"PARK POSTƒòPU", 5036
"PRZY PARKU", 5026
"PRZASNYSKA", 5021
"USTAN√ìWEK", 5020
"Dw. Wschodni (Kijowska)", 5017
"rondo Waszyngtona", 5012
"SPORTOWA", 5001
"PRZYBYSZEWSKIEGO", 4993
"Nowe Bemowo", 4988
"DZIA≈ÅKOWA", 4980
"BIA≈ÅOBRZESKA", 4970
"WARSZAWA OLSZYNKA GROCHOWSKA", 4969
"Wawelska", 4964
"TAGORE'A", 4963
"SUWALSKA", 4953
"PRATULI≈ÉSKA", 4949
"Muzeum Powstania Warszawskiego", 4945
"ORZYCKA", 4942
"ROLANDA", 4938
"KLASYK√ìW", 4937
"3 MAJA", 4926
"HARFOWA", 4925
"pl. Grunwaldzki", 4911
"INSTYTUT LOTNICTWA", 4894
"WARSZAWA URSUS P≈ÅN.", 4893
"POGODNA", 4886
"URSUS-NIED≈πWIADEK", 4877
"ZACHƒòTA", 4872
"WYBRZE≈ªE HELSKIE", 4868
"LIMANOWSKIEGO", 4860
"PL. KASZTELA≈ÉSKI", 4855
"MYSZKOWSKA", 4847
"Che≈Çmska", 4821
"MARMUROWA", 4794
"OS. ISKRA", 4778
"Grzyma≈Çy-Soko≈Çowskiego", 4775
"KO≈ÉSKI JAR", 4760
"REZEDOWA", 4759
"PKP PRUSZK√ìW", 4759
"Hala Mirowska", 4749
"≈ÅAZIENKI KR√ìLEWSKIE", 4749
"MODLIN LOTNISKO", 4749
"LEGIA-STADION", 4745
"KONWIKTORSKA", 4745
"WOJNICKA", 4716
"HERBSTA", 4713
"≈öWIDERSKA", 4705
"REMBERT√ìW-AKADEMIA", 4687
"MIƒòDZYLESIE", 4681
"MOST SIEKIERKOWSKI", 4668
"Rakowiecka", 4661
"PAROWCOWA", 4650
"RUMIANKOWA", 4617
"Ho≈ºa", 4603
"OS. NOWY MOKOT√ìW", 4599
"Wilan√≥w", 4569
"OS. DERBY VI", 4560
"TARG√ìWEK", 4559
"Sielce", 4556
"STAWY", 4555
"Wola-Ratusz", 4554
"Radiowa", 4541
"S√ìJKI", 4540
"OGRODY DZIA≈ÅKOWE KAWƒòCZYN", 4532
"O≈ö KR√ìLEWSKA", 4526
"ZIELONA", 4522
"PL. GRZYBOWSKI", 4483
"Postƒôpu", 4472
"ZIELENIECKA", 4464
"KAKOWSKIEGO", 4461
"OS. STASZICA/PƒòTLA", 4458
"SKOROCH√ìD-MAJEWSKIEGO", 4453
"HO≈ÅUBCOWA", 4449
"BART≈ÅOMIEJA", 4445
"P≈ÅASKOWICKIEJ", 4443
"≈ÅAGIEWNICKA", 4418
"Rozbrat", 4410
"PL. TEATRALNY", 4399
"Metro ≈öwiƒôtokrzyska", 4369
"JAN√ìWEK", 4348
"OKNICKA", 4345
"JEZIORKO CZERNIAKOWSKIE", 4344
"PIECHUR√ìW", 4334
"MALINOWSKIEGO", 4332
"FRANCUSKA", 4330
"ODY≈ÉCA", c≈Çaw",  ORSZTY≈ÉSKA",  ÅYTOWA",  iwersytet",  . Wolska",  . Trzech Krzy≈ºy",  ARE ≈öWIDRY",  TKOWSKIEGO",  R KOLARSKI",  ndo Starzy≈Ñskiego",  OCKA", "count" :  AB√ìW",  DZKA", "count" :  KOTOWSKA",  ZYMALIT√ìW",  ARNIECKIEGO",  BCZYN",   RIVIERA",  cha≈Çowice",  are Miasto",  rszawa Zachodnia WKD",  . Wilsona",  KOWSKIEGO",  LLERA",  RFOWA",  CZKA", "count" :  twy Warszawskiej 1920 r.",  NOPACKA",  NRYK√ìW",  orki", "count" :  . Zbawiciela",  ZYBOWA",  LƒÑT LWOWSKICH",  . Unii Lubelskiej",  ≈öLICKA",  st Poniatowskiego",  ≈ÅODNA",  EMIE≈ÉSKIEGO",  ARODƒòBY",  ZECHOWA",  P Kasprzaka",  MPATYCZNA",  WY ZJAZD",  √≥dno-Podgrodzie",  HOMOLCA",  . Bankowy",  ≈öCIELISKA",  NCIEGO",  ≈öCIUSZKI",  . WIELKOPOLSKI",  √≥lewska",  c≈Çawek",  CZ√ì≈ÅKI",  jezdnia Wola",  BLIOTEKA UNIWERSYTECKA",  MPASOWA",  LSKIE RADIO",  tro Marymont",  IEWANOWSKA",  ska", "count" :  GW-BIBLIOTEKA",  zeum Narodowe",  ÅUSZCZ",  ekcyjna",  P Rakowiec",  LA SPORTOWA BEMOWO",  SEK NA KOLE",  ƒôdzynarodowa",  ERGETYCZNA",  . Na Rozdro≈ºu",  tnisko Chopina-Przyloty",  MANIEWSKA OFFICE PARK",  p√≥lna Droga",  SZEWSKA",   POPRZECZNA",  ZEDPOLE",  h-Teatr",  IELNA",  LEWNICZA",  ISKA", "count" :  awki", "count" :  RT BEMA",  ATR KOMEDIA",  BIA≈ÅKA-SZKO≈ÅA",  JSKA POLSKIEGO",  mieniecka",  TOLIN P≈ÅN.",  RYKOLA",  P URSUS P≈ÅN.",  ANICZNA",  BUZOWA",  KSYKA≈ÉSKA",  RUMYKOWA",  mowo-Ratusz",  era≈Ñ FSO",  ST GDA≈ÉSKI",  . DERBY III",  ƒòCIOLINII",  umy", "count" :  nacha",  . Gda≈Ñski",  . Reymonta",  PNIEWSKA",  hota-Ratusz",  ÅADYS≈ÅAWA HERMANA",  ≈ÅOMI≈ÉSKA",  DNIAK√ìW",  O≈ÅNY",  ACZY", "count" :  WA IWICZNA",  P GOC≈ÅAWEK",  roty≈Ñskiego",  ASTA KO≈ÅODZIEJA",  ≈Çczy≈Ñska-parking P+R",  ≥ralska",  ORCOWA",  ÑBR√ìWKA SZLACHECKA",  dynacka",  ≈ÅEJ ≈ÅƒÑKI",  ASA ≈ÅAZIENKOWSKA",  ranowska",  kserska",  . Szembeka",  P ≈ªERA≈É",  WI≈ÉSKIEGO",  RYJE≈ÉSKICH",  WARTAK√ìW",  zycz√≥≈Çek Grochowski",  RWIDA",   POLONEZ",  mig≈Çowca",  OW≈ÅODZKA",  RKOWSKA",  SZOGRODZKA",  MIGIELSKA",  P REMBERT√ìW",  ERNICZA",  rszawa Zachodnia",  EDLCE",  rsza≈Çkowska",  RENEJSKA",  aski", "count" :  wi≈Ñskiego",  oc≈Çawska",  ZEWORYTNIK√ìW",  RWIK", "count" :  S BIELA≈ÉSKI",  TULICKA",  RSZTYNOWA-SZPITAL",  BOROWA",  Çyn√≥w",  ko≈Çowska",  . JANA PAW≈ÅA II",  RSZAWA ≈ªERA≈É",  acerowa",  S ORZE≈Å",  Ço≈õcia≈Ñska",  NDARYNKI",  . Lotnik√≥w",  ERNEROWO",  ATER√ìWEK",  ≈õcigi",  rk Dreszera",  CHNIK√ìW",  LGRADZKA",  BANIST√ìW",  . SZWEDZKI",  KOLƒÑGWY",  rszawa S≈Çu≈ºewiec",  D≈ÅA", "count" :  ndo ≈ªaba",  nka", "count" :  CZNICKIEGO",  WSINEK",  ckensa",  P MIƒòDZYLESIE",  rk Olszyna",  STRUKTORSKA",  IƒòCIA BOLES≈ÅAWA",  √≥≈Çkiewskiego",  rk Kaskada",  la Wola",  w. Bonifacego",  pital Br√≥dnowski",  NCERTOWA",  acz", "count" :  bernetyki",  ELSZOWICKA",  WINOWSKA",  JEZDNIA REDUTOWA",  RODZENIA",  la Kopi≈Ñska",  TRO STADION NARODOWY",  MINA", "count" :  TALION√ìW CH≈ÅOPSKICH",  wizjonu 303",  YCIƒòZC√ìW",  LEREGO S≈ÅAWKA",  Çochoci≈Ñska",  P ANIN",  SPICJUM ONKOLOGICZNE",  ≈ÅASKIEGO",  anickiego",  ana", "count" :  wƒÖzkowska",  SYNIER√ìW",  ≈ªAROWA",  WIN√ìW",  ≈ÅSTOJA",  ÅYN", "count" :  YLICZKOWSKA-TECHNIKUM",  . SITNIKA",  RCHA≈ÅOWSKIEGO",  DERSENA",  pital Wolski",  P RADO≈öƒÜ",  ligonowa",  AKOWSKIEGO",  gionowo Piaski",  ZINA", "count" :  DEXPO",  TOCKICH",  RZƒòBINOWA",  MBAJNIST√ìW",  RSZAWA MOKRY ≈ÅUG",  RENIAWIT√ìW",  EMCEWICZA",  ≈ÅCU≈ªY≈ÉSKIEGO",  LINOWA",  RACZA",  dyba", "count" :  RT WAWRZYSZEW",  ACZEWSKA",  CERNY",  ≈Çdan",  NA≈Å GOC≈ÅAWSKI",  ƒòCIE BUSINESS PARK",  emensiewicza",  LCOWIZNA",  LECKIEGO",  ƒòDZYBOR√ìW",  DOLSKA",  Çocka",  . GDA≈ÉSKI (RYDYGIERA)",  LIKAN√ìW",  √ìRKOWA",  iwersytet Medyczny",  AMPOLSKA",  ÅU≈ªA≈ÉSKA",  FLANCKA",  . PRAWOS≈ÅAWNY",  RCZOCHA",  apelska",  WODWORSKA",  UPNICZA",  rskie Oko",  K√ìW", "count" :  YSAKOWSKA",  stytut Fizyki",  STYTUT HEMATOLOGII",  NIE≈ªNA",  tolin",  DZI≈ÉSKIEJ-TYLICKIEJ",  uszk√≥w WKD",  ≈ÉSKA",  OZOWA",  P WKD Al. Jerozolimskie",  wowiejska",  LEWKI-MUZEUM",  CHA≈Å√ìW-REGIN√ìW",  ≈ÅOWICKA",  ngalia",  KTYKARSKA",  RODY DZIA≈ÅKOWE CZERNIAK√ìW",  aga-P≈Çd. -Ratusz",  ODECKA",  RZE≈É",  rk Traugutta",  PLECZE",  IERZGO≈ÉSKA",  . DOMANIEWSKA",  PELI", "count" :  . JANTAR",  wƒôczy≈Ñska-Bazylika",  BNA", "count" :  WAKA-JEZIORA≈ÉSKIEGO",  MITETU OBRONY ROBOTNIK√ìW",  rszawa Powi≈õle",  mbieli≈Ñska",  sanki",  . BERNARDY≈ÉSKA",  ERNIAKOWSKA",  seny Inflancka",  czƒô≈õliwice",  tuszowa-ZOO",  lina S≈Çu≈ºewiecka",  n√≥w Pu≈Çku",  OSZCZ√ìWKA",  rody Dzia≈Çkowe Bemowo",  ielewicza",  ETHOVENA",  UZYJNA",  hoffera",  IMONTOWSKA",  maniewska",  ZEBIEG",  ARBKA Z G√ìR",  nie Helenowskie",  RSAKA",  SIARZY",  STYTUT KARDIOLOGII",  . ZIELONY STAW",  . Zieleniecka",  ilii Plater",  C≈ÅAWEK WSCHODNI",  ZECIONO",  ru≈Ñska",  DSKARBI≈ÉSKA",  narskiego",  ra-Komorowskiego",   STYCZNIA",  MII \"POZNA≈É\"",  RK ZDROJOWY",  STRA", "count" :  akowiak√≥w",  RTOSZKA",  tarda",  ATA ALBERTA",  na Olbrachta",  . ≈ªydowski",  GIERA",  Iƒò≈ªYCOWA",  ASZTORNA",  òBE WIELKIE",  Öbr√≥wka Wi≈õlana",  TRONAUT√ìW",  TALIONU PLATER√ìWEK",  arnomorska",  LMO", "count" :  BRANIECKA",  jezdnia Ostrobramska",  ASECZNICA",  GASAM",  lna", "count" :  ELOWIEJSKA",  STONOSZY",  duta Wolska",  wolipki",  . Witosa",  ksal", "count" :  ROLIN",  OWCZA",   SKRAJU",  dzienna",  DZAMCZE",   LISTOPADA",  DKOWA LE≈öNA G≈Å√ìWNA",  wock", "count" :  DALI≈ÉSKIEGO-SZPITAL",  ZEWIECKIEGO",  ska", "count" :  P LEGIONOWO",  ZƒÑD GMINY",  BOCKA",  ESKA", "count" :  OMIANKI-CENTRUM",  LNO≈öCI",  rt Wola",  CKIEWICZA",  dy ≈ªoliborskie",  ryka≈Ñska",  ST GROTA-ROWECKIEGO",  rk Moczyd≈Ço",  ≈Ç Goc≈Çawski",  ≈ÅKOWSKA",  SAG 7 PANIEN",  NGUSZKI",  SIAD≈ÅO",  LECZNYCH",  YNICZNA",  MIELNA",  ≈ÅA", "count" :  dona", "count" :  R√ìD DZIA≈ÅKOWY IM. WARNE≈ÉCZYKA",  SIERPNIA",  RSZAWA DAWIDY",  ÅƒòBOCKA",  uszkowska",  NEK", "count" :  LARSKA",  MOLOGICZNA",  OTY", "count" :  ≈ªARYSKIEGO",  ƒôdzyborska",  MIECHOWSKA",  MA≈ÉSKA",  NGO", "count" :  gus≈Çawskiego",  EFANA BATOREGO",  TADELA",  ran√≥w",  ernickiego",  eszotarskiej",  jakowskiego",  ODA", "count" :  LA", "count" :  RSZAWA JEZIORKI",  ÑBR√ìWKA",  czƒô≈õliwicka",  . ORLIK",  OICKA",  ≈õliborska",  LAG", "count" :  ODAKOWSKA",  rtycka",  rszawa Rakowiec",  MI≈ÉSKIEGO",  wrzyszewska",  rchomin",  E≈ÉSKA",  le Banacha",  TR√ìDZKA",  Çowiecka",  NDO ≈ªABCZY≈ÉSKIEGO",  P S≈Çu≈ºewiec",  AT√ìW",  ≈ÅTYKA",  kowiec",  WSTA≈ÉC√ìW WARSZAWY",  ≈öCIANKOWA",  JAZDOWA",  ancera",  ZƒÑD STATYSTYCZNY",  NDO DASZY≈ÉSKIEGO - ",  DWISIN",  LNA", "count" :  ZOS√ìW",  WIƒòTOJERSKA",  icka", "count" :  ARNA STRUGA",  . Derby",  UKOWA",  BNICKA",  RKUNA",  NTRUM TARGOWE",  RMINAL CARGO",  egny", "count" :  ERTNICZA",  syn√≥w P≈Çn.",  RCELIN",  ASTOWSKA",  Çocka-Szpital",  rahama",  nrada",  ia≈∫dzista",  ET√ìW",  KLAKIEWICZA",  ZEWORSKA",  dkowa Le≈õna Zachodnia",  WIKLI≈ÉSKIEJ",  rbaczewskiego",  RCHA", "count" :  ETNIOWA",  dkowa Le≈õna Wschodnia",  ERWONYCH BERET√ìW",  ÅUCHOWSKA",  AMROWA",  RODOWA",  ARDOWSKA",  SSA", "count" :  SZOWA",  DLE≈öNA-IMIGW",  . Wawrzyszewski",  AFARZY",  RƒòBNA",  ELA≈ÉSKA",  obera",  w. Wincentego",  RAJSKA",   Marki",  SUS-SANKTUARIUM",  . WOJSKA POLSKIEGO",  O≈ÅKOSZA",  peranto",  borza≈Ñska",  ytnia",  ODLARSKA",  √≥likarnia",  ≈ÅACOWA",  ARYCH SZEREG√ìW",   Targ√≥wek",  . SKORUPKI",  aser√≥w-Szpital",  ≈ºowa",  JS≈ÅAWICKA",  ELCZARSKIEGO",  RUGA", "count" :  GW-Rektorat",  RATA", "count" :  ENNICKA",  jezdnia Praga",  SIELSKA",  rƒôbusy",  TYLKOWA",  wedzka",  A≈ÅO≈ÅƒòKA DWORSKA",  REI", "count" :  rwar", "count" :  ≈öNEJ POLANKI",  EKSANDR√ìW",  p√≥lna",  r Stegny",  ODZISK MAZ. RADO≈ÉSKA",  Çochy-Ratusz",  BA≈ÅT√ìW",  NKI MA≈ÅE",  rysin",  a≈Çowiejska",  ≈Çoska",  oroszewska",  rmacka",  NKTUARIUM",  JCIECHOWSKIEGO",  wole≈ºer√≥w",  MNIK SAPERA",  tro Wierzbno",  LEJKA PIASECZY≈ÉSKA",  omicz√≥wka",  ASOWA",  raszewska",  OKIETKA",  P Ursus-Nied≈∫wiadek",  mnik Lotnika",  otymy",  ndratowicza",  . W≈Çoski",  tumi", "count" :  c≈Çawska",  LESINEK",  chimedesa",  niga", "count" :  P FALENICA",  rszawa Stadion",   REDUTA",  RANDA ZE SPYCHOWA",  STOLA",  odkowska",  DKOWSKA",  √≥dnowska",  lborska",  rszawa Wschodnia",  PITALNA",  METY", "count" :  are Bemowo",  ACZY", "count" :  . Hallera",  MIECH√ìWEK",  IATOWA",  TMA≈ÉSKA",   Blue City",  rg√≥wek-Ratusz",  opusza≈Ñska",  CHNICKA",  NA≈Å NOWE UJ≈öCIE",  lskiego",  tro S≈Çu≈ºew",  CHA ≈ªYRARDOWSKA",  racza",  i≈Ñskiego",  CZELNIKOWSKA",  EDLISKOWA",  NDLEYA",  iƒÖ≈ºƒôca",  MORSKA",  pekt", "count" :   Promenada",  ÑBROWSZCZAK√ìW",  RZE≈ªNA",  P WAWER",  restecka",  UDOBY",  òBOWA",  piela",  RSALSKA",   SIEKIERKI",  ISONA",  BROWIECKA",  . Popie≈Çuszki",  blƒÖska",  SZTANOWA",  √ìLOWEJ BONY",  ELISZEW",  ara Mi≈Çosna",  GNOLII",  rszawa ≈ªwirki i Wigury",  P Ursus",  ZYKROTKI",  wƒÖzki-Cm. Wojskowy",  rblin",  ROKI", "count" :  . Wolski",  . PRZYMIERZA",  enadier√≥w",  P W≈Çochy",  lichy",  zub√≥w",  OZY", "count" :  LIANOWSKA-CMENTARZ",  NNICA",  SNOWA",  RCZUNKOWSKA",  LIDNA",  . Potok",  SIONOWA",  ≈Ço", "count" :  WY SƒòKOCIN",  RENSONA",  ODEZYJNA",  libora",  votel",  rynin",  pital MSW",  arysewska",  kolna",  NTARSKA",  USZCZY≈ÉSKIEGO",  ZIOROWA",  ABEGO",  DEREWSKIEGO",  rszawa Weso≈Ça",  ROWA", "count" :  ≈ÅBRZYSKA-CMENTARZ",  . Politechniki",  √ì≈ÅDZIELNIA NOMA",  RADAYA",  ≈öNA", "count" :  lianowska",  YWIECKA",  RSZAWA ZACISZE - WILNO",  bra", "count" :  rzeleckiego",  ƒòCI≈ÉSKA",  RK M≈ÅOCI≈ÉSKI",  ≈ªA WOLA",  KULAP√ìW",  ≈ÅBIEL",  lczewskiego",  stytut Neurologii",  blioteka Narodowa",  L≈ªYCKA",  OSENNA",  NA≈Å BR√ìDNOWSKI",  . Zamkowy",  ≈ºajska",  RSZAWA ZOO",  HUSZEWICZ√ìWNY",  rƒÖg≈Ça",  tel Bristol",  ≈ÅZY", "count" :  elecka",  WƒÑZKI-IV BRAMA",  skowskiego",  Çugosza",  P MOKRY ≈ÅUG",  P GRODZISK MAZOWIECKI",  CHN√ìW",  RZEGO",  . WY≈ªYNY",  . P√ì≈ÅNOCNY-BRAMA G≈Å.",  ojewska",  cjana",  rszawa ≈ör√≥dmie≈õcie",  Çynarska",  √≥lowej Marysie≈Ñki",  ODY WARSZAWSKIE",  AKT LUBELSKI-LAS",  ≈Çuchowska",  chniewskiego",  POWA", "count" :  Z≈ÅUCKA",  ASNOWOLA",  I WIEKU",  √≥bla",  nstruktorska",  ERUCHOWSKA",  NAMONOWA",  GIELSKA",  OLINOWA",  BIODOWA",  BINOWA",  bieskiego",  GALLI",  WINY", "count" :  tebska",  ÅOGI", "count" :  elicka",  ASKOWA",  RA≈ªOWA",  ELƒòGNIAREK",  syn√≥w Zach.",  amieckiego",  SKOWY BR√ìD",  . RUDA",  wiƒÖtynia Opatrzno≈õci Bo≈ºej",  ≥rskiego",  ≈ÉKI-WOJDY",  ukowska",  ODKIEWICZA",  CHACZEW",  ieci Warszawy",  ocza", "count" :  RCZƒÑCA",  NTOCKA",  DS", "count" :  Öty Grodziskie",  RIENSZTAT",  ZYDRO≈ªNA",  DLI≈ÉSKA",  ÅOBUCKA",  NCERA",  WCZYCE",  nowa", "count" :  RODY DZIA≈ÅKOWE PIASKI",  ACI ZAWADZKICH",  UKASZCZYKA",  rwoli≈Ñska",  SIENICA MAZ.",  RZƒòSNE",  MPUTEROWA",  Çodzie≈Ñcza",  P√ì≈ÅCZESNA",  ÅUGORZECZNA",  w. Hieronima",  MENHOFA",  . PRZYLESIE",  rzykowska",  belska",  . Bernardy≈Ñski",  RZELECKA",  ≈πMI≈ÉSKA",  ≈ÅAC", "count" :  DZIEI",  wsta≈Ñc√≥w",  KROWNICZA",  ƒôpi≈Ñska",  EDZIA≈ÅKOWSKIEGO",  IEKAN√ìW LE≈öNY",  ier≈ºoniowska",  ejska",  wak", "count" :  NTRUM ZDROWIA DZIECKA",  DZYMI≈ÉSKA",  atery G≈Ç√≥wnej",  aniewicka",  linezyjska",  ABINA",  ≈öCIERADOWSKA",  ÑWOZOWA",  ast√≥w ≈ölƒÖskich",  LAN√ìWEK GRUD√ìW",  strzewskiego",  ≈Çdawska",  LA GRZYBOWSKA",  OLC-ROGOZI≈ÉSKIEGO",  . Pi≈Çsudskiego",  SO≈ÅA-RATUSZ",  iska", "count" :  ƒôkna",  OGOWA",  nopol",  KAJSKIEGO",  MA≈ÉSKA-DHL",  GORZEL WARSZAWSKA",  CHA≈ÅY",  pularna",  REKCJA FSO",  ≈ºycka",  mochodowa",  YRARD√ìW",  aci Wag√≥w",  ntrum Onkologii",  WE DƒòBE WIELKIE",  S Targ√≥wek",  ASER√ìW",  RCELACYJNA",  . OLSZYNY",  . Arbuzowa",  KOSOWSKA",  cjonalizacji",  lich Gniazd",  EPURY",  DIOSTACJA ≈ÅAZY",  MIELOWSKA",  nacha-Szpital",  S≈ÅAWSKA",  ckiego",  erbedzia",  . MA≈ÅACHOWSKIEGO",  zy Agorze",  ÅOWACKIEGO",  MBERT√ìW-RATUSZ",  ÅUGA", "count" :  siennych Li≈õci",  we W≈Çochy",  lej√≥wek Mi≈Çosna",  GDA≈ÅOWA",  NUSI", "count" :  . MARYWILSKA",  jezdnia Kleszczowa",  SIELSK",  RANDA ZE SPYCHOWA-SZKO≈ÅA",  ≈õci√≥≈Ç",  DRUTOWA",  . Krasi≈Ñskich",  ENKIEWICZA",  pograficzna",   Wi≈õle",  uskawiecka",  P JEZIORKI",  enady",  ≈Çopickiego",  RODY DZIA≈ÅKOWE NA SKRAJU",  ep≈Çownia Wola",  RSZAWA URSUS",  KLAMEN√ìW",  lenijna",  piel", "count" :  . Majda≈Ñska",  RK√ìW",  NKI ORDON√ìWNY",  RA", "count" :  GOWSKA",  entarz",  ≈ÅKOWICE",  bryczna",  dle≈õna-IMiGW",  NDO GRANZOWA",  snkowskiego",  rne≈Ñska",  EBRNYCH ≈öWIERK√ìW",  ndlowa",  ANCISZKA≈ÉSKA",  DIOWO",  NIADECKICH",  ìLKA WƒòGLOWA",  ynszowa",  ERAKOWSKA",  klaszewskiego",  stelnik",  ZAPOWSKIEGO",   Fortu",  ARASKA",  . OSTREJ BRAMY",  BOSZA",  isaka",  ZELOTOWA",  P OKƒòCIE",  RMINAL AUTOKAROWY",  abiszy≈Ñska",  EKIERKOWSKA",  OWSKA",  odzisk",  RUBY", "count" :  SPIA≈ÉSKIEGO",  . Wschodni (Lubelska)",  ≈ÅUDNIOWA",  rƒÖkowa",  DARZY≈ÉSKA",  ERNA", "count" :  WER-RATUSZ",  PCI≈ÉSKIEGO",  ACH√ìWEK G√ìRNY",  Rƒò≈ªNA",  CHODNIA",  ARYSEW",  RODY DZIA≈ÅKOWE WILAN√ìWKA",  gistracka",  tro Pole Mokotowskie",  OBIARSKA",  ƒÑZANA",  DNICKIEGO",  ginisa",  GIONOWA",  LONEZA",  jƒôcza",  AWER√ìW",  rymont-Potok",  P Toru≈Ñska",  kratesa",  ≈πNICY KO≈Å≈ÅƒÑTAJOWSKIEJ",  augutta",   Polonia",  acja Krwiodawstwa",  rk Skaryszewski",  ÅU≈ªNICKA",  HROEGERA",  wy ≈öwiat",  DET√ìW",  rzy≈Ñskiego",  rezy≈Ñska",  ENNA", "count" :  dutowa",  rolkowa",  n. ZajƒÖczka",  ekierki-Sanktuarium",  AMOCIN",  i≈Ñskiego",  zƒÖd Miasta",  CASSA",  ATOWA",  D Rak√≥w",  MARYTANKA",  P WESO≈ÅA",  syn√≥w P≈Çd.",  OLE≈ÉSKA",  DYGIERA",  LEWSKA",  . Wilga",  ularowa",  FLOWA",  dowlana",  TALIONU W≈ÅOCHY",  . Br√≥dnowski",  dali≈Ñskiego",  RTKA", "count" :  NKI", "count" :  Iƒò≈ªNEJ ANNY",  P Ko≈Ço",  sus-Ratusz",  ONII", "count" :  AROSTWO",  ZY≈ªANOWSKIEGO",  a≈Ço≈Çƒôka-Ratusz",  DBIPIƒòTY",  rafialna",  . KO≈öCIUSZKI",  UKOWA",  ZEZI≈ÉSKA",  powczana",  . TysiƒÖclecia",  RƒòBUSY",  LEWELA",  GRZE P≈ÅD.",  ZEALNA",  RODOWA",  leczki",  gla", "count" :  P Powi≈õle",  ESIN", "count" :  ONKILOWA",  ELDORFA",  gulska",  chalin",  gatki",  si≈Ñska",  OMIANKI-SZKO≈ÅA",  tka Rozpylacza",  STAWCZA",  ZEGORZEWSKIEJ",  CERSKA",  NNETTA",  ÅONECZNA",  EDMIOGRODZKA",  KRYTA",  rt Blizne",  RZEI", "count" :  YSZKOWA",  FLOWA",  lƒôdzin√≥w",  . Inwalid√≥w",  DBIA≈ÅOWA",  ONOWSKA",  RAMICZNA",  . SPORTOWY",  OZY", "count" :  era≈Ñ Wschodni",  ika", "count" :  TR√ìDZKA-SZKO≈ÅA",  elany-Ratusz",  nte Cassino",  nnica",  efanika",  atnia",  szawa Wawer",  ≈Å√ìW",  DOWA",  presowa",  nowiecka",  a≈Ç ≈ªera≈Ñski",  TRUM MODY",  SZ√ìWKA",  iegockiej",  IOWO-BOCZNICA",  OCHATA",  tra Skargi",  ot", "count" :  ETANY",  bert√≥w-Kolonia",  TNE", "count" :  o≈Çajska",  udyny",  A ZNICZ",   GO≈ÅƒÑBKI",  ider",  waliowa",  ital Biela≈Ñski",  owi≈Ñska",  miatycka",   Le≈õne",  hanowskiego",  ki", "count" :  ionowo",  UREKCJI",  HA", "count" :   Zachodni (Tunelowa)",  AƒÜCOWA",  GOWA",  luchowskiego",  JANA-BOCZNICA",  KOWSKA",  ZYCKIEGO",  ASTOWSKA",  nara",  owa", "count" :  RKI", "count" :  EPI√ìRKI",  itulna",  zno", "count" :  SZAWA URSUS NIED≈πWIADEK",  ROWA",  OWSKIEGO",  OMEA",  ro Centrum Nauki Kopernik",  ewizja Polska",  oursynowska",  ITAL GROCHOWSKI",  NELIN",  iwice",  EKORNA",  noliny",  romi≈Ñska",   \"Solidarno≈õci\"",  ezdnia Woronicza",  alazek",   Niemena",  szawa Anin",  KOCIN LAS",  RODEK SZKOLENIOWY",  ÅK√ìW-LETNISKO",  OTA", "count" :  ec", "count" :  szt ≈öledczy S≈Çu≈ºewiec",  DION",  TYTUT ENERGETYKI",  k Postƒôpu",  ERALNA",  OTOK≈ÅOS",  d≈∫wiedzia",   P≈ÅUDY",  MB√ìW",  E≈öƒÜ",  KOWA",  ikowskiego",  OCI≈ÉSKIEGO",  ET√ìW-KO≈öCI√ì≈Å",  szawa Miedzeszyn",   MIEDZESZYN",  zy≈Ñska",  Y GERMAN",  KOWIECKA",  chomin Ko≈õcielny",  rosze",  ssnera",  na", "count" :  U≈ÅOWA",  urowa",  rta≈Ñska",  wiasta",   LAS",  ≈∫wing√≥w",  ILKOWSKA",  A", "count" :  Çowa",  SZCZEWSKA",  ezdnia ≈ªoliborz",  Y JAGIELLONKI",   LEGIONOWO-PRZYSTANEK",  azkowa",  szawa Wola Grzybowska",  IELLO≈ÉSKA",  IA≈ÅKA",  b Lira",  ÅODYJOWSKIEGO",  eya", "count" :   VICTORIA",  browskiego",  kt Lubelski",  Çƒôczowska",  aterewicza",  rzewska",  tytut Lotnictwa",   3 Maja",  szawska",   Olszynka Grochowska",  NASIE",  AWA", "count" :   MILAN√ìWEK",  nia", "count" :  RADY",  LANKOWA",  AROWA",  TRZYCKA",  EWSKA",  RUCHY",   M≈ÅODYCH",  CH√ìWEK P≈ÅD.",  Ç Miedzeszy≈Ñski",  la Anonima",  ryka Brodatego",  szawa Miƒôdzylesie",  WOLIN",  ≈ÉCOWA",  ÅE SIEKIERKI",  ≈Çogi",  RWI≈ÉSKA",  O BA≈ö≈É",  IECKA",   Kabaty",  szawa Gda≈Ñska",  romskiego",  iowa-WAT",  eszkowej",  IUSZY",  Çubcowa",  Çowicka",  MONCKA",  edle M≈Çodych",  szawa Olszynka Grochowska",  tnicza",  szawa Rado≈õƒá",  o≈Ñc√≥w Tobruku",  EZINY",  owiecka-Sanktuarium",   KONSTANCJA",  CZNA",  ≈Çobrzeska",  HNOWSKA",   Lewand√≥w I",   Piaseczno",  ƒòCIO≈ÅA",  CHOWA",  WARNA",  Çobƒôdzka",  õniowa",  sickiego",  aniewska Office Park",  AT", "count" :  szawa Centralna",  hƒôta",  ii Krajowej",  ys≈Çowska",  ybyszewskiego",  arowa",  ESIN-NIEPOKALAN√ìW",  ali≈Ñska",  sosiowa",  duktorska",  LE≈öNA",  ore'a",  inna",  SZICA",  anowskiego",  us-Nied≈∫wiadek",  ST√ìW",  olipie",  BI≈ÉSKIEGO",  ISK", "count" :  t ≈öwiƒôtokrzyski",  IECKA",  ODA", "count" :  Ñski Jar",  ISZE",  ≈ÅOBRZEGI",  ustna",  TOWA",  STARA PAPIERNIA",  k Br√≥dnowski",  zka", "count" :  szawa Choszcz√≥wka",  ro Wawrzyszew",  patyczna",  B≈ÅƒòKITNE",  odna",  rtowa",  LZIA≈ÉSKA",  . Maczka",  ITA", "count" :  ylia≈Ñska",  U≈ÅKOWA",  TALATOR√ìW-KAM",  HTY≈ÉSKA",  tnƒÖca",  ≈Ñca",  zef√≥w",  asnyska",  Y PODOLSZYN",  murowa",  ki", "count" :   PONIATOWSKIEGO",  DZISZCZE MAZ.",  zkowska",  HNIK",  ZY", "count" :  IBORSKA",  TYTUT EKOLOGII PAN",  CHAN√ìW",  CHTOWA",  ZYG≈ÅOWSKA",  ÅUSZEWSKA",  ôdzylesie",  CZASZY≈ÉSKIEGO",   Derby VI",  NICZA",   Nowy Mokot√≥w",  TA≈ªOWA",  ATKOWA",  ÉSKA",  edowa",  IOT-CURIE",  RUCKA",  MA≈ÉSKIEGO",  A LE≈öNE",  DIANA",  berta",   Grzybowski",  DKARSKA",  OWACKIEGO",  czna",  Stycznia",  öCIUSZKI-SZKO≈ÅA",  uskiego",  t Siekierkowski",  tana",  nicka",  ÅEGO RYCERZA",  TUSZK√ìW",  b√≥w",  HICKA",  OSOWA",  zewskiego",  g√≥wek",  IARSKA-KANA≈Å",  fowa",  ia-Stadion",  owskiego",  LANA",  wicka",  OM", "count" :  AGOGICZNA",  ORSKIEGO",   Zacisze-Wilno",  ò≈ªEL",  SZK√ìW",  ERNETOWA",  RAKOWSKIEGO",  aja", "count" :  AM", "count" :  ZTY GDA≈ÉSKIEJ",  IE≈ÉSKA",  ielskiego",  ia≈Çka-Szko≈Ça",  RZBOWA",  SA LUBELSKA",  azdowa",  iankowa",  bert√≥w-Akademia",  OPEJSKA",  toszka",  IARSKA",  bsta",  PIELOWA",  inowskiego",  BROWA",  zienki Kr√≥lewskie",  ENTY NOWE",  HACZEWSKA",  CHODNIKOWA",  SZY", "count" :  LICZKI",  dzisk Maz. Piaskowa",   PATIO",  ymalit√≥w",  tuli≈Ñska",  zylijska",  NA LEGIONOWO",  TEZJUSZA",  ze≈Ñ",  stora",  Riviera",  √ìWKOWA",  ÅK√ìW-WIE≈ö",  INIKA≈ÉSKA",  dzisk Maz. Jordanowice",  askowickiej",  lona",  O≈ÅOWSKIEGO",  szawa Goc≈Çawek",  kowskiego",  YLE≈öNA",  iderska",  wy", "count" :  Çodna",  OJOWA",  rodek Wojskowy",  a≈Çkowa",   Pruszk√≥w",  N√ìW",  cka", "count" :  syk√≥w",  sa ≈Åazienkowska",  ciego",  giewnicka",  zka", "count" :  ≈ªera≈Ñ",  anda",  ZMARSKIEGO",   Staszica/Pƒôtla",  jki", "count" :  CKA", "count" :  YSZEWSKA",   Kolarski",  ARSKA",  ncuska",  owcowa",  √≥zki",   PIASKI",  chur√≥w",  z√≥≈Çki",  ryk√≥w",  re ≈öwidry",  alska",  RADY",  õciuszki",  STA", "count" :  fowa",  wiktorska",  ICZ√ìW",  B√ìW N. PILICƒÑ",  ynier√≥w",  BINA",  ÅYCH DƒòB√ìW",  NISZE",  igi", "count" :  ewnicza",  enica",  rada-Szko≈Ça",  ro Rac≈Çawicka",  TRUM OLIMPIJSKIE",  rnieckiego",   Wielkopolski",  ÅADKOWSKIEGO",  awska",   SZULCZYKA",  OS≈ÅAWSKA",  otowska",   BUKOWY DWOREK",  Poprzeczna",  õlicka",   Kr√≥lewska",  ska Polskiego",  ody Dzia≈Çkowe Kawƒôczyn",  UST√ìWKA",  edpole",  ska", "count" :   Iskra",  IAN√ìW",  RZE≈ªE SZCZECI≈ÉSKIE",  zewska",  lera",  YWILSKA-LAS",  CZA", "count" :  OWNIA",  ÑGOWSKA",  ƒÖt Lwowskich",   Kasztela≈Ñski",  E≈ÅƒòCZY",  R√ìWEK WƒòGROWSKI",  a Sportowa Bemowo",  IJNIK√ìW",  W-Biblioteka",  RK√ìW",  TKOWSKIEGO",  RWONA DROGA",  lszowicka",  G√ìRNA",  ZELEWSKIEGO",  LONKI-WIE≈ö",  WINA",  br√≥wka Szlachecka",  SZKA Z BOGDA≈ÉCA",  y Parku",  roch√≥d-Majewskiego",  ≈Çny",  ERANKOWA",  rze≈ºe Helskie",  ARYNKI",  K√ìW-MUZEUM",  ESTYN√ìW",  omolca",  SZAK√ìW",  icka",  niewska",  znickiego",  OWA-DOM OPIEKI",  cha≈Çowskiego",  KOWICKA",  RNICKA",  ≈ªMOWSKA",  RA WIE≈ö",  syka≈Ñska",  RODEK LOK",  FAN√ìWKA",  LIM√ìW",  iorko Czerniakowskie",  Çomi≈Ñska",  olƒÖgwy",  FABET",  niny",  cka", "count" :  LOWSKA",  t Bema",  RY SƒòKOCIN",  õcieliska",  T NIEPORƒòT",   Derby III",  IELSKA",  pasowa",  mie≈Ñskiego",  KA Z OLE≈öNICY",  RZY≈ÉSKA",   BRWIN√ìW",  owskiego",  Çcu≈ºy≈Ñskiego",  orowa",  RA KALWARIA",  niak√≥w",  KOLADOWA",  ewanowska",  skie Radio",  A-PNEFAL",  ZNOWOLA-POLE",  ARSKA",  ELLANA",  rszty≈Ñska",  ZYNOWA",  ƒòCIA ZIEMOWITA",  szawa Praga",  ERNIEWICE",  raniecka",   ≈ªera≈Ñ",  Y", "count" :  ÉKOWSKA",  √ìWNA",  alionu Plater√≥wek",  w≈Çodzka",   LEWAND√ìW II",  MYKA",  A≈ÉCZYKA",  ytowa",  ôcie Business Park",  ZNE JASI≈ÉSKIEGO",  eworytnik√≥w",  szczy≈Ñskiego",  DAN", "count" :  EDLE",  y Zjazd",  ôciolinii",  NTOWA",  RƒòTOWA",  ro Imielin",  RODEK CORA",  szawa Rembert√≥w",  IOTROWA",  YLARSKA",  EZDNIA STALOWA",  yn", "count" :  Y", "count" :  kowska",  ODZIE",  ZTOWA",  HALTERYJNA",  hnik√≥w",  ONIA WARSZAWSKA",  W-Klinika",   Szwedzki",  dzisk Maz. Okrƒô≈ºna",  rnicza",  Å", "count" :  rgetyczna",  igielska",  ZKIEWICZA",  ≈ÅEK",   Ursus P≈Çn.",  IKOWSKIEGO",  tr Komedia",  ulicka",  √ìW", "count" :   Goc≈Çawek",  √≥d Dzia≈Çkowy im. Warne≈Ñczyka",  rnerowo",  LOWA",  t Gda≈Ñski",  KANOWSKA",  ek na Kole",  szawa Falenica",  INOWA DROGA",  ASZEW",  t≈Çomieja",  ARSKA",  DLCE WSCHODNIE",  ikan√≥w",  USZEWSKA",  ASZOWSKA",  uzowa",  lioteka Uniwersytecka",  √ìW", "count" :  A ANICETA",   Teatralny",  leniecka",  umykowa",  sta Ko≈Çodzieja",  ALIONU MIOT≈ÅA",  ºarowa",   Orze≈Ç",  SOCI≈ÉSKA",  ata", "count" :  LONKA BANKOWA",  HY LAS",  aj√≥w",   Jana Paw≈Ça II",  sinek",  YWICKIEGO",  i≈Ñskiego",  ≥rkowa",  czy", "count" :  √≥w", "count" :  erny",  olin P≈Çn.",  ie≈ºna",  zƒôbinowa",  ICHOWSKA",  ockich",  MICZNA",  cowizna",  ykola",  CZAKA",  AIKOWA",  UPNO",  PRASKIEGO PU≈ÅKU",  Polonez",  OTEJ JESIENI",  mcewicza",   Gda≈Ñski (Rydygiera)",  pnicza",  wik", "count" :  KWI", "count" :  OWICKA",  niczna",  elna",   OFIAR WOJNY",   POWSTA≈ÉC√ìW WARSZAWY",  do ≈ªabczy≈Ñskiego",  EDPE≈ÅSKIEGO",  ENTY DU≈ªE",  GIEWICZA",  rodƒôby",  yje≈Ñskich",  öCISKA",  iarzy",  picjum Onkologiczne",  ybowa",  ro Stare Bielany",  YKOWA",  eniawit√≥w",  echowa",  EJOWA",  RA WIE≈ö",  ≈ÅOBY",   Anin",  Çej ≈ÅƒÖki",  ƒÜWIERZA",  ≥d≈∫ Fabryczna",  LINOWA",  ODY DZIA≈ÅKOWE PALUCH",  erzgo≈Ñska",  ≈Ça", "count" :  ZCZY≈ÉSKIEGO",  ro Stadion Narodowy",  EDLE MIRK√ìW",  alion√≥w Ch≈Çopskich",   Rembert√≥w",  wida",  ZA≈ÅKA OPA≈ÅKA",  RASZKA",  opacka",  gradzka",  imier√≥wka",  MME", "count" :  sztynowa-Szpital",  ciƒôzc√≥w",  RNA", "count" :  DRAMA Z MASZKOWIC",  CHORZEW",  anist√≥w",  enejska",  ZKINA",  ro Natolin",   Rado≈õƒá",  NETOWA",  . KUTRZEBY",  adys≈Çawa Hermana",  BATERYJCE",  CYZOWA",  certowa",  IE", "count" :  RY", "count" :  odworska",  OSK√ìW-SZKO≈ÅA",  darynki",  odzenia",  inowa",  RZY≈ÉSKIEGO",  ZECZKOWA",   Zielony Staw",  ECZNA",  P≈ÅOWNIA KAWƒòCZYN",  t Wawrzyszew",  u≈ºa≈Ñska",  eckiego",  rcowa",  TOWA",  truktorska",  ≈ÅUDOWSKA",  LISZEW-PLA≈ªA",  II", "count" :  liczkowska-Technikum",  ITAL ONKOLOGICZNY",   HALIN√ìW",  rniakowska",   Miƒôdzylesie",  OWIECKA",  ≈Çawek Wschodni",  ii \"Pozna≈Ñ\"",  rbka z G√≥r",  ha≈Ç√≥w-Regin√≥w",  bajnist√≥w",  ASEK",  BINOWA",  DAN-STACJA PALIW",  CZYCIELSKA",  ociny-UKSW",  Ça", "count" :  eli", "count" :   Prawos≈Çawny",  zi≈Ñskiej-Tylickiej",  rtnicza",  Skraju",  ÅODNIA",  inowska",  IROWA",  na", "count" :  kowskiego",  skarbi≈Ñska",  PINA",  LONKI",  no≈õci",  zowa",  Çaskiego",  LOWA",  trum Targowe",   Biela≈Ñski",  bowa",  IORKI P≈ÅN.",  Çkowska",  expo",   PRAGA",  RCZANA",  ersena",  JANA-SƒÑDY",  UMBA",  DY", "count" :  ielna",  saka",  CH√ìWEK WSCH.",  ≈ÅOWA",  zyjna",  TONU TORPEDY",  ezdnia Redutowa",  czocha",  ƒô≈ºycowa",  ZƒòCIN DU≈ªY-WIE≈ö",  ENCKA",  ≈ÅGIST√ìW",  327
"Goc≈Çaw",   tytut Kardiologii",  decka",  öCIELNA",  zogrodzka",  LIGOWSKA-WIADUKT",   PI≈ÅSUDSKIEGO",  wcza",  ZY≈ÉSKIEGO",  ej√≥wek",  uchowska",  OSK√ìW-LETNISKO",  SEK", "count" :  Çacowa",  erego S≈Çawka",  tykarska",  ELNICOWA",   CZARTORYSKIEJ",  LA-MORYSIN",  BROWA-UKSW",  Listopada",   Sitnika",  ZNOWOLA",  lancka",  KOWA-CMENTARZ",  acza",  iad≈Ço",  sakowska",  öCICKIEGO",  iera",  ocka",  czewska",  LKIEGO DƒòBU",  AS√ìW",  browszczak√≥w",  RODEK AZS",  asam",  KUS√ìW",  TOSZYCKA",  ina", "count" :  ody Dzia≈Çkowe Czerniak√≥w",  CZYNEK",  tra", "count" :  ICA", "count" :  IDY", "count" :  go", "count" :   Domaniewska",  Ñska",  NICZKA",  BO≈ÉSKIEGO",  ≈ÅNIERSKA",  K√ìW-SZKO≈ÅA",  OLEONA BONAPARTE",  ICOOP",  AN√ìWEK",  ALA-DOBRZA≈ÉSKIEGO",  ODRZEWINY",  artak√≥w",  lowiejska",  LICE",  ITAL POWIATOWY",  kiewicza",  ≈Ço≈Çƒôka Dworska",  MENCO",  r√≥dzka",  sztorna",  ZARGI NOWE",  mianki-Centrum",  A TALUBSKA",  olska",  ajska",  ologiczna",  a≈Ñska",  ierpnia",  ≈öNICKA",   Legionowo",  ƒÖd Statystyczny",  RIANA",  br√≥wka",  da", "count" :  kuna",  azdowa",  BIARSKA",  t√≥w",   LEGIONOWO PIASKI",  BELSZCZYZNA",  TYZANT√ìW",  IERCZE",  ENT", "count" :  minal Cargo",  icka",  sowa",  NTY", "count" :  MBITY",  MATYCZNA",  ewieckiego",  UDYN",  ERAN√ìW",  ODROM",  szawa ≈ªera≈Ñ",  ciechowskiego",  ali≈Ñskiego-Szpital",  TKA", "count" :  ykrotki",  OZOWA",  ÅASZEWSKA",  INOWA",  ina", "count" :  CH√ìW",  OSK√ìW-ZIELONE",  ES≈ÅAWA ≈öMIA≈ÅEGO",  dezyjna",  õciankowa",  K MIEJSKI",  rych Szereg√≥w",  EKAN√ìW POLSKI CENTRUM",  JAZD OBORSKI",  OSNA",  i≈Ñskiego",  OTOPSKA",  ODNICZA",  wisin",  tytut Hematologii",  ≈ªYCKA",  mpolska",  tonoszy",  öNIOWA G√ìRA",  UNA", "count" :  adela",  ska", "count" :  SIN-PARK KULTURY",  RZEC WILE≈ÉSKI - ",  ro Kabaty",  ta Alberta",  HY", "count" :  ASOWA",  ro Stok≈Çosy",   Bernardy≈Ñska",  aka-Jeziora≈Ñskiego",  PA ZAWADOWSKA",  USOWA",  ronaut√≥w",  a≈Ç Goc≈Çawski",  OTKI",  ET√ìW-SZKO≈ÅA",  kowa",  sa", "count" :  ikli≈Ñskiej",  Y≈ÉSKIEGO",  ≈ÅPIN-CMENTARZ",  E", "count" :  a≈Çt√≥w",  EDLOWA",   Jantar",  ecznych",  OWICE",  olin",   Orlik",  OWOZOWA",  ADYJSKA",  IENIE",  ≥≈Çdzielnia Noma",  SZEWSKA",  zowa",  ELOWA",   P√ì≈ÅNOCNY-BRAMA P≈ÅD.",  ag 7 Panien",  ebieg",  OCH√ìW",  ERNIEWICE RAWKA",  ZCZYD√ì≈Å",  E S≈ÅUPNO",  obucka",  Çstoja",  kietka",  EKAN√ìW POLSKI WSCH√ìD",  U≈É", "count" :  ODOWA",  ETOWA",   Wojska Polskiego",  lecze",  guszki",   NIEPODLEG≈ÅO≈öCI",  a≈Ç Nowe Uj≈õcie",  eworska",  eciono",  HTY≈ÉSKA-KANA≈Å",  KROTKI",   SYBIRAK√ìW",  BAL√ìWKI",  elotowa",  nicka",  na", "count" :  szcz√≥wka",  ISZEWSKA",  idna",  ydro≈ºna",  Çtyka",  ielska",  niczna",  TNƒÑCEJ AKACJI",  ki Ma≈Çe",  s≈Çawicka",  iechowska",  E ZA≈ÅUBICE",  A MROKOWSKA",  ety", "count" :  atowa",  OCZA",  t Grota-Roweckiego",  bego",  ztanowa",  ≈Ñska",  HA", "count" :  ensona",  iƒôtojerska",  adaya",  odowa",  NOWE",   JAGIELLO≈ÉSKA",  mrowa",  italna",  uszewicz√≥wny",  k Zdrojowy",  nik Sapera",  IATOWSKIEGO",  IN", "count" :  ylkowa",  ºaryskiego",  OKOWA",  la≈Ñska",  rdowska",  sta≈Ñc√≥w Warszawy",  ser√≥w",  ody Dzia≈Çkowe Na Skraju",  ewki-Muzeum",  szawa P≈Çudy",  OWSKIEGO",  ≈Çkosza",  JSKI DOM KULTURY",  TALATOR√ìW",  K√ìW",  ƒÖd Gminy",  fana Batorego",  Y", "count" :  orska",   ARTYST√ìW",  ƒôbocka",  senna",  ZMA Z ZAKROCZYMIA",  LKA KOSOWSKA",  tarska",  ek", "count" :  stowska",  ycka",  montowska",  OCIƒÑG P≈ÅN.",  ODY DZIA≈ÅKOWE BUDOWLANI II",  dliskowa",  WICZ G≈Å√ìWNY",  dakowska",  õnej Polanki",  ty", "count" :  trum Zdrowia Dziecka",  us-Sanktuarium",  ÅKINIA",  ZƒòCIN DU≈ªY",  lakiewicza",  rna Struga",  ORZƒÑDOWA",  A≈ªACKA",   BATOREGO",  linowa",  ADOWA",  arska",  URSKA",  OCZYNKOWA",  KOWY",  NIS≈ÅAW√ìW",  liszew",  hnicka",  ianowska-Cmentarz",  ZEWNICA STARA",  kowska",  DALENKA",   Wawer",  SINEK",  Reduta",  ejka Piaseczy≈Ñska",  t√≥w",   Przymierza",  anda ze Spychowa",  celin",  ktuarium",  puterowa",  nnicka",   BOGUCKIEGO",  RZCHOWSKIEGO",  dleya",  ENTOWNIA",  RA", "count" :  DY-SZKO≈ÅA",  a≈ºowa",  ARSKA",  ROSTWO POWIATOWE",  CERA",  T RADIOWO",  tocka",  Siekierki",  doby",  a≈Ç Br√≥dnowski",   NIEPORƒòT",   Przylesie",  ECZNA",  tniowa",  ATA-URZƒÑD CELNY",  dkiewicza",  ÅƒòCZYN",  esinek",   Okƒôcie",  alli",  lczarskiego",  INKA",  LASU",  kaszczyka",  farzy",  ielska",  EJEZDNA",  ARAS",  esie",  zelnikowska",  sona",  ROWIEC",  ìTKA",   Falenica",  ZK√ìW",  do Granzowa",   Wieku",  owa", "count" :  ISADOWA",  RZA≈ÅA",  DRACKA",  DKA", "count" :  NYCH KWIAT√ìW",  zamcze",  CH√ìW",  NA≈ÉSKA",  LNA", "count" :  KIEJ R√ì≈ªY",  Y", "count" :  nica",  ZNA", "count" :  ÅOTCZYZNA",  uga", "count" :  PINOS",  wiecka",  Ñki-Wojdy",  ELIOWA",  ro Ursyn√≥w",  õcieradowska",  ƒôbna",   Skorupki",  ADY", "count" :  ANECZKI",  cha", "count" :  ma≈Ñska",  ER√ìW",  WNICA",  √ìD BOTANICZNY",  √ìRZA≈ÉSKA",  rwonych Beret√≥w",  ≈ÉK√ìW-WIE≈ö",  o≈Ça-Ratusz",  nolii",  iny", "count" :  ≈ºycka",  CZA G√ìRA",  ìJNA G√ìRA",  nowa",  ÑKOWA",  õna", "count" :  k M≈Çoci≈Ñski",  ≥lowej Bony",  IEC", "count" :   DAWIDY",  NIA", "count" :  ody Dzia≈Çkowe Wilan√≥wka",  y Sƒôkocin",  SKA", "count" :  GOSKA",  ≈öWIESKA",  √≥≈Çczesna",  snowola",  zelecka",  AJA", "count" :  YJAZNA",  salska",  zy", "count" :  ody Dzia≈Çkowe Piaski",  ksandr√≥w",  EZDNIA URSUS P≈ÅN.",  Z", "count" :  WITUCKA",  BSKA DROGA",   Ma≈Çachowskiego",  rna", "count" :  amonowa",  REMCHOWA",  RKI", "count" :  ei", "count" :  SIO≈ÅKA",  a Grzybowska",  JA BZ√ìW",   P√ì≈ÅNOCNY-BRAMA P≈ÅN.",  KTA", "count" :  lƒôgniarek",  TOMOWSKA",  erewskiego",  ôci≈Ñska",  YCHA",   P√≥≈Çnocny-Brama G≈Ç.",  LNICOWA",  NA", "count" :  . ROI",  czunkowska",  kowiecka",  SZAWA W≈ÅOCHY",  ielowska",  zego",  ekcja FSO",  PINOSKA",  MONTA",  K√ìW",  OS≈ÅAWSKIEGO",  a", "count" :  nna", "count" :  IONKA",  ulap√≥w",  skowa",  oneza",  wozowa",  CZY≈ÉSKA",  MANOWSKIEGO",  ruchowska",  Çzy", "count" :  dlarska",  kowy Br√≥d",  a≈Ñska-DHL",  RYKA POMP",  ZE≈ÉC√ìW",  hnik",  IOCHA",   ZALESIE G√ìRNE",   Marywilska",  RONIA",  ALDIEGO",  raska",  kierkowska",  ALOWYCH DƒòB√ìW",  KOWSKA",  SONOWSKA",  kt Lubelski-Las",  biarska",  DZIANKI NOWE",  ESIE DOLNE",  TALATOR√ìW-KIS",  czy", "count" :  KOWO DWORSKIE",  ANTYCZNA",   DUDZIARSKA",  TRZƒòBIEC",  E≈öNA",  brnych ≈öwierk√≥w",  inowa",  Çbrzyska-Cmentarz",  KOWI≈ÉSKA",  ìDEK",   Wy≈ºyny",  ADYS≈ÅAW√ìW",  ROKA",  OLITOWSKA",  mocin",   \"SOLIDARNO≈öCI\"",  iowo",  rutowa",  enhofa",  AKCYJNA",  ki Ordon√≥wny",  EBUDZENIA WIOSNY",  ≈ÅO≈ÅƒòKA-KANA≈Å",  CER", "count" :  owa", "count" :  ki", "count" :  iorowa",  öREDNIA",  ha≈Çy",  zelewskiego",  LƒòDY",  lowa",   Mokry ≈Åug",  bia≈Çowa",  ajskiego",  RARDOWSKA",  CHRZOWA",  arzy≈Ñska",  OR√ìW-SZKO≈ÅA",  ENIUM",   Ko≈õciuszki",  li≈Ñska",  szkowa",  ƒÑD SKARBOWY",  W√ìLKA KOSOWSKA",  Çac", "count" :   Ruda",  MIRSKIEGO-PRZYCHODNIA",  y≈ºanowskiego",  owska",  OWO", "count" :  JEKTOWANA",  ", "count" :  ZAJ", "count" :  nkiewicza",  rowiecka",  AST√ìW",  wer√≥w",  rakowska",  ÅOBRZESKA",  ugorzeczna",  OREGO",  cera",  NIOWA",  RO≈ÅƒòKA",  osza",  ONIA HELEN√ìW",  Özana",  TENSJI",   Jeziorki",  NIAWSKIEGO",   GRAPA",  ≈ÅPIN",  Çowicka",  hn√≥w",  RAK√ìW",  NICZA",  u≈ºnicka",  OGRONOWA",  urekcji",  ziei",  gowa",  KA", "count" :  uga", "count" :  ì≈ÅDZIELNIA",  iadeckich",  tola",  ÅAWY",   RYNIA",  RYKA PROBUSA",  er-Ratusz",  celacyjna",  szawa Toru≈Ñska",  US", "count" :  kowa",  NASOWA",  dzia≈Çkowskiego",  RZBIN",  HOWIECKA",  RN√ìWKA",  RALNA",  ROROGA",  ≈ÅADY ZBO≈ªOWE",  A", "count" :  CENY",  odowa",  WNICKA",  k√≥w",  rki", "count" :  ionowa",  BY", "count" :  FIT√ìW",  HOBYCKA",  nciszka≈Ñska",   Grodzisk Mazowiecki",  UCH", "count" :  K√ìW",  OLSZYN",   Weso≈Ça",  IƒÑCLECIA",  TAZEGO",  IEW", "count" :  da≈Çowa",  ekan√≥w Le≈õny",  bert√≥w-Ratusz",  sz√≥wka",  amiczna",  pury",  uby", "count" :  ≈Çawska",  nkilowa",  czyce",  ci Zawadzkich",  a", "count" :  CZAJSKA",  ƒô≈ºnej Anny",  wska",  ISZEWSKICH",  ∫mi≈Ñska",  aƒácowa",  ≈Çucka",  owackiego",  KADIA",  ionowa",  minal Autokarowy",  √ìW", "count" :  lamen√≥w",  towa",  le≈Ñska",  iensztat",  ilkowska",  ZKOWSKA",  DURSKIEGO",  OWA", "count" :   Miedzeszyn",  raskiego Pu≈Çku",  tawcza",  roegera",  bipiƒôty",  apowskiego",  et√≥w",  ZELNICZA",  ∫nicy Ko≈Ç≈ÇƒÖtajowskiej",  oneczna",  SKA", "count" :  AWA", "count" :  SAKA",  iodowa",  rownicza",  usi", "count" :  jana-Bocznica",   MALINOWSKIEGO",  CZNICZA",  rostwo",  gowa",  netta",  anda ze Spychowa-szko≈Ça",  RANIECKA-MAGAZYNY",  JKOWSKIEGO",  INA", "count" :  IESZYN",  kowa",  ƒÖzki-IV Brama",  ÅECKA",  DZIENNA",  ò≈ªNA",  OWA", "count" :  lowa",  arytanka",  ELIN",  ƒô≈ºna",  ezi≈Ñska",  osowska",  rowa",  ewska",  ZEWNICA",  TYTUT REUMATOLOGII",  IMIERZA ODNOWICIELA",  ODZIE≈ªOWA",  OWA", "count" :  sin", "count" :  LAMENTARNA",  ZƒòCIN DU≈ªY-SZKO≈ÅA",  ENICZNA",  I√ìWEK",  epi√≥rki",   Ostrej Bramy",  dmiogrodzka",  y Jagiellonki",  zymi≈Ñska",  lankowa",  TRK√ìWEK MA≈ÅY",   Konstancja",  assa",  rysew",  öNIEWICE",  SZYCE",  DO KS. J. POPIE≈ÅUSZKI",  r√≥dzka-Szko≈Ça",  iot-Curie",  Çudniowa",  bina",  LANY",  iowo-Bocznica",  tuszk√≥w",  KOWA",  NTARZ 1920 R.",  RDZIEJEWSKIEGO",  KA", "count" :  ZARGI STARE",  mianki-Szko≈Ça",  erska",  ldorfa",  ci≈Ñskiego",  et√≥w-Ko≈õci√≥≈Ç",  O≈öƒÜ-WODOCIƒÑG",  rodek Szkoleniowy",  rwi≈Ñska",  ≈ÅONIOWA",  ygiera",   Milan√≥wek",   Sportowy",  nowska",  ONIA POD LASEM",  Çych Dƒôb√≥w",  tytut Energetyki",  OROWSKA-HOTEL",  nisze",  Çk√≥w-Letnisko",  isk", "count" :  iostacja ≈Åazy",   S≈ÅOJEWSKIEGO",  iello≈Ñska",  ICA K. P≈ÅOCHOCINA",  odzie",  ƒÑ≈ªƒÑT MAZOWIECKICH",  DECKIEGO",  ÑCZYNY",  DLCE ZACH.",  rady",  enty Nowe",  ogi", "count" :  ROSZEW",  I≈ÉSKIEGO",  ORYCZNA",  otok≈Ços",  kowska",  RYN√ìW",  EKAN√ìW NOWY ZACH√ìD",  ha", "count" :  Å≈ÅƒÑTAJA",  OCI≈ÉSKA",  SAKA",   KULTURY",  √ìWKA",  arowa",  ewska",  CHY", "count" :  RODEK ZDROWIA",  dowa",  RY ≈ÅUG-LE≈öNICZ√ìWKA",  alator√≥w-KAM",  lka Wƒôglowa",  oci≈Ñskiego",  hty≈Ñska",  u≈Çowa",  HROWA",  KOWEJ SOSNY",  INOWA",  chowa",  ewela",  ekorna",   Olszyny",  ochata",  AK√ìW",  ECKA",  INA-LICEUM",  ≈Ñcowa",  nickiego",  zyckiego",  inika≈Ñska",  DO CUDU NAD WIS≈ÅƒÑ",  hodnia",  alionu W≈Çochy",  eralna",  pia≈Ñskiego",  ", "count" :  ECHCINIEC-KOLONIA",  YNY", "count" :   P√ì≈ÅNOCNY-BRAMA ZACH.",  N√ìW-LAS",  halteryjna",  ICKA-CMENTARZ",  IDER-KO≈öCI√ì≈Å",  IDRY MA≈ÅE",  ENTY-OSIEDLE",   BELINA",   KOBY≈ÅKA",  y German",  IERZANKI",  LCZY≈ÉSKA",  MNA-SZKO≈ÅA",  nii", "count" :  tka", "count" :  Çe Siekierki",  EKAN√ìW POLSKI ZACH√ìD",  ESPOLSKA",  zyg≈Çowska",  egorzewskiej",  e≈õƒá",   Go≈ÇƒÖbki",  am", "count" :  a", "count" :  sa lubelska",  TANOWA",  SA", "count" :  OBNA",  CLI≈ÉSKA",  ryta",  ESZ√ìWKA",  lzia≈Ñska",  ota", "count" :  hnowska",  atkowa",  SOCIN",  etany",  a Znicz",  edle",  iuszy",  ian√≥w",  öNIAKOWIZNA II",  OMCZYN-SZKO≈ÅA",  O≈ÉC√ìW WARSZAWY",  lc-Rogozi≈Ñskiego",   PO≈ÅUDNIOWY-BRAMA P≈ÅD.",  WI≈öLA≈ÉSKA",  isze",  ita", "count" :  ma≈Ñskiego",  OR√ìWEK-WIE≈ö",  ONIA LESZNOWOLA",  EGORZEWO",  ZCZYKA",  ROWIEJSKA",  browa",  RANIECKA-BOCZNICA",   P≈Çudy",  õciuszki-Szko≈Ça",  ital Grochowski",  owskiego",  ZCZYNKA",  √ìR", "count" :   Patio",  MNA-LAS",  rze P≈Çd.",  kocin Las",  BERA",  szczewska",  SA-LAS",  Çk√≥w-Wie≈õ",  iecka",  OLOWA",  HTOWA",  czna",   Victoria",  ƒôcio≈Ça",  o Ba≈õ≈Ñ",  GOWC√ìW",  CZKOWA",  ≈ÅNOCNA",  omea",  opejska",  OTYSKA",  ojowa",  EMYS≈ÅAWA II",  NIANKA",  ƒòCZYN II",  uszki",  Stara Papiernia",   OPACZ",  nasie",  ealna",  IA", "count" :   Las",  RYCZNA",   NAFTA",  UTY", "count" :  iarska",  zei", "count" :  trzycka",  WOWA",  lowska",  HA≈Å√ìW REGIN√ìW",  IDARNO≈öCI",  Çodyjowskiego",  szica",  WULE",  ≈ÅO≈ÉCU",  e≈Ñska",  tal Onkologiczny",  OWSKIEGO",  E≈öNIOWA",  stowska",  ion",  ska",  rum Olimpijskie",  ƒòBIA",  iczna",  ƒôtowa",  √≥rna",  INY",  STK√ìW POLSKI WSCH√ìD",  NO-GS",  KAJETANY",  ÅOCIE",  gogiczna",  e≈õna",  hodnikowa",  ecka",  ≈Çownia Kawƒôczyn",  akowskiego",  NE ≈ÅASZCZY≈ÉSKIEGO",  WO≈ÅOMIN",  ìRZE-SANATORIUM",  ego Rycerza",   GRABIE I",  t", "count" :  ≈Å√ìW",  IN-SZPITAL",  OGICZNA",  owa",  wackiego",  iczki",  adkowskiego",  icza",  ≈Çkowa",  borska",  ≥wna",  rska",  jnik√≥w",  NIAKOWIZNA",  IWI≈Å≈Å√ìW MAZ.",  nowola-Pole",  le≈õna",  ze≈ºe Szczeci≈Ñskie",  DRY WIELKIE",  RSKA",  Çobrzegi",  SZEW",  szewska",  inowa",  ORC√ìWKA",  NA WSCH√ìD",  ODOWSKIEJ-CURIE",  Z≈ÅOTOK≈ÅOS",  a Legionowo",  ALINKI",  MICHA≈Å√ìW-REGIN√ìW",   Le≈õne",  cz√≥w",  Piaski",  zy≈Ñska",  OSZEW KOLONIA",  i≈Ñskiego",  ELEWSKIEGO",  odek LOK",  ISKA",   WOLA",  zka z Bogda≈Ñca",  cickiego",  icka",  wilska-Las",  LNA",  ÉK√ìW-SKLEP",  ta", "count" :  ady",  om√≥w",  PO≈ÅUDNIOWY-BRAMA WSCH.",  OCIN",  KA ZA≈ÅƒòSKA",   Podolszyn",  ƒòBIA ≈ÅƒÑKA",  Legionowo-Przystanek",  nowa Droga",  arna",  orki P≈Çn.",  yzant√≥w",  J√ìZEF√ìW",  szewska",  ≈Çƒôkitne",  ORƒòT",  uszewska",  K NOWY",  za", "count" :  ielowa",  llana",  ne Jasi≈Ñskiego",  ina",  SYN",  ≈ªYCKA",  a≈ºowa",  TOWA",  iana",  Halin√≥w",  elska",  Bukowy Dworek",  ucka",  y Sƒôkocin",  la-Dobrza≈Ñskiego",  ytut Ekologii PAN",  htowa",  BI≈öNIEG√ìW",  OJNA",  ty Gda≈Ñskiej",  ≥w", "count" :  áwierza",  ana",  nt", "count" :  ISZEW",  ina",  NA-CMENTARZ",  N√ìW",  NIEWSKA",  yzowa",  ", "count" :  sowa",   WIE≈ö",  oncka",  ICE-MAJƒÑTEK",  RNICA-SZKO≈ÅA",  abet",  zaka",  nia Warszawska",  kowskiego",  karska",  a Zawadowska",  TNICZA",  AN√ìW",  rnetowa",  zaszy≈Ñskiego",  eczkowa",  iczka",  ZE", "count" :  CK RADZIWIE",  ikowa",  ELNICKA",  dy Dzia≈Çkowe Paluch",  wicka",  odek Cora",  szowska",  zawa ZOO",  zy", "count" :  ezjusza",  √≥w-Muzeum",  ≈Çowskiego",  czy≈Ñskiego",  an√≥wka",  ziny",  K", "count" :  SKRZESZEW",  LIN",  rska",  ", "count" :  Çoby",  KA MLƒÑDZKA",  gowska",  NEJ RADY NARODOWEJ",  wa-Dom Opieki",  CZY≈ÉSKA-BOCZNICA",  PC", "count" :  WNE WƒòGROWSKIE",  a≈Çka",  OWA",  nicka",  owa",  szewska",  E≈ªKI",  Y≈ªYNA",  OTEK",  a z Ole≈õnicy",  larska",  rynki",  zy≈Ñskiego",  rum Mody",  oci≈Ñska",  M≈Çodych",  iszew-Pla≈ºa",  HOWA",  ≈ÅDOWO",  rskiego",  ca", "count" :  ≈öWIDREM",  y Las",  e", "count" :  zbowa",  Pi≈Çsudskiego",  iewicza",  rankowa",  √ìWKA",  ROWA",  ICE-KO≈öCI√ì≈Å",  d≈∫ Niciarniana",  ELI≈ÉSKA",  SIWA",  odnia",  pno",  Szulczyka",   LACKI",  ÅOSTOCKA",  LOZY",  y", "count" :  Brwin√≥w",  rska",  ", "count" :  SKI",  ciƒÖg P≈Çn.",  WO", "count" :  ina",  K√ìW",  IESZYN",  JOWA",  ≈Ñczyka",  CHECKA",  S≈ÅAWA PRUSA",  TY≈É",  N√ìW",  owicka",  kowa",  NO≈öLƒÑSKA",  ynowa",  Y≈ÉSKIEGO",  WICZA",  MCZYN",  ìZEK",  ERK-SZKO≈ÅA",  õwieska",  nowa",  √≥w",   Aniceta",  arska-Kana≈Ç",  alator√≥w",  Çnierska",   Nieporƒôt",  IM√ìW P√ì≈ÅNOCNY",  UCH√ìW",  ZIELONKA",  nty Du≈ºe",  NOWSKA",  Çudowska",  ≥wkowa",  k√≥w",  LA", "count" :   A. BOBOLI",  T√ìW POLNYCH",  LIN",  IENIEC",  Praga",  s√≥w",  us√≥w",  Sybirak√≥w",  ≈ÅA",  ZT ≈öLEDCZY GROCH√ìW",  KOWA",  SZ≈ÅO≈öƒÜ",  R√ìWKA",  aczewska",  IN", "count" :  ôcia Ziemowita",  an", "count" :  dy Dzia≈Çkowe Budowlani II",  a-Morysin",  ZNIOWC√ìW",  OMKOWA",  wa", "count" :  sowa",  ≈Çƒôczy",  wiecka",  ≈Ñskiego",  s≈Çawa ≈ömia≈Çego",  AN√ìW-BOOS",  Legionowo Piaski",  etowa",  KOWIZNA",  NA ZACH√ìD",  chowska",  ALCZEW",  IONOWA",  owa",  ESZYN",  sek",  ZYNA",  UBICE-SZKO≈ÅA",  rowa-UKSW",  dle Mirk√≥w",  iana",  TA", "count" :  IEWSKIEGO",  NA", "count" :  BUD",  dyn",  horzew",  HAN√ìW PRZEMYS≈Å.",  YCIELI",  neczki",  kowskiego",  towa",  ºmowska",  d≈∫ Widzew",  N√ìW",  ONNA ≈ÅOWICKA",  A", "count" :  AWA-OSP",  rowa",  iarska",  tal Powiatowy",  szew",  y", "count" :  πNIEWSKA",  onki-Wie≈õ",  a≈Çka Opa≈Çka",  ANKI",  OWA",  ek", "count" :  inek",  r√≥w",  zynek",  jowa",  anowska",  i", "count" :  ON√ìW",  KAN√ìW NOWY WSCH√ìD",  KA", "count" :  õnicka",  tki",  Çek",  kan√≥w Polski Wsch√≥d",  YCA II",  Çpin",  N MICHLA",  TY-STP",  DZY≈ÉSKIEGO",  ≈ÅY≈ÉCZYK√ìW",  KA I",  towa",   PILAWA",  K", "count" :  WKOWSKA",  WAJOWA",  INKI",  √≥lka Kosowska",  ych Kwiat√≥w",  za G√≥ra",  Poniatowskiego",  drzewiny",  zak√≥w",  ERK",  ka Kosowska",  OWICZA",  ntownia",  rama z Maszkowic",  √ìWKA",  CK", "count" :  wi", "count" :  Czartoryskiej",  zewska",  Çpin-Cmentarz",  Boguckiego",  ZANA",  SKA",  ≈ªYSKO KAMIENNA",  LA", "count" :  ìDLANA",  aszka",  drom",  da", "count" :  rotki",  ODLEG≈ÅO≈öCI",  dy", "count" :  dpe≈Çskiego",  ºycka",  iej R√≥≈ºy",  mba",  IRY",  wickiego",  OWA WIE≈ö I",  ≈ºacka",  M P≈ÅD.",  OTY",  n√≥w Jaz≈Çowieckich",  kina",  SZKI",  T", "count" :  ateryjce",  Çgist√≥w",  wnia",  y", "count" :  A OKRZEWSKA-CMENTARZ",  , "count" :  ", "count" :  ÅEK-SZKO≈ÅA",  zdnia Stalowa",  ERKOWA",  r√≥w-Szko≈Ça",  LIOWA",  ≈öCE",  WICZA",  y≈Ñskiego",  dy", "count" :  aszewska",  lowa",  inowa",  Rynia",  ka", "count" :  A XI",  ", "count" :  Y-SZKO≈ÅA",  OJOWA",  ty", "count" :  Niepodleg≈Ço≈õci",  IN II",  NICZ√ìWKA",  ADOWSKIEGO",  yka",  oszycka",  Lewand√≥w II",  enco",  o≈Ñskiego",  ONISKO DLA ZWIERZƒÑT",  YNA ≈ÅYCZY≈ÉSKA",  MICHALIN",  USZYN",  SZCZAKI",  NA", "count" :  HALISA-JAKUBOWICZA",  lator√≥w-KIS",  oladowa",  nowola",  owa-Cmentarz",  WA", "count" :  √ìW",  ka", "count" :  zycielska",  ZIK√ìWNY \"INKI\"",  ch√≥w",  ma z Zakroczymia",   Radiowo",  ocha",  YKU≈ÅY",  ROWICE",  sk√≥w-Letnisko",  ÑG", "count" :  NOWA IWICZNA",  dowa",  YKI",  OWA",  ENTOWA",  ta-UrzƒÖd Celny",  ROWSKA",  ncka",  enie",  sk√≥w-Szko≈Ça",  otrowa",  ìW OSADA II",  wice",  ZYN",  kowska",  Y-PA≈ÅAC",  atowskiego",  N√ìW",  leona Bonaparte",  onowska",  ≥rza≈Ñska",  tka",  sadowa",  argi Nowe",  czyny",  Ñk√≥w-Wie≈õ",  za≈Ça",  dlowa",  dnicza",  STK√ìW MAZOWIECKI",  erz",  A OKRZEWSKA",  cza",  ÅƒòCZE II",  SKA-SZKO≈ÅA",  wona Droga",  an-Stacja Paliw",  Çowa",  czana",  √≥w-Szko≈Ça",  POWANIA AK \"KAMPINOS\"",  SUDSKIEGO-KO≈öCI√ì≈Å",  k√≥w",  yka Pomp",  a", "count" :  iawskiego",  wskiego",  me", "count" :  ice",  ER√ìW",  ski Dom Kultury",  ZAGO≈öCINIEC",  ec", "count" :  topska",  YD≈Å√ìW",  ≥w", "count" :  atyczna",  sowa",  YK√ìW-UROCZE",  sz√≥wka",  ki", "count" :   Miejski",  odek AZS",  √ìW",  OWCOWA",  R√ìWEK-OSIEDLE",  IS≈ÅAWA CZECHA-LAS",  USA",  ianka",  ty≈Ñska-Kana≈Ç",  WINA I",  O", "count" :  E LIPINY",  SKA",  al√≥wki",  ARZEW-SZKO≈ÅA",  na", "count" :  ciska",  a", "count" :  rednia",  BUKOWIEC",  Powsta≈Ñc√≥w Warszawy",  ska Droga",  jowa",  zajska",  owiec",  y-Szko≈Ça",  rzƒÖdowa",  ƒôbia",  ", "count" :  WO≈ÅOMIN S≈ÅONECZNA",  IN", "count" :  in-Park Kultury",  st√≥wka",  ƒôcin Du≈ºy-Wie≈õ",  niowa G√≥ra",  nia Lesznowola",  Kajetany",  G≈ÅOSK√ìW",  JNOG√ìRSKA",  CHCINIEC",  ostwo Powiatowe",  onki",  Zalesie G√≥rne",  elszczyzna",  racka",  y", "count" :  NYCH BOGINEK",  SIA PUCHATKA",  √ìWEK",  OCIN",  NA", "count" :  SIA",  rska",  ≈öCINIEC-SZKO≈ÅA",  t√≥w-Szko≈Ça",  na", "count" :  emchowa",  bity",  czna",  onu Torpedy",  towa",  NKOWA",  ana-SƒÖdy",  ASKIEGO PU≈ÅKU",  KOWICE",  DƒÑBKOWIZNA",  a≈Ñska",  EGO DƒòBU",  Dudziarska",  ÅAK√ìW",  KWIATOWA",  ensji",  tej Jesieni",  wozowa",  lionu Miot≈Ça",  nium",  ROMENADA",  BRA",  a", "count" :  czna",  kcyjna",  oka",  ìW II",  Artyst√≥w",   Mrokowska",  azd Oborski",  s≈Çawska",  YMIN",  MYS≈ÅOWA",  Y", "count" :  ROWSKA",  ≈ÅA",  im√≥w",  it√≥w",  Y-PƒòTLA",  ZKOWSKIEGO",  KA II",  ICKIEGO",  er", "count" :  ewnica Stara",  Ço≈Çƒôka-Kana≈Ç",  zienna",  rzƒôbiec",  a Bz√≥w",  oska",  irskiego-Przychodnia",  tnicza",  asowa",  OROWO",  JACI√ì≈Å",   ROWSKA",  ODZIEJE",  Y", "count" :  ÅKI SIEDLECKIE",  kowa",  budzenia Wiosny",  ldiego",  IN", "count" :  EHY",  nia Helen√≥w",  ƒôcin Du≈ºy-Szko≈Ça",  o Cudu Nad Wis≈ÇƒÖ",  ƒôcin Du≈ºy",  K√ìWKA",  ƒòCICKA",  YNECKIEGO",  ZIN II",  zdnia Ursus P≈Çn.",  ntyczna",  CIAKOWSKICH",  BLEWSKIEGO",  EMCHA",  hrzowa",  ƒôdy",  na", "count" :  y", "count" :  orc√≥wka",   Roi",  LIKA",  ADZKA",  ZECZNA",  HERY",  KI", "count" :  NEK",  dziejewskiego",  ZIER√ìWKA",  ≥d Botaniczny",  Grapa",  IE≈öLNICZA",  WIECKA",  ja", "count" :  Batorego",  ≈ÉSKA",  ≥w", "count" :  kowska",  eckiego",  aka",  yka Probusa",  NA", "count" :  cielna",  ca k. P≈Çochocina",  jna G√≥ra",  Ofiar Wojny",  yn√≥w",  lnicowa",  CK", "count" :  YNOWA",  , "count" :  dowa",  BOROWIE",   Kutrzeby",  owa",  liowa",  SIE",  I", "count" :  k√≥w",  is≈Çaw√≥w",  cha",  s", "count" :  √ìRKA",  YZANT√ìW-SZKO≈ÅA",  ATKA",  AMIN√ìW",  ≈õna",  st√≥w",  DOWA-KO≈öCI√ì≈Å",  LATOR√ìW-KAM",  znicza",  SKI O≈öRODEK KULTURY",  czynkowa",  I", "count" :  ESZ II",  INNA",  Dawidy",  ELA II",  RYDER",  Malinowskiego",  anowskiego",  ≈Ñc√≥w Warszawy",  ≈Ñskiego",  CZYNOWA",   LIPINY",  ≈ÉSKA",  dek",  na", "count" :  òCZYN DOLNY",  bna",  era",  ka", "count" :  spolska",  owy",  ektowana",  asu",  alenka",  OWA",   BIERWIECKA",  A R√ì≈ª",  ZYNA",  Nieporƒôt",  SKA",  EBRODY",  IESZYN-G√ìRKI",   BABICE",  EWSKA I",  NOWSKIEGO",  NID≈ÅA",  ", "count" :  òCIA JANUSZA",  ka", "count" :  P√≥≈Çnocny-Brama P≈Çd.",  bi≈õnieg√≥w",  jazna",  s≈Çawskiego",  Ö≈ºƒÖt Mazowieckich",  towa",  kiego Dƒôbu",  ch", "count" :  kowa",  AK√ìWEK",  tyska",  LINY-SZKO≈ÅA",  kan√≥w Polski Zach√≥d",  aj", "count" :  NOWNIA",  E GRABIE II",  LE-PƒòTLA",  AMIN√ìWKA",   S≈Çupno",  owiejska",  a", "count" :  czy≈Ñska-Bocznica",  jezdna",  ew", "count" :  litowska",  ardowska",  zy≈Ñska",  zowa",  iowa",  aniecka-Bocznica",  ≈õƒá-WodociƒÖg",  kan√≥w Polski Centrum",  a Wie≈õ",  amentarna",  era",  KO", "count" :  WINA III",  ZA≈ÉSKA",  AT√ìW",  RONKI",  e≈õniowa",  ELCE KUJAWSKIE",  kowskiego",  STK√ìW POLSKI",  ≈Ço≈Ñcu",  aka",  √≥w-Las",  nicowa",  Çocie",  odowskiej-Curie",  Çoniowa",  inos",  √ìW",  SK-ZAMEK",  AKI",   KARCZEWSKA",  ran√≥w",  YCA",  LIN",  iny",  OWA",  Kultury",  RUM REHABILITACJI",  dowa-Ko≈õci√≥≈Ç",  lowych Dƒôb√≥w",  awy",  n√≥w",  zchowskiego",  Micha≈Ç√≥w-Regin√≥w",  P√≥≈Çnocny-Brama Zach.",   Wola",  ny", "count" :  na-Szko≈Ça",  itucka",  √ìW",  OWA WIE≈ö II",  ecka",  ubice-Szko≈Ça",  dyjska",  rnica-Szko≈Ça",  kan√≥w Nowy Zach√≥d",  EGO LATA",  ogiczna",  r√≥wek-Wie≈õ",  na-Las",  in-Szpital",  io≈Çka",  czynowa",  argi Stare",  urskiego",  Öd Skarbowy",  CZYN",  CA III",  S≈Çojewskiego",  S≈ÅAWICKA",  WA", "count" :  nej Rady Narodowej",  S≈ÅAWA KRZYWOUSTEGO",  ka II",  onta",  li≈Ñska",  aniecka-Magazyny",  , "count" :  ENT√ìW I",  NKI",  cka-Cmentarz",  ìW-KRZY≈ª",  ci≈Ñska",  tarz 1920 r.",  dry Wielkie",  n", "count" :  alna",  s≈Çawa Prusa",  inoska",  czy≈Ñska",  ôczyn II",  sk√≥w-Zielone",  owiecka",  Çady Zbo≈ºowe",  otek",  na-Cmentarz",  G", "count" :  CA I",  E GRABIE",  KARZEW PRZYSTANEK",  ZKA I",  ARY",  niewska",  öNICE MAZOWIECKIE",  ìW OSADA",  O≈ªAR√ìW MAZOWIECKI",  owa",  ORKI",  CKA",  rowa",  rowska-Hotel",  sie Dolne",  rego",  niakowizna II",  wa", "count" :  obycka",  ras",  dzie≈ºowa",  e≈Ñc√≥w",  omowska",  OWA",  ZY≈ÉSKA-IMGW",  eny",  ta", "count" :  LINEK I",  OWSKA I",  ƒòCIN MA≈ÅY",  IESZYN-ARiMR",  WATY",  czynka",  niczna",  KI-SZKO≈ÅA",  nowa",  Z-SZKO≈ÅA",  ≈öR√ìDBOR√ìW",  YNY",  liowa",  iszew",  rk√≥wek Ma≈Çy",  szew",  ≥rze-Sanatorium",  Ñk√≥w-Sklep",  mierza Odnowiciela",  ≈Ça",   Za≈Çubice",  rowska",  k Nowy",  P√≥≈Çnocny-Brama P≈Çn.",  ka", "count" :  ice-Ko≈õci√≥≈Ç",  gronowa",  na", "count" :  OWA",  HA", "count" :  adzka",  NKOWA",  SKA",  N√ìWEK",  CKA",  MAREK",  ki", "count" :  NY LAS",  rska",  eli≈Ñska",  NIEW",  rska",  OWIEC",  ECKA",  UNTOWO MAZ.",  kan√≥w Nowy Wsch√≥d",  a", "count" :  y≈Ñskiego",  na Zach√≥d",  elewskiego",  wa", "count" :  √≥wka",  any",  ko", "count" :  n√≥wka",  r√≥wka",  ≈ºna",  ∫niewska",  owa",  elnicza",  oroga",  na-Liceum",  ryczna",  im√≥w P√≥≈Çnocny",  RKI",  ZEWICE",  owskiego",  a", "count" :  òCZYNEK II",  towa",  SZK√ìW",  ƒÖclecia",  sz≈Ço≈õƒá",  ", "count" :  ÅCHA≈ÉSKIEGO",  Nowa Iwiczna",  LEONA",   WƒÑGRODNO",  LE", "count" :  E KABATY",  WA MIASTO",  azego",  Çostocka",  szewskich",  zkowskiego",  onia",  ytut Reumatologii",  Wo≈Çomin",  awa-OSP",  lowa",  icza",  obrzeska",  ycieli",  oszew",  ent√≥w I",  ojowa",  wo", "count" :  rowa",  YNNO",  AWA-PƒòTLA",  JEDNO≈öCI",  AWKI",  A", "count" :  ≈ÇƒÖtaja",  AN√ìW",  ÅAWSKA",  RECZKI",  PKI",  lszyn",  oty",  ice-MajƒÖtek",  √≥wek",  n√≥w",  darno≈õci",  √≥rka",  yczna",  Po≈Çudniowy-Brama P≈Çd.",  a Okrzewska",  ≈Ç√≥w",  anowa",  no≈õlƒÖska",  Çnocna",  yna ≈Åyczy≈Ñska",  SK MAZOWIECKI",  A", "count" :  ZYN",  LANA",  cka",  ≈ÅCZA",  ≈Çy≈Ñczyk√≥w",  Skrzeszew",  ieszyn",  ocin",  ≈ÉSKIEGO",  on√≥w",  ENKO",  LIN",  Opacz",  nkowa",  uszyn",  iska",  owc√≥w",  Nafta",  wicza",  arzew-Szko≈Ça",  halisa-Jakubowicza",  rowice",  adowskiego",  jnog√≥rska",  dys≈Çaw√≥w",  ocin",  no-GS",  ska",  UCH",  ÅƒòCZE",  owej Sosny",  owi≈Ñska",  mys≈Çawa II",  nƒÖcej Akacji",  zkowa",  IL√ìW",  AWA I",  E", "count" :   KRAKOWIA≈ÉSKA",  a", "count" :  er√≥w",  ronki",  NA-KO≈öCI√ì≈Å",  z-Szko≈Ça",  an√≥w-BOOS",  jaci√≥≈Ç",  in", "count" :  ski",  k", "count" :  ≈Çdzielnia",  owa",  owska",  lin",  n Michla",   Babice",  SZCZALNIA \"CZAJKA\"",  ESZ",  WE POLE",  YM", "count" :  AGHA",  LATOR√ìW-KIS",  in", "count" :  mczyn-Szko≈Ça",  ìW-SZKO≈ÅA",  wa", "count" :  hy", "count" :  OWIANY",  zbin",  na", "count" :  a Okrzewska-Cmentarz",  ≥w",  ry Ma≈Çe",   XI",  ", "count" :  sa",  owa",   ks. J. Popie≈Çuszki",  zyn",  rzanki",  iakowizna",  hciniec-Kolonia",  iew",  ajowa",  agiello≈Ñska",  zczaki",  czyn Dolny",  ºycka",  OLNO≈öCI",  ≈Çosk√≥w",  KOWSKIEGO",  CZYN",  -OSIEDLE",  nna",  ENCISTY PAN",  NT√ìW",  WA",  N√ìW",  go Lata",  NIA STARA",  k√≥w",  ", "count" :  szew Kolonia",  ry",  iakowskich",  ana",  elina",  ty-Osiedle",   ≈Åug-Le≈õnicz√≥wka",  , "count" :  wka",  nki",  niowc√≥w",  yn",  zyka",  onowa",  ≥wek",  a MlƒÖdzka",  dleg≈Ço≈õci",  LA I",  OWO",  INEK II",  KI",  IE",  Auchan",  CZYN-KO≈öCI√ì≈Å",  owa",  I CZAPLINKOWSKIE",  tk√≥w Polski Wsch√≥d",  KA",  ZEWO",  linki",  CZYNEK I",  K TRZEPOWO",   Grabie",  o≈Çomin S≈Çoneczna",  a", "count" :  wiatowa",  õciniec-Szko≈Ça",  hecka",  g", "count" :  na",  ≥w",  gha",  -Las",  A DWORSKA",  EDEL",  BIE",  √≥zef√≥w",  A II",  ANOWA",  WSKA II",  BICE-POCZTA",  I", "count" :  szyn",  ud",  y", "count" :  IA KO≈öCIELNA",  Z", "count" :  dlana",  zek",  A", "count" :  EJA",  ªA≈ÉSKA",  niska dla ZwierzƒÖt",  SI≈ÉSKIEGO",  WC√ìW KOSMOSU",  ", "count" :  ≈ºar√≥w Mazowiecki",  ku≈Çy",  y-STP",  in II",  ch√≥w",  ek-Szko≈Ça",  ery",  owska",  wicza",  ownia",  kowska",  ca I",  ckiego",  n√≥w",  I", "count" :   SOLIDARNO≈öCI",  CIN",  √≥wka",  KALANOWSKA",  owania AK \"Kampinos\"",  ANA",  k√≥w-Urocze",  OWSKA",  √≥w Polnych",  Y ≈ÅUG",  NICKIEJ",  rk-Szko≈Ça",  um Rehabilitacji",  a", "count" :  WƒÖgrodno",  ukowiec",  √≥wek-Osiedle",  Wie≈õ",  udskiego-Ko≈õci√≥≈Ç",  ie",  õce",  a Za≈Çƒôska",  nki",  a", "count" :  wa-Pƒôtla",  w", "count" :  ka",  ka-Szko≈Ça",  w Osada II",  wa",  iecka",  ka",  zki",  KI",  ALENDIA",  INA II",  O≈ÅOMIN (LASKOWA)",  ≈Å√ìW",  TY G√ìRY",  ÑBKA",  ki",  NIN",  iwa",  CHYLICKA",  a I",  ", "count" :  jna",  ozy",  ≈õla≈Ñska",  ", "count" :  t ≈öledczy Groch√≥w",  SKA",  dek Zdrowia",  n√≥w",  I", "count" :  KI-WA≈Å",  min√≥w",  √ìW",  ITU≈ö",  s≈Çawa Czecha-Las",  yna",  OSZE",  öwidrem",  wa Wie≈õ II",  a", "count" :  ych Boginek",  w II",  ôcicka",  iny-Szko≈Ça",   R√≥≈º",  Ñska",  wska I",  wa Wie≈õ I",  Pilawa",  d≈Ç√≥w",  ≈Çotok≈Ços",  ≈Çawicka",   GRABIE-SZKO≈ÅA",   MIASTO",  N√ìW",  A POLSKIEGO-WIADUKT",  ESZYN-ARIMR",  czyn",  IA LETNISKO",  EW",  GRABIE II",  a", "count" :  ", "count" :  eczna",  -Szko≈Ça",  wa",  AWA KO≈ÅO",  zczalnia \"Czajka\"",  ago≈õciniec",  WIEC",  √≥w",  ZƒÑB",  NA CZARNEGO",  oby≈Çka",  wa I",  SKA",  ERSKA",  edno≈õci",  a II",  lewskiego",  Ñska",  ina II",  a", "count" :  w-Krzy≈º",  ika",  zy≈Ñskiego",  ia Pod Lasem",  tk√≥w Mazowiecki",  mkowa",  zk√≥w",  w Osada",  -Pƒôtla",  icz√≥wka",  wa",  ia",  a I",  ana",  √≥w",  Çcza",  a≈Ñska",  owska",  t√≥w",  Lipiny",  Y≈öL",  B II",  SZKI",  A", "count" :  ZYCE RADOMSKIE",  √ìWEK-SZKO≈ÅA",  a", "count" :  OLNO≈öCI",  IWA",  ìWKA II",  alendia",  nowa",  ≥wka II",  id≈Ça",  a Wsch√≥d",  ", "count" :  CZY≈ÉSKA",  ier√≥wka",  A. Boboli",  ", "count" :  zant√≥w-Szko≈Ça",  ", "count" :  in",  ka I",  STA",  ANA PAW≈ÅA II",  A DWORSKA-WIS≈ÅA",  wa",  eszyn-ARiMR",  ki",  hy",  ki O≈õrodek Kultury",  Ça",   Lipiny",  n II",  ƒÖcych Traw",   Grabie II",  ≥wka",  czynek II",  y≈Ñska-IMGW",  omenada",  cin",  a-Ko≈õci√≥≈Ç",  ≈Çawa Krzywoustego",  eszyn-G√≥rki",  ina I",  k-Zamek",  wska I",  go Dƒôbu",  neckiego",  a Polskiego-Wiadukt",  ka",  ", "count" :  ra",  N", "count" :  IN III",  in",  RZ√ìW PRZYSUSKI",  ichalin",   KR√ìLEWSKI",  ", "count" :  szki",  SZCZEWICE P≈ÅOCKIE",  A", "count" :  HCINIEC-SKLEP",  IA SOBIK√ìW",  √ìW",  YSKA",  IG√ìRZ",  ODKA",  òCIN",  ƒÑCYCH TRAW",  NURZEC",  CA I",   PODUCHOWNY",  czyn-Ko≈õci√≥≈Ç",  w-Szko≈Ça",  √ìDZKA",  IELONKA (ZOSINEK)",  ≥wka",  kowskiego",  ska",  a", "count" :  n√≥w",  eona",  a III",  Z KO≈öCIELNY",  ICA",  ZKA",  ÅOWIEC",  pin Cmentarz",  YCZ",   OBORSKA II",  WY PLEBA≈ÉSKIE",  IN I",  A DROGA",  √ìWKA",  ªEW",  UCHA",   KOSY",  ƒÖbkowizna",  ia Sobik√≥w",  ys≈Çowa",  arek",  e-Pƒôtla",  ", "count" :  Ñskiego",  eja",  Karczewska",  ewice",  bice-Poczta",  y Las",  ch",  a", "count" :  min√≥wka",  czynek I",  icza",  in I",  eniec",  wiany",  a", "count" :  wa",  wcowa",  e ≈Åaszczy≈Ñskiego",  eczki",  ia Puchatka",   Oborska I",  I√ìWKA",  awska",  hciniec-Sklep",  olno≈õci",  -Pa≈Çac",  OR√ìW KUTNOWSKI",  A PƒòCHERSKA",  TKA LETNISKO",  ºa≈Ñska",  √ìW",  ewskiego",  i-Szko≈Ça",  SZEW-OSP",  kowa",  yder",  IERZOWSKA",  IERZE K. DƒòBLINA",  orowie",  AZD",  inek I",  Ñ≈ª",  ierzowska",  ka",  AKI",  n", "count" :  SKIEGO-SZKO≈ÅA",  ielonka",  Grabie I",  a Dworska",  la II",  ìWKA",  o≈Çudniowy-Brama Wsch.",  ntowa",  I ZACHODNIE",  WIELKA",  OBY≈ÅKA-OSS√ìW",  b II",  bie",  nickiej",  szew-OSP",  a", "count" :  ina III",  1
