"DW. CENTRALNY", 317144
"CENTRUM", 204923
"METRO MŁOCINY", 163914
"METRO WILANOWSKA", 144151
"WARSZAWA ZACHODNIA", 141798
"METRO POLITECHNIKA", 137557
"WARSZAWA OCHOTA", 118031
"RONDO DASZYŃSKIEGO", 109652
"METRO ŚWIĘTOKRZYSKA", 109060
"METRO KABATY", 105598
"KRUCZA", 101043
"WARSZAWA POWIŚLE", 99723
"PL. STARYNKIEWICZA", 95390
"PL. WILSONA", 91536
"METRO RATUSZ ARSENAŁ", 87502
"RONDO UNII EUROPEJSKIEJ", 83820
"METRO SŁUŻEW", 83726
"METRO POLE MOKOTOWSKIE", 83605
"WIATRACZNA", 82553
"DW. GDAŃSKI", 77724
"RONDO \"RADOSŁAWA\"", 77123
"RONDO ONZ", 77102
"OS. GÓRCZEWSKA", 76646
"KINO FEMINA", 76176
"PL. ZAWISZY", 74180
"PL. KONSTYTUCJI", 72619
"P+R AL. KRAKOWSKA", 71803
"METRO MARYMONT", 71566
"METRO WIERZBNO", 71373
"OKOPOWA", 70686
"KOSZYKOWA", 69295
"WARSZAWA WSCHODNIA", 69166
"NOWODWORY", 67393
"ZĄBKOWSKA", 66607
"METRO RACŁAWICKA", 66129
"RONDO ZESŁAŃCÓW SYBERYJSKICH", 63343
"PARK PRASKI", 62732
"DW. WILEŃSKI", 55907
"WARSZAWA LOTNISKO CHOPINA", 55265
"DW. ZACHODNI", 54244
"WARSZAWA STADION", 52921
"RONDO WASZYNGTONA", 51208
"WAWELSKA", 50833
"INŻYNIERSKA", 50825
"PL. NARUTOWICZA", 50120
"DWORKOWA", 49937
"PL. BANKOWY", 49109
"WARSZAWA AL. JEROZOLIMSKIE", 46828
"WORONICZA", 46293
"GRZYMAŁY-SOKOŁOWSKIEGO", 45583
"KIJOWSKA", 45349
"PL. GRUNWALDZKI", 45326
"METRO IMIELIN", 45173
"CHEŁMSKA", 44860
"MUZEUM POWSTANIA WARSZAWSKIEGO", 44662
"DW. WSCHODNI (KIJOWSKA)", 44100
"WARSZAWA ŚRÓDMIEŚCIE WKD", 43918
"METRO NATOLIN", 43687
"METRO STARE BIELANY", 43396
"BITWY WARSZAWSKIEJ 1920 R.", 43314
"RADIOWA", 43132
"NOWE BEMOWO", 42998
"WARSZAWA ŚRÓDMIEŚCIE", 42529
"PKP KASPRZAKA", 41837
"WOLA-RATUSZ", 41283
"UNIWERSYTET", 41262
"RONDO STARZYŃSKIEGO", 41242
"METRO URSYNÓW", 41029
"MOST PONIATOWSKIEGO", 40808
"OS. WOLSKA", 40501
"RAKOWIECKA", 40452
"SIELCE", 40430
"BANACHA", 40399
"HOŻA", 40249
"HALA MIROWSKA", 39854
"WARSZAWA GDAŃSKA", 39342
"PL. TRZECH KRZYŻY", 38941
"GOCŁAW", 38880
"ELEKCYJNA", 38802
"STARE MIASTO", 38685
"MUZEUM NARODOWE", 38670
"METRO STOKŁOSY", 38205
"ROZBRAT", 37892
"PL. UNII LUBELSKIEJ", 37890
"DWORZEC WILEŃSKI", 37877
"MARSZAŁKOWSKA", 37875
"STAWKI", 37851
"PL. ZBAWICIELA", 37825
"WILANÓW", 37614
"LEGIONOWO PRZYSTANEK", 37310
"ORDYNACKA", 37164
"SASKA", 36613
"OCH-TEATR", 36385
"ZAMIENIECKA", 35984
"GOCŁAWEK", 35948
"PKP RAKOWIEC", 35766
"AL. REYMONTA", 35520
"PL. NA ROZDROŻU", 35516
"MIĘDZYNARODOWA", 35357
"ZAJEZDNIA WOLA", 35019
"OCHOTA-RATUSZ", 34910
"CZUMY", 34848
"AL. LOTNIKÓW", 34728
"POSTĘPU", 34636
"LOTNISKO CHOPINA-PRZYLOTY", 34548
"KRÓLEWSKA", 34229
"WSPÓLNA DROGA", 34119
"KOROTYŃSKIEGO", 33873
"GUS", 33852
"BEMOWO-RATUSZ", 33771
"UNIWERSYTET MEDYCZNY", 32980
"PRZYCZÓŁEK GROCHOWSKI", 32846
"BRÓDNO-PODGRODZIE", 32552
"MURANOWSKA", 32480
"BOKSERSKA", 32456
"WYŚCIGI", 32148
"HALA KOPIŃSKA", 32035
"MŁYNÓW", 32022
"WROCŁAWSKA", 31991
"ŚWIDER", 31577
"PL. SZEMBEKA", 31275
"SOWIŃSKIEGO", 31038
"SOKOŁOWSKA", 30657
"GÓRALSKA", 30567
"PRUSZKOWSKA", 30479
"PRAGA-PŁD. -RATUSZ", 30277
"PIASKI", 30247
"DICKENSA", 30233
"ŻERAŃ FSO", 30092
"METRO WAWRZYSZEW", 29951
"DYWIZJONU 303", 29909
"SPACEROWA", 29839
"ŚW. BONIFACEGO", 29813
"WARSZAWA ŻWIRKI I WIGURY", 29679
"RONDO ŻABA", 29544
"PARK KASKADA", 29526
"WARSZAWA SŁUŻEWIEC", 29404
"ŻÓŁKIEWSKIEGO", 29189
"WARSZAWA CENTRALNA", 29182
"WARSZAWA RAKOWIEC", 28800
"PARK DRESZERA", 28795
"PŁOCHOCIŃSKA", 28749
"POŁCZYŃSKA-PARKING P+R", 28712
"HALA WOLA", 28555
"ŚMIGŁOWCA", 28490
"WARSZAWA WILEŃSKA", 28481
"WŁOŚCIAŃSKA", 28328
"PARK OLSZYNA", 27776
"NOWOWIEJSKA", 27634
"POLIGONOWA", 27620
"SZPITAL BRÓDNOWSKI", 27132
"ŚRÓDBORÓW", 27120
"KLEMENSIEWICZA", 26910
"PŁOCKA", 26851
"SZPITAL WOLSKI", 26700
"HYNKA", 26651
"JANA OLBRACHTA", 26648
"LEGIONOWO PIASKI", 26268
"CYBERNETYKI", 25947
"METRO SŁODOWIEC", 25894
"BRANICKIEGO", 25846
"DOBRA", 25762
"BASENY INFLANCKA", 25485
"Warszawa Reduta Ordona", 25407
"CZAPELSKA", 25390
"DOLINA SŁUŻEWIECKA", 25299
"ZNANA", 25202
"RATUSZOWA-ZOO", 25038
"KAWĘCZYŃSKA-BAZYLIKA", 25027
"KONARSKIEGO", 25013
"SGGW-REKTORAT", 24612
"MANGALIA", 24578
"PARK TRAUGUTTA", 24506
"MICHALIN", 24211
"POWĄZKOWSKA", 24089
"WITOLIN", 23966
"ANIELEWICZA", 23732
"SZCZĘŚLIWICE", 23707
"HOTEL BRISTOL", 23698
"AL. ZIELENIECKA", 23690
"NISKA", 23593
"SADY ŻOLIBORSKIE", 23559
"DOLNA", 23558
"W-WA WESOŁA", 23500
"CZARNOMORSKA", 23492
"FORT WOLA", 23403
"CM. ŻYDOWSKI", 23391
"INSTYTUT FIZYKI", 23370
"MEHOFFERA", 23280
"ARCHIMEDESA", 23153
"REDUTA WOLSKA", 23076
"MORSKIE OKO", 22940
"OGRODY DZIAŁKOWE BEMOWO", 22919
"EMILII PLATER", 22899
"TORUŃSKA", 22879
"WARSZAWA MIEDZESZYN", 22845
"ZAJEZDNIA PRAGA", 22709
"WŁOCHY-RATUSZ", 22396
"BEŁDAN", 22267
"AL. WITOSA", 22246
"WARSZAWA WAWER", 22191
"SADYBA", 22111
"WARSZAWA LOTN. CHOPINA", 22111
"BORA-KOMOROWSKIEGO", 22051
"PKP WKD AL. JEROZOLIMSKIE", 21925
"ESPERANTO", 21852
"TARCHOMIN", 21794
"SULEJÓWEK MIŁOSNA", 21732
"ZAJEZDNIA OSTROBRAMSKA", 21713
"MURANÓW", 21665
"URSYNÓW PŁN.", 21588
"SZCZĘŚLIWICKA", 21554
"PARK MOCZYDŁO", 21372
"SASANKI", 21172
"WAWRZYSZEWSKA", 21103
"REMBIELIŃSKA", 21023
"CH MARKI", 20913
"NOWOLIPKI", 20820
"MIĘDZYBORSKA", 20748
"STEGNY", 20740
"CODZIENNA", 20732
"SYNÓW PUŁKU", 20685
"GOTARDA", 20662
"MYŚLIBORSKA", 20591
"WAŁ GOCŁAWSKI", 20559
"FOKSAL", 20490
"AFRYKAŃSKA", 20455
"RAKOWIEC", 20423
"DĄBRÓWKA WIŚLANA", 20387
"RZESZOTARSKIEJ", 20165
"MAJAKOWSKIEGO", 20132
"STARE BEMOWO", 20038
"DWERNICKIEGO", 20005
"SZOBERA", 19806
"POBORZAŃSKA", 19766
"Warszawa Raków", 19693
"KRAKOWIAKÓW", 19691
"SZASERÓW-SZPITAL", 19513
"WARSZAWA ANIN", 19445
"SZANCERA", 19438
"PŁOWIECKA", 19351
"DOMANIEWSKA", 19307
"BARTYCKA", 19237
"PŁOCKA-SZPITAL", 19000
"PKP SŁUŻEWIEC", 18998
"CONRADA", 18967
"TOR STEGNY", 18935
"BOGUSŁAWSKIEGO", 18870
"ORDONA", 18837
"SZPITAL MSW", 18808
"CENTRUM NAUKI KOPERNIK", 18703
"DW. WSCHODNI (LUBELSKA)", 18690
"SZWEDZKA", 18684
"ŚW. WINCENTEGO", 18619
"KOŁO", 18457
"HALE BANACHA", 18368
"CM. WAWRZYSZEWSKI", 18358
"BIAŁOWIEJSKA", 18334
"KRÓLIKARNIA", 18332
"IWICKA", 18318
"DEOTYMY", 18185
"AWF", 18098
"KIELECKA", 18089
"BERESTECKA", 18021
"KENIGA", 18012
"POMNIK LOTNIKA", 17980
"PL. HALLERA", 17936
"TORWAR", 17921
"GWIAŹDZISTA", 17811
"BRÓDNOWSKA", 17772
"HORBACZEWSKIEGO", 17744
"WARSZAWA FALENICA", 17699
"RYŻOWA", 17634
"MARYSIN", 17633
"PŁOCHOCIN", 17610
"ŻYTNIA", 17577
"BATUMI", 17566
"ŁOJEWSKA", 17528
"ABRAHAMA", 17525
"WOŁOSKA", 17470
"GORASZEWSKA", 17440
"CM. WOLSKI", 17330
"OS. DERBY", 17281
"WARSZAWA MIĘDZYLESIE", 17241
"PKP URSUS-NIEDŹWIADEK", 17240
"TARGÓWEK-RATUSZ", 17210
"KS. POPIEŁUSZKI", 17201
"KAZUBÓW", 17160
"MARYNIN", 17040
"CHOTOMÓW", 17020
"SKOROSZEWSKA", 16984
"WARSZAWA RADOŚĆ", 16894
"ZALESIE GÓRNE", 16782
"ROMASZEWSKIEGO", 16746
"CH TARGÓWEK", 16711
"JÓZEFÓW", 16690
"CHOMICZÓWKA", 16655
"STRZELECKIEGO", 16620
"ZIELONKA", 16595
"CH BLUE CITY", 16590
"OS. POTOK", 16556
"OTWOCK", 16451
"SZWOLEŻERÓW", 16448
"CM. WŁOSKI", 16357
"ŁOPUSZAŃSKA", 16314
"PKP URSUS", 16311
"ASPEKT", 16307
"ELBLĄSKA", 16287
"WARSZAWA REMBERTÓW", 16275
"POPIELA", 16183
"UMIŃSKIEGO", 16009
"SARMACKA", 15989
"BIBLIOTEKA NARODOWA", 15949
"WSPÓLNA", 15923
"PL. ZAMKOWY", 15912
"WARSZAWA WESOŁA", 15911
"GRENADIERÓW", 15871
"TOPOGRAFICZNA", 15812
"WAT", 15707
"KONDRATOWICZA", 15618
"LEGIONOWO", 15604
"WOŁOMIN SŁONECZNA", 15573
"GRODKOWSKA", 15484
"KULSKIEGO", 15454
"KSIĄŻĘCA", 15381
"KOMORÓW", 15373
"NOVOTEL", 15372
"GOCŁAWSKA", 15355
"STARA MIŁOSNA", 15346
"CIEPŁOWNIA WOLA", 15321
"WARSZAWA GOŁĄBKI", 15297
"KOCJANA", 15250
"PKP WŁOCHY", 15121
"WRÓBLA", 15001
"SZKOLNA", 14992
"ŚWIĘTOKRZYSKA", 14969
"CH PROMENADA", 14958
"NORBLIN", 14907
"PRZY AGORZE", 14835
"DALIBORA", 14766
"JULIANOWSKA", 14653
"MODLIN", 14605
"KOBYŁKA-OSSÓW", 14567
"STADION NARODOWY", 14559
"BANACHA-SZPITAL", 14532
"POWĄZKI-CM. WOJSKOWY", 14488
"MALBORSKA", 14281
"PL. POLITECHNIKI", 14242
"WARSZAWA OKĘCIE", 14232
"CZŁUCHOWSKA", 14231
"TUŻYCKA", 14182
"ZĄBKI", 14140
"DŁUGOSZA", 13968
"WARSZAWA GOCŁAWEK", 13768
"MŁYNARSKA", 13738
"KRÓLOWEJ MARYSIEŃKI", 13656
"ŚWIĄTYNIA OPATRZNOŚCI BOŻEJ", 13453
"KONSTRUKTORSKA", 13447
"MALCZEWSKIEGO", 13443
"SMOCZA", 13432
"ŚW. HIERONIMA", 13376
"RECHNIEWSKIEGO", 13373
"INSTYTUT NEUROLOGII", 13327
"POPULARNA", 13287
"LUBELSKA", 13284
"WITEBSKA", 13282
"MOŁDAWSKA", 13231
"BLISKA", 13163
"GRODZISK MAZ.", 13157
"NOWY ŚWIAT", 13146
"SZPITAL BIELAŃSKI", 13093
"NOWY ŚWIAT-UNIWERSYTET", 13075
"KINOWA", 13061
"ADAMIECKIEGO", 13036
"LEŻAJSKA", 12983
"URSYNÓW ZACH.", 12941
"DZIECI WARSZAWY", 12889
"NOWE WŁOCHY", 12889
"GORZYKOWSKA", 12862
"KLARYSEWSKA", 12849
"SGGW-KLINIKA", 12799
"SOBIESKIEGO", 12796
"KOSTRZEWSKIEGO", 12794
"JÓRSKIEGO", 12787
"ANNOPOL", 12764
"OS. MAJDAŃSKA", 12754
"DKS TARGÓWEK", 12728
"HALINÓW", 12697
"ZAJĘCZA", 12582
"POLINEZYJSKA", 12580
"ORLICH GNIAZD", 12569
"KĄTY GRODZISKIE", 12508
"ŚLIWICE", 12480
"SOKRATESA", 12445
"CISZEWSKIEGO", 12441
"STANIEWICKA", 12401
"SOSNKOWSKIEGO", 12401
"W-WA WOLA GRZYBOWSKA", 12329
"PIASECZNO", 12221
"MILENIJNA", 12201
"WOŁOMIN", 12120
"OKRĄGŁA", 12106
"CHŁOPICKIEGO", 12071
"GRENADY", 12065
"TRUSKAWIECKA", 12020
"OS. ARBUZOWA", 11839
"ŁUKOWSKA", 11792
"WARNEŃSKA", 11678
"STĘPIŃSKA", 11651
"DZIERŻONIOWSKA", 11621
"Warszawa Salomea", 11478
"FABRYCZNA", 11466
"PKP KOŁO", 11459
"PODLEŚNA-IMiGW", 11447
"KIERBEDZIA", 11415
"PKP TORUŃSKA", 11386
"JAKTORÓW", 11361
"WARSZAWA CHOSZCZÓWKA", 11328
"SPISAKA", 11299
"NOSKOWSKIEGO", 11282
"PL. BERNARDYŃSKI", 11249
"KWATERY GŁÓWNEJ", 11176
"WIELICKA", 11150
"KS POLONIA", 11051
"PIĘKNA", 11044
"TRAUGUTTA", 11016
"OS. WILGA", 11002
"PL. PIŁSUDSKIEGO", 10982
"KU WIŚLE", 10964
"MIKLASZEWSKIEGO", 10959
"RACJONALIZACJI", 10954
"PERZYŃSKIEGO", 10834
"STACJA KRWIODAWSTWA", 10818
"Warszawa Ochota WKD", 10813
"CENTRUM ONKOLOGII", 10813
"OKULAROWA", 10765
"CZYNSZOWA", 10761
"ŁABISZYŃSKA", 10744
"PARAFIALNA", 10743
"GARWOLIŃSKA", 10656
"POLECZKI", 10628
"MŁODZIEŃCZA", 10533
"POWSTAŃCÓW", 10527
"DO FORTU", 10523
"JADŹWINGÓW", 10487
"PARK SKARYSZEWSKI", 10450
"MŁOCINY-UKSW", 10428
"FALENICA", 10412
"SUWAK", 10370
"MAGISTRACKA", 10368
"PIASTÓW ŚLĄSKICH", 10352
"PKP OLSZYNKA GROCHOWSKA", 10343
"RAGINISA", 10339
"HANDLOWA", 10295
"NOWOURSYNOWSKA", 10245
"TOPIEL", 10244
"GOLĘDZINÓW", 10181
"PUSTELNIK", 10158
"KICKIEGO", 10148
"WIEJSKA", 10117
"WARSZAWA PRAGA", 10073
"EKSPRESOWA", 10026
"KOŚCIÓŁ", 10024
"MADALIŃSKIEGO", 10016
"ZAJEZDNIA KLESZCZOWA", 9931
"MONTE CASSINO", 9899
"BIAŁOŁĘKA-RATUSZ", 9899
"BRACI WAGÓW", 9897
"FORT BLIZNE", 9885
"PKP POWIŚLE", 9884
"CMENTARZ", 9880
"URSUS-RATUSZ", 9862
"OGIŃSKIEGO", 9856
"MARYMONT-POTOK", 9839
"KAROLKOWA", 9838
"BEREZYŃSKA", 9803
"GEN. ZAJĄCZKA", 9749
"URZĄD MIASTA", 9737
"BIELANY-RATUSZ", 9711
"WAŁ MIEDZESZYŃSKI", 9694
"PL. INWALIDÓW", 9679
"SULEJÓWEK", 9542
"LUSIŃSKA", 9450
"STRĄKOWA", 9398
"WARSZAWA TORUŃSKA", 9376
"REMBERTÓW-KOLONIA", 9368
"STEFANIKA", 9365
"BUDOWLANA", 9260
"SAMOCHODOWA", 9250
"KRYNOLINY", 9242
"CM. BRÓDNOWSKI", 9225
"URSYNÓW PŁD.", 9178
"PIOTRA SKARGI", 9140
"WARSZAWA PŁUDY", 9123
"METRO CENTRUM NAUKI KOPERNIK", 9095
"OŻARÓW MAZ.", 9029
"DW. ZACHODNI (TUNELOWA)", 9012
"TRAWIASTA", 9003
"TARNOWIECKA", 8975
"SKOROSZE", 8947
"JESIENNYCH LIŚCI", 8936
"BŁONIE", 8920
"ARESZT ŚLEDCZY SŁUŻEWIEC", 8903
"RASZYŃSKA", 8877
"KONWALIOWA", 8847
"GALLA ANONIMA", 8835
"KOCHANOWSKIEGO", 8827
"BUKOWIŃSKA", 8781
"REDUTOWA", 8750
"BALEYA", 8664
"ANTKA ROZPYLACZA", 8664
"KLAUDYNY", 8639
"KOBYŁKA", 8632
"ARMATNIA", 8629
"ZARUSKIEGO", 8611
"SIEKIERKI-SANKTUARIUM", 8601
"WARSZAWA OLSZYNKA GROCH.", 8553
"DZIKA", 8526
"VOGLA", 8511
"FIGOWA", 8493
"ŻEROMSKIEGO", 8491
"LIPOWCZANA", 8473
"RADIOWA-WAT", 8473
"REGULSKA", 8422
"WIŚNIOWA", 8388
"MEISSNERA", 8376
"PL. TYSIĄCLECIA", 8375
"TELIGI", 8322
"RAKOWIECKA-SANKTUARIUM", 8320
"SPARTAŃSKA", 8260
"WYNALAZEK", 8223
"ZAJEZDNIA WORONICZA", 8189
"WITANÓW", 8169
"ROZŁOGI", 8166
"MENNICA", 8145
"ZAKRZEWSKA", 8130
"MIŃSK MAZ. ANIELINA", 8119
"MOST ŚWIĘTOKRZYSKI", 8105
"PIMOT", 8088
"WKD RAKÓW", 8072
"ŁOWICKA", 8040
"LALKI", 8036
"OS. LEŚNE", 8021
"TRAKT LUBELSKI", 7998
"WRONIA", 7996
"ZAJEZDNIA ŻOLIBORZ", 7954
"ŚNIEGOCKIEJ", 7932
"SOLEC", 7886
"GEN. MACZKA", 7873
"KLUB LIRA", 7872
"BARTNICZA", 7825
"KOŁOWA", 7806
"KANAŁ ŻERAŃSKI", 7776
"AL. 3 MAJA", 7770
"REZEDOWA", 7767
"GRODZISK", 7722
"PKP PIASECZNO", 7716
"SIEMIATYCKA", 7704
"TARCHOMIN KOŚCIELNY", 7697
"WAŁOWICKA", 7692
"REJTANA", 7684
"DUNIKOWSKIEGO", 7667
"CISIE", 7667
"JASNA", 7654
"WARSZAWA WOLA GRZYBOWSKA", 7649
"AL. SOLIDARNOŚCI", 7589
"ŻERAŃ WSCHODNI", 7559
"PL. NIEMENA", 7539
"NIEDŹWIEDZIA", 7484
"PIECHURÓW", 7447
"Warszawa Zachodnia WKD", 7433
"ARMII KRAJOWEJ", 7428
"KRASICKIEGO", 7422
"PKP ZACISZE-WILNO", 7418
"OBROŃCÓW TOBRUKU", 7403
"BYTNARA", 7396
"WARSZAWSKA", 7307
"LAZUROWA", 7293
"SPORTOWA", 7291
"ORLA", 7283
"PLATERÓWEK", 7266
"KONDUKTORSKA", 7241
"DOJAZDOWA", 7193
"BOGATKI", 7170
"ZAPUSTNA", 7149
"OBRAZKOWA", 7139
"WARSZAWA URSUS PŁN.", 7130
"OŚRODEK WOJSKOWY", 7090
"DĄBROWSKIEGO", 7079
"ORZYCKA", 7043
"MIKOŁAJSKA", 7034
"RADAROWA", 7026
"PARK POSTĘPU", 7007
"NOWY DWÓR MAZ.", 6972
"KAJKI", 6949
"SMOLUCHOWSKIEGO", 6932
"NIZINNA", 6928
"BOHATEREWICZA", 6912
"UKSW", 6897
"NAMYSŁOWSKA", 6862
"KWITNĄCA", 6853
"Nowa Wieś Warszawska", 6846
"MOST SIEKIERKOWSKI", 6828
"ŻUROMIŃSKA", 6775
"WYBRZEŻE HELSKIE", 6743
"BEETHOVENA", 6731
"LESZNO", 6713
"MYCIELSKIEGO", 6702
"MIŁOBĘDZKA", 6689
"LEGIA-STADION", 6654
"PRYSTORA", 6636
"TELEWIZJA POLSKA", 6634
"NOWOLIPIE", 6629
"OS. KABATY", 6610
"ROGALIŃSKA", 6606
"NIK", 6598
"PRZASNYSKA", 6588
"ŁAZIENKI KRÓLEWSKIE", 6571
"WIDAWSKA", 6554
"OS. NOWY MOKOTÓW", 6519
"Warszawa Al. Jerozolimskie", 6517
"PRZY PARKU", 6504
"POGODNA", 6504
"PARK BRÓDNOWSKI", 6492
"BRAZYLIJSKA", 6483
"TAGORE'A", 6476
"SGGW-BIBLIOTEKA", 6470
"SZUBERTA", 6469
"PRZYBYSZEWSKIEGO", 6469
"INSTYTUT LOTNICTWA", 6456
"HENRYKA BRODATEGO", 6431
"PL. KASZTELAŃSKI", 6415
"ZACHĘTA", 6387
"EC ŻERAŃ", 6361
"GDECKA", 6336
"OSIEDLE MŁODYCH", 6333
"USTANÓWEK", 6319
"TARNINY", 6306
"ŁOSOSIOWA", 6299
"CONRADA-SZKOŁA", 6257
"KOŃSKI JAR", 6249
"MIĘDZYLESIE", 6223
"HERBSTA", 6221
"MYSZKOWSKA", 6155
"3 MAJA", 6143
"PL. TEATRALNY", 6137
"OS. LEWANDÓW I", 6098
"Dw. Centralny", 6097
"BAZYLIAŃSKA", 6087
"OS. ISKRA", 6060
"AL. WIELKOPOLSKI", 6059
"PŁASKOWICKIEJ", 6058
"REMBERTÓW-AKADEMIA", 6019
"SKOROCHÓD-MAJEWSKIEGO", 6011
"PŁYTOWA", 6010
"ORZESZKOWEJ", 6003
"ŚWIDERSKA", 6002
"NAŁĘCZOWSKA", 5992
"URSUS-NIEDŹWIADEK", 5964
"KLASYKÓW", 5958
"MIŃSK MAZ.", 5948
"RUDZKA", 5941
"KOMITETU OBRONY ROBOTNIKÓW", 5924
"ZIELONA", 5914
"RUMIANKOWA", 5911
"OS. DERBY VI", 5908
"DZIAŁKOWA", 5906
"ROLANDA", 5899
"BIAŁOBRZESKA", 5885
"Reguły", 5873
"WOJNICKA", 5866
"IWICZNA", 5855
"PL. GRZYBOWSKI", 5850
"LIMANOWSKIEGO", 5837
"MARMUROWA", 5812
"ARBUZOWA", 5795
"OGRODY DZIAŁKOWE KAWĘCZYN", 5775
"OŚ KRÓLEWSKA", 5761
"SUWALSKA", 5738
"WIŚLICKA", 5728
"HOŁUBCOWA", 5724
"PRATULIŃSKA", 5721
"SYMPATYCZNA", 5710
"STAWY", 5702
"HARFOWA", 5700
"CZARNIECKIEGO", 5697
"ODYŃCA", 5670
"JEZIORKO CZERNIAKOWSKIE", 5592
"DOMANIEWSKA OFFICE PARK", 5585
"FRANCUSKA", 5580
"SÓJKI", 5553
"DZIEWANOWSKA", 5544
"ŁAGIEWNICKA", 5540
"NOWY ZJAZD", 5497
"IX POPRZECZNA", 5491
"PAROWCOWA", 5486
"WYBRZEŻE SZCZECIŃSKIE", 5483
"BARTŁOMIEJA", 5480
"ZAGOŚCINIEC", 5473
"KAPITULNA", 5469
"GRZYBOWA", 5453
"MOKOTOWSKA", 5448
"HALLERA", 5374
"STARE ŚWIDRY", 5354
"JANÓWEK", 5352
"PKP PRUSZKÓW", 5324
"TARGÓWEK", 5323
"TROCKA", 5303
"CZORSZTYŃSKA", 5298
"MALINOWSKIEGO", 5292
"BIBLIOTEKA UNIWERSYTECKA", 5280
"TOR KOLARSKI", 5278
"MOST GDAŃSKI", 5266
"WARSZAWA OLSZYNKA GROCHOWSKA", 5264
"PATKOWSKIEGO", 5207
"DS RIVIERA", 5201
"Michałowice", 5195
"GRABÓW", 5195
"MODLIN LOTNISKO", 5182
"CHŁODNA", 5167
"KAKOWSKIEGO", 5154
"TORFOWA", 5134
"ORLĄT LWOWSKICH", 5133
"OS. STASZICA/PĘTLA", 5124
"DOBCZYN", 5119
"KOŚCIUSZKI", 5096
"PKP GOCŁAWEK", 5030
"BUKOWSKIEGO", 5029
"HENRYKÓW", 5006
"STARODĘBY", 5000
"LANCIEGO", 4994
"PKP REMBERTÓW", 4992
"PKP ANIN", 4990
"PKP RADOŚĆ", 4988
"ODLEWNICZA", 4962
"MACZKA", 4931
"WYCZÓŁKI", 4929
"SPISKA", 4914
"SIEMIEŃSKIEGO", 4907
"BIELAŃSKA", 4901
"POLSKIE RADIO", 4895
"METRO STADION NARODOWY", 4877
"KONOPACKA", 4873
"AGRYKOLA", 4868
"WOJSKA POLSKIEGO", 4866
"ZIELENIECKA", 4860
"PKP URSUS PŁN.", 4849
"ORZECHOWA", 4822
"GRZYMALITÓW", 4772
"INSTRUKTORSKA", 4763
"DZIELNA", 4732
"ENERGETYCZNA", 4725
"ODESKA", 4716
"PKP FALENICA", 4710
"OKNICKA", 4709
"HALA SPORTOWA BEMOWO", 4699
"MEKSYKAŃSKA", 4691
"ŻOŁNY", 4690
"OS. DERBY III", 4690
"KOMPASOWA", 4659
"NARWIK", 4649
"FORT BEMA", 4625
"DRZEWORYTNIKÓW", 4622
"WARSZAWA ŻERAŃ", 4615
"SYPNIEWSKA", 4608
"ŁYSAKOWSKA", 4587
"GRANICZNA", 4575
"ŚWIĘTOJERSKA", 4570
"NATOLIN PŁN.", 4550
"PRZEDPOLE", 4533
"BURSZTYNOWA-SZPITAL", 4511
"CZWARTAKÓW", 4502
"TEATR KOMEDIA", 4498
"NOWA IWICZNA", 4469
"BOHOMOLCA", 4464
"DWORCOWA", 4458
"TRASA ŁAZIENKOWSKA", 4458
"KOŚCIELISKA", 4446
"PKP ŻERAŃ", 4422
"LASEK NA KOLE", 4419
"NOCZNICKIEGO", 4415
"KS POLONEZ", 4405
"Tworki", 4398
"NIEMCEWICZA", 4394
"TKACZY", 4372
"TABOROWA", 4369
"KOBIAŁKA-SZKOŁA", 4345
"POTULICKA", 4314
"WOŁOMIŃSKA", 4291
"LAS BIELAŃSKI", 4285
"WARSZAWA MOKRY ŁUG", 4271
"KONWIKTORSKA", 4265
"WARSZAWA DAWIDY", 4257
"STRUMYKOWA", 4237
"DĄBRÓWKA SZLACHECKA", 4232
"WODNIAKÓW", 4228
"STRYJEŃSKICH", 4178
"WYSZOGRODZKA", 4156
"LISTONOSZY", 4148
"PIRENEJSKA", 4143
"RODŁA", 4133
"BOERNEROWO", 4123
"SIWIŃSKIEGO", 4121
"TECHNIKÓW", 4119
"RKS ORZEŁ", 4114
"PORAJÓW", 4112
"KOSYNIERÓW", 4095
"NORWIDA", 4090
"JARZĘBINOWA", 4083
"PL. SZWEDZKI", 4077
"WIELOWIEJSKA", 4065
"PIASTA KOŁODZIEJA", 4026
"ZWYCIĘZCÓW", 4022
"OBRZEŻNA", 4022
"PL. KRASIŃSKICH", 4014
"AL. JANA PAWŁA II", 3995
"ADAMPOLSKA", 3964
"BIELSZOWICKA", 3953
"MAŁEJ ŁĄKI", 3952
"TUŁOWICKA", 3938
"TŁUSZCZ", 3908
"PIĘCIOLINII", 3886
"KOMBAJNISTÓW", 3878
"WŁADYSŁAWA HERMANA", 3872
"MARKOWSKA", 3859
"NOAKOWSKIEGO", 3858
"POTOCKICH", 3850
"BELGRADZKA", 3845
"KS. SITNIKA", 3834
"ODRODZENIA", 3832
"KSIĘCIA BOLESŁAWA", 3807
"INOWŁODZKA", 3795
"PKP MIĘDZYLESIE", 3792
"MASZEWSKA", 3785
"DW. GDAŃSKI (RYDYGIERA)", 3785
"CHYLICZKOWSKA-TECHNIKUM", 3777
"URBANISTÓW", 3768
"MANDARYNKI", 3761
"LEKTYKARSKA", 3754
"ŚMIGIELSKA", 3741
"STERNICZA", 3741
"MIĘDZYBORÓW", 3740
"MIŃSKA", 3734
"ŚRENIAWITÓW", 3707
"MAKOLĄGWY", 3701
"KONCERTOWA", 3697
"ZAPLECZE", 3689
"ZAJEZDNIA REDUTOWA", 3689
"SKARBKA Z GÓR", 3672
"JARACZA", 3659
"MICHAŁÓW-REGINÓW", 3650
"PELCOWIZNA", 3645
"OPACZEWSKA", 3629
"LUCERNY", 3618
"SIEDLCE", 3613
"LAMINA", 3599
"HOSPICJUM ONKOLOGICZNE", 3598
"MALINOWA", 3571
"KLASZTORNA", 3559
"SUZINA", 3548
"POŻAROWA", 3521
"BATALIONÓW CHŁOPSKICH", 3506
"1 SIERPNIA", 3499
"NALEWKI-MUZEUM", 3499
"PŁUŻAŃSKA", 3491
"PODZAMCZE", 3490
"Opacz", 3480
"FORT WAWRZYSZEW", 3479
"INFLANCKA", 3479
"ŚNIEŻNA", 3476
"ANDERSENA", 3471
"BUDEXPO", 3468
"CZERNIAKOWSKA", 3467
"TERMINAL CARGO", 3463
"GOCŁAWEK WSCHODNI", 3458
"CHODAKOWSKA", 3457
"MADALIŃSKIEGO-SZPITAL", 3448
"PRZEBIEG", 3447
"PUŁASKIEGO", 3439
"TOŁSTOJA", 3427
"KOSIARZY", 3403
"LEWINOWSKA", 3393
"KARCZOCHA", 3389
"PELIKANÓW", 3386
"MAŁCUŻYŃSKIEGO", 3383
"MŁYN", 3383
"OKĘCIE BUSINESS PARK", 3376
"SANGUSZKI", 3364
"ŻUPNICZA", 3356
"NOWODWORSKA", 3355
"MIŁA", 3355
"PODSKARBIŃSKA", 3334
"STEFANA BATOREGO", 3314
"KAROLIN", 3313
"NOWAKA-JEZIORAŃSKIEGO", 3310
"ODRĘBNA", 3308
"KLIMONTOWSKA", 3305
"WALEREGO SŁAWKA", 3302
"POSAG 7 PANIEN", 3292
"POWSINEK", 3289
"BUKÓW", 3287
"POMOLOGICZNA", 3280
"TWARDOWSKA", 3265
"OS. ZIELONY STAW", 3263
"OBOZOWA", 3258
"ARMII \"POZNAŃ\"", 3250
"OGRODY DZIAŁKOWE CZERNIAKÓW", 3247
"KAPELI", 3243
"DRZEWIECKIEGO", 3242
"MOST GROTA-ROWECKIEGO", 3229
"BRATA ALBERTA", 3227
"OGRÓD DZIAŁKOWY IM. WARNEŃCZYKA", 3225
"CHODECKA", 3216
"KANAŁ GOCŁAWSKI", 3183
"CM. PRAWOSŁAWNY", 3178
"SOLIDNA", 3177
"JAROSŁAWSKA", 3173
"KORSAKA", 3155
"OGÓRKOWA", 3151
"CYTADELA", 3126
"CHOSZCZÓWKA", 3111
"POŻARYSKIEGO", 3102
"DĘBE WIELKIE", 3099
"MICKIEWICZA", 3098
"ŁOWCZA", 3093
"OS. JANTAR", 3092
"Centrum", 3084
"OS. DOMANIEWSKA", 3084
"WARCHAŁOWSKIEGO", 3080
"INSTYTUT HEMATOLOGII", 3075
"CICHA", 3072
"ASTRONAUTÓW", 3068
"PRASOWA", 3067
"MYSIADŁO", 3056
"POMIECHOWSKA", 3055
"WOLNOŚCI", 3055
"NA SKRAJU", 3054
"JADWISIN", 3050
"PILECKIEGO", 3027
"BUDZIŃSKIEJ-TYLICKIEJ", 3022
"WRZECIONO", 3014
"Kanie Helenowskie", 3000
"11 LISTOPADA", 2993
"SZAFARZY", 2993
"Pruszków WKD", 2982
"RYBNA", 2982
"CHMIELNA", 2969
"POLNA", 2955
"PKP LEGIONOWO", 2954
"BYSTRA", 2945
"OSMAŃSKA", 2944
"MEGASAM", 2943
"MAGIERA", 2925
"RYNEK", 2917
"ZAŚCIANKOWA", 2912
"KSIĘŻYCOWA", 2909
"PIASECZNICA", 2901
"CZERWONYCH BERETÓW", 2897
"SIODLARSKA", 2891
"DĄBRÓWKA", 2882
"KRYNICZNA", 2864
"ŁUKOWA", 2859
"NADZIEI", 2855
"DUCHNICKA", 2844
"OS. BERNARDYŃSKA", 2843
"RONDO ŻABCZYŃSKIEGO", 2841
"POLMO", 2833
"WALECZNYCH", 2821
"SOBOCKA", 2818
"KAMIŃSKIEGO", 2794
"ALUZYJNA", 2793
"WOJSŁAWICKA", 2788
"POETÓW", 2786
"ŁOMIANKI-CENTRUM", 2784
"KOLEJKA PIASECZYŃSKA", 2767
"ZABRANIECKA", 2766
"PARK ZDROJOWY", 2763
"TANGO", 2763
"URZĄD GMINY", 2763
"CENTRUM TARGOWE", 2744
"URZĄD STATYSTYCZNY", 2743
"PODOLSKA", 2742
"RYBNICKA", 2741
"WARSZAWA JEZIORKI", 2739
"WIELISZEW", 2736
"CZATÓW", 2736
"PAŁACOWA", 2732
"ATEŃSKA", 2721
"GROTY", 2720
"PKP WAWER", 2690
"POWSTAŃCÓW WARSZAWY", 2673
"POMNIK SAPERA", 2672
"MAKLAKIEWICZA", 2668
"INSTYTUT KARDIOLOGII", 2666
"HETMAŃSKA", 2664
"SOŁTYKA", 2654
"GOŁKOWSKA", 2648
"PODKOWA LEŚNA GŁÓWNA", 2648
"ĆWIKLIŃSKIEJ", 2647
"ESKULAPÓW", 2644
"KOŁBIEL", 2637
"OBJAZDOWA", 2626
"ALEKSANDRÓW", 2597
"HASSA", 2579
"OSTRÓDZKA", 2579
"JURAJSKA", 2575
"CZARNA STRUGA", 2570
"DZIERZGOŃSKA", 2568
"OLSZOWA", 2568
"JASIELSKA", 2567
"STRUGA", 2558
"URSUS-SANKTUARIUM", 2548
"WIERTNICZA", 2548
"SZASERÓW", 2538
"CIOŁKOSZA", 2537
"GŁĘBOCKA", 2519
"PRZEWORSKA", 2516
"ZGODA", 2508
"FLETNIOWA", 2507
"BIAŁOŁĘKA DWORSKA", 2494
"JESIONOWA", 2488
"TŁUCHOWSKA", 2483
"RONDO DASZYŃSKIEGO - ", 2470
"KLAMROWA", 2464
"BOROWA", 2462
"STOICKA", 2456
"EDISONA", 2444
"NARODOWA", 2439
"Krucza", 2438
"GILARSKA", 2438
"EC SIEKIERKI", 2432
"SADKOWSKA", 2423
"WOJCIECHOWSKIEGO", 2420
"ZERZEŃ", 2419
"RYBAŁTÓW", 2410
"OS. ORLIK", 2407
"TYLŻYCKA", 2393
"SIENNICKA", 2392
"WRZOSÓW", 2387
"PADEREWSKIEGO", 2382
"LERCHA", 2380
"DĘBOWA", 2377
"PKP MIEDZESZYN", 2377
"AL. WOJSKA POLSKIEGO", 2370
"SANKTUARIUM", 2361
"BAREI", 2361
"KANAŁ NOWE UJŚCIE", 2361
"LINDLEYA", 2358
"SZPITALNA", 2356
"Malichy", 2354
"ZAMENHOFA", 2348
"WAWER-RATUSZ", 2343
"Otrębusy", 2339
"SEROKI", 2334
"Podkowa Leśna Zachodnia", 2323
"SUCHA ŻYRARDOWSKA", 2318
"KASZTANOWA", 2312
"ZALESINEK", 2310
"MARCELIN", 2294
"KWIATOWA", 2291
"SIEDLISKOWA", 2273
"SOSNOWA", 2268
"MIELCZARSKIEGO", 2267
"Wiatraczna", 2266
"MOTYLKOWA", 2257
"KS. SKORUPKI", 2254
"ROZŁUCKA", 2253
"NOWY SĘKOCIN", 2240
"PIELĘGNIAREK", 2239
"UTRATA", 2237
"TRZYKROTKI", 2237
"DULAG", 2236
"GEODEZYJNA", 2225
"JANKI MAŁE", 2214
"PARK MŁOCIŃSKI", 2213
"LEŚNEJ POLANKI", 2210
"PL. PRZYMIERZA", 2209
"PIASTOWSKA", 2208
"MARIENSZTAT", 2200
"NIEDZIAŁKOWSKIEGO", 2192
"KRÓLOWEJ BONY", 2190
"SZARYCH SZEREGÓW", 2182
"ORACZY", 2180
"NACZELNIKOWSKA", 2178
"Podkowa Leśna Wschodnia", 2167
"WIOSENNA", 2151
"GRODZISK MAZ. RADOŃSKA", 2150
"WINNICA", 2148
"MAŃKI-WOJDY", 2147
"WAŁBRZYSKA-CMENTARZ", 2144
"JERZEGO", 2130
"BOŻA WOLA", 2129
"WERSALSKA", 2128
"INTERNETOWA", 2121
"BOBROWIECKA", 2117
"PERKUNA", 2114
"JAGIELSKA", 2085
"POMORSKA", 2082
"SOCHACZEW", 2081
"CYKLAMENÓW", 2073
"JURANDA ZE SPYCHOWA", 2053
"SANTOCKA", 2052
"KANAŁ BRÓDNOWSKI", 2047
"SREBRNYCH ŚWIERKÓW", 2041
"CHUDOBY", 2039
"WESOŁA-RATUSZ", 2036
"PROZY", 2035
"WARSZAWA ZOO", 2033
"CH REDUTA", 2031
"PKP MOKRY ŁUG", 2029
"POMIECHÓWEK", 2028
"FARADAYA", 2027
"KŁOBUCKA", 2022
"Metro Wilanowska", 2018
"WOLA GRZYBOWSKA", 2018
"TRAKT LUBELSKI-LAS", 2018
"BOHUSZEWICZÓWNY", 2012
"POGORZEL WARSZAWSKA", 1993
"WIOLINOWA", 1990
"WIRAŻOWA", 1974
"Park Praski", 1968
"PUSTOLA", 1968
"JEZIOROWA", 1963
"CYNAMONOWA", 1963
"BERENSONA", 1952
"BEŁZY", 1952
"CHODKIEWICZA", 1950
"OS. RUDA", 1947
"WĄSKA", 1943
"OSMAŃSKA-DHL", 1936
"DUCHNÓW", 1926
"RAABEGO", 1912
"KOMPUTEROWA", 1897
"JULIANOWSKA-CMENTARZ", 1893
"PIASKOWA", 1880
"DANUSI", 1873
"KARCZUNKOWSKA", 1864
"LEŚNA", 1853
"SZACHOWA", 1851
"CENTRUM MODY", 1848
"WĄWOZOWA", 1841
"SPÓŁDZIELNIA NOMA", 1838
"PRZYDROŻNA", 1838
"WIERUCHOWSKA", 1836
"REMBERTÓW-RATUSZ", 1828
"ŁOKIETKA", 1818
"LOKAJSKIEGO", 1818
"WSPÓŁCZESNA", 1814
"PKP GRODZISK MAZOWIECKI", 1811
"GONTARSKA", 1807
"CHĘCIŃSKA", 1804
"CENTRUM ZDROWIA DZIECKA", 1803
"SAGALLI", 1801
"BORKÓW", 1796
"PANCERA", 1790
"OGRODY DZIAŁKOWE PIASKI", 1780
"GOŚCIERADOWSKA", 1766
"PL. MAŁACHOWSKIEGO", 1765
"BARCZĄCA", 1764
"CM. PÓŁNOCNY-BRAMA GŁ.", 1760
"PEONII", 1758
"RUBINOWA", 1758
"ŁUKASZCZYKA", 1739
"KRASNOWOLA", 1737
"DOBOSZA", 1729
"DŁUGORZECZNA", 1726
"BYSŁAWSKA", 1721
"OKRĘŻNA", 1717
"OS. OLSZYNY", 1717
"WARSZAWA ZACISZE - WILNO", 1712
"ŻYRARDÓW", 1711
"MODLIŃSKA", 1709
"Metro Młociny", 1706
"OS. WYŻYNY", 1700
"KACZMARSKIEGO", 1699
"JAWCZYCE", 1692
"DZIEKANÓW LEŚNY", 1687
"AGATOWA", 1684
"RUSKOWY BRÓD", 1671
"PKP OKĘCIE", 1670
"BRODY WARSZAWSKIE", 1666
"rondo \"Radosława\"", 1664
"ROKOSOWSKA", 1661
"OGRODY DZIAŁKOWE WILANÓWKA", 1658
"OS. PRZYLESIE", 1649
"P+R Al. Krakowska", 1648
"GŁOWACKIEGO", 1643
"ŻONKILOWA", 1641
"OS. MARYWILSKA", 1636
"NOWINY", 1634
"RZEMIEŚLNICZA", 1632
"HANKI ORDONÓWNY", 1630
"pl. Starynkiewicza", 1627
"RADZYMIŃSKA", 1623
"BRACI ZAWADZKICH", 1615
"POWĄZKI-IV BRAMA", 1609
"CHRZĘSNE", 1603
"KOPCIŃSKIEGO", 1600
"FRANCISZKAŃSKA", 1594
"ĆMIELOWSKA", 1591
"JURANDA ZE SPYCHOWA-SZKOŁA", 1589
"DROGOWA", 1588
"ŻYWIECKA", 1585
"Ząbkowska", 1585
"PKP GOŁĄBKI", 1585
"PODBIPIĘTY", 1579
"NASIELSK", 1579
"TERMINAL AUTOKAROWY", 1573
"PARCELACYJNA", 1570
"Warszawa Lotnisko Chopina", 1565
"STRZELECKA", 1563
"WYSPIAŃSKIEGO", 1559
"KSAWERÓW", 1555
"os. Górczewska", 1549
"JASIENICA MAZ.", 1546
"SIEKIERKOWSKA", 1546
"ROGOWSKA", 1540
"ŚNIADECKICH", 1535
"LEBIODOWA", 1521
"Nowodwory", 1518
"PL. KOŚCIUSZKI", 1512
"PUCHAŁY", 1493
"GRABINA", 1492
"OTRĘBUSY", 1489
"KAFLOWA", 1485
"NOWE DĘBE WIELKIE", 1485
"UMIASTOWSKA", 1485
"PAŁAC", 1482
"LWOWSKA", 1481
"PICASSA", 1480
"ZWOLEŃSKA", 1475
"DYREKCJA FSO", 1473
"Kino Femina", 1471
"NADARZYŃSKA", 1460
"SZOLC-ROGOZIŃSKIEGO", 1460
"WIĄZANA", 1453
"KRZYŻANOWSKIEGO", 1448
"DROBIARSKA", 1446
"SŁONECZNA", 1446
"OKRZEI", 1440
"LIPOWA", 1434
"GŁOGI", 1432
"MILANÓWEK GRUDÓW", 1429
"WIERNA", 1429
"CEGŁÓW", 1429
"SZELIGOWSKA-WIADUKT", 1425
"OCZAPOWSKIEGO", 1424
"KUŹNICY KOŁŁĄTAJOWSKIEJ", 1414
"KIEPURY", 1414
"OGRODY DZIAŁKOWE NA SKRAJU", 1413
"SIENKIEWICZA", 1412
"RADIOSTACJA ŁAZY", 1408
"RYDYGIERA", 1401
"PŁUŻNICKA", 1399
"BENNETTA", 1397
"LEGIONOWA", 1396
"RONDO GRANZOWA", 1396
"ZACHODNIA", 1393
"ROGATKOWA", 1383
"KADETÓW", 1383
"GRZEGORZEWSKIEJ", 1376
"GROSZÓWKA", 1376
"POŁUDNIOWA", 1376
"SIERAKOWSKA", 1375
"REKRUCKA", 1371
"KOSAĆCOWA", 1371
"JARA", 1368
"Okopowa", 1366
"RUDNICKIEGO", 1357
"BOLEŚĆ", 1355
"WAFLOWA", 1355
"KOMETY", 1351
"PKP WESOŁA", 1351
"DŁUGA", 1349
"SCHROEGERA", 1349
"ZBARASKA", 1349
"BRONOWSKA", 1349
"OSTRÓDZKA-SZKOŁA", 1343
"rondo Unii Europejskiej", 1340
"BATALIONU WŁOCHY", 1340
"SIENNA", 1338
"FIELDORFA", 1327
"SPADOWA", 1325
"KOŹMIŃSKA", 1322
"PKP JEZIORKI", 1320
"KLARYSEW", 1320
"PRZELOTOWA", 1319
"ICDS", 1314
"KSIĘŻNEJ ANNY", 1311
"ZARUBY", 1305
"KORNELIN", 1304
"ODKRYTA", 1300
"SZYSZKOWA", 1294
"ANNY GERMAN", 1291
"DOSTAWCZA", 1289
"Metro Ratusz Arsenał", 1288
"BYSTRZYCKA", 1287
"JANKI", 1282
"WÓLKA WĘGLOWA", 1279
"LELEWELA", 1277
"CZACHÓWEK GÓRNY", 1274
"RADIOWO", 1268
"CERAMICZNA", 1266
"ROSOCHATA", 1261
"JAGIELLOŃSKA", 1259
"MAGNOLII", 1257
"MIGDAŁOWA", 1254
"WASILKOWSKA", 1249
"POLONEZA", 1242
"ŁOMIANKI-SZKOŁA", 1241
"PL. OSTREJ BRAMY", 1239
"Lotnisko Chopina-Przyloty", 1236
"BARSZCZEWSKA", 1231
"KRAŃCOWA", 1231
"PRZEPIÓRKI", 1230
"MUZEALNA", 1229
"Dw. Wileński", 1225
"WARTKA", 1224
"BRZEZIŃSKA", 1221
"SMUGOWA", 1219
"PKP PŁUDY", 1216
"ANDRUTOWA", 1206
"STAROSTWO", 1205
"OLESIN", 1200
"LAUROWA", 1200
"ŚWIECKA", 1194
"rondo Zesłańców Syberyjskich", 1193
"MIRKOWSKA", 1190
"KUSOCIŃSKIEGO", 1190
"pl. Konstytucji", 1186
"BRUKOWA", 1184
"pl. Zawiszy", 1183
"WALEWSKA", 1183
"rondo Waszyngtona", 1182
"LESZYCKIEGO", 1176
"WILKOWIECKA", 1173
"KĄTNE", 1172
"CUKROWNICZA", 1170
"KADETÓW-KOŚCIÓŁ", 1168
"SUŁKOWICE", 1167
"HARNASIE", 1165
"PODBIAŁOWA", 1165
"SIELANKOWA", 1165
"Warszawa Ochota", 1164
"TURMONCKA", 1164
"RYCERSKA", 1163
"GÓRKI", 1157
"SIEDMIOGRODZKA", 1145
"BŁOTA", 1141
"TABITA", 1141
"INSTYTUT ENERGETYKI", 1141
"TYTUŁOWA", 1140
"SZAMOCIN", 1139
"ŚWIDER-KOŚCIÓŁ", 1125
"PL. SPORTOWY", 1114
"GOŁKÓW-LETNISKO", 1114
"TERESIN-NIEPOKALANÓW", 1105
"KATIUSZY", 1103
"WOŁODYJOWSKIEGO", 1103
"Gocławek", 1101
"RADIOWO-BOCZNICA", 1093
"RACZKIEWICZA", 1089
"SĘKOCIN LAS", 1088
"WAPOWSKIEGO", 1087
"CZACHÓWEK PŁD.", 1087
"Chełmska", 1087
"SAMARYTANKA", 1085
"pl. Grunwaldzki", 1082
"BROWARNA", 1082
"RZECZNA", 1081
"POWOJOWA", 1078
"STADION", 1075
"rondo Starzyńskiego", 1072
"Koszykowa", 1069
"BACHA", 1068
"OS. VICTORIA", 1063
"PRZEKORNA", 1062
"ANNY JAGIELLONKI", 1061
"MAŁE SIEKIERKI", 1059
"Metro Politechnika", 1056
"Inżynierska", 1055
"WIERZBOWA", 1055
"TALAROWA", 1051
"INSUREKCJI", 1051
"PL. PONIATOWSKIEGO", 1048
"rondo ONZ", 1046
"SYTA", 1044
"OS. LAS", 1040
"KOŚCIUSZKI-SZKOŁA", 1038
"TAWUŁKOWA", 1038
"KOCJANA-BOCZNICA", 1037
"pl. Bankowy", 1037
"SZARADY", 1035
"GRUSZY", 1033
"NUGAT", 1030
"SALOMEA", 1027
"KINO BAŚŃ", 1025
"JOLIOT-CURIE", 1025
"Dw. Zachodni", 1023
"CH STARA PAPIERNIA", 1022
"ZŁOTOKŁOS", 1022
"PKP MILANÓWEK", 1020
"CH BŁĘKITNE", 1017
"WILANOWSKA", 1013
"MONTAŻOWA", 1013
"Kijowska", 1013
"MROZY", 1012
"CENTRUM OLIMPIJSKIE", 1011
"JULIANÓW", 1007
"STASZICA", 1006
"GOŁKÓW-WIEŚ", 1003
"LITEWSKA", 1001
"HUTNICZA", 999
"POCISK", 996
"Dw. Wschodni (Kijowska)", 992
"SZPITAL GROCHOWSKI", 991
"PARKOWA", 988
"STRZYGŁOWSKA", 984
"OŚRODEK SZKOLENIOWY", 976
"CZERWIŃSKA", 973
"KAJETANY", 973
"HALA ZNICZ", 972
"GARWOLIN", 971
"FORTOWA", 967
"OS. KONSTANCJA", 964
"WYGODA", 949
"KUPIECKA", 948
"XXI WIEKU", 948
"INSTALATORÓW-KAM", 947
"OGRODOWA", 947
"WENUS", 946
"ZDZIARSKA-KANAŁ", 941
"Nowe Bemowo", 938
"pl. Narutowicza", 935
"WĘDKARSKA", 932
"Wawelska", 931
"ZACISZE", 930
"DOMINIKAŃSKA", 928
"OS. MŁODYCH", 927
"CZERUCHY", 924
"RYCHNOWSKA", 924
"OS. PATIO", 921
"KOBIAŁKA", 920
"MOCHTYŃSKA", 919
"ZAOLZIAŃSKA", 919
"Żółkiewskiego", 918
"BRZEZINY", 917
"Gocław", 914
"Woronicza", 914
"ZDZIARSKA", 909
"SŁOWACKIEGO", 909
"SKIBIŃSKIEGO", 908
"Muzeum Narodowe", 907
"CHABROWA", 906
"Wspólna Droga", 904
"ZEGRZE PŁD.", 903
"ZAKRĘTOWA", 900
"Radiowa", 895
"DREWNICKA", 894
"Elekcyjna", 894
"CHYNÓW", 894
"Bródno-Podgrodzie", 887
"Warszawa Zachodnia", 884
"PODLEŚNA", 883
"PODCZASZYŃSKIEGO", 881
"PKP LEGIONOWO-PRZYSTANEK", 881
"PODGÓRNA", 881
"DZIĘCIOŁA", 879
"Sielce", 877
"OS. PIASKI", 877
"KRĘŻEL", 874
"PASTUSZKÓW", 874
"Międzynarodowa", 872
"CEGLANA", 870
"Dworkowa", 869
"SOKOŁOWSKIEGO", 867
"Saska", 865
"PRZYLEŚNA", 865
"Wola-Ratusz", 864
"MAŁYCH DĘBÓW", 861
"KORDIANA", 859
"CIECHANÓW", 851
"Hoża", 850
"STARA WIEŚ", 850
"PEDAGOGICZNA", 849
"WRZOSOWA", 849
"Wilanów", 848
"PILAWA", 847
"Szpital Bródnowski", 840
"KLEMBÓW", 839
"PKP Kasprzaka", 836
"BUCHNIK", 831
"most Poniatowskiego", 827
"STARY SĘKOCIN", 827
"CELESTYNÓW", 825
"BRONISZE", 821
"BORYSZEWSKA", 820
"Metro Świętokrzyska", 819
"MAŁEGO RYCERZA", 819
"BIAŁOBRZEGI", 819
"al. Reymonta", 818
"GRODZISZCZE MAZ.", 818
"DARWINA", 810
"IDZIKOWSKIEGO", 808
"Brzózki", 806
"rondo Daszyńskiego", 805
"Zamieniecka", 793
"MATUSZEWSKA", 792
"pl. Szembeka", 791
"Płochocińska", 790
"PKP BRWINÓW", 790
"Żerań FSO", 787
"OS. BUKOWY DWOREK", 786
"KARTEZJUSZA", 786
"ARENA LEGIONOWO", 782
"RACIBORSKA", 781
"Stawki", 777
"pl. Trzech Krzyży", 775
"św. Bonifacego", 775
"ESTRADY", 774
"PAŃSKA", 774
"LUBICZÓW", 772
"ECHA LEŚNE", 771
"Korotyńskiego", 769
"RUTY", 769
"MERA-PNEFAL", 768
"Góralska", 766
"SOCHACZEWSKA", 766
"os. Wolska", 762
"PIASTA", 761
"SZYMAŃSKIEGO", 760
"ZEGRZYŃSKA", 759
"WAŁUSZEWSKA", 755
"ZAWODZIE", 753
"MARYWILSKA-LAS", 752
"Rozbrat", 751
"SIKORSKIEGO", 751
"PKP Rakowiec", 750
"Grodzisk Maz. Piaskowa", 750
"Bemowo-Ratusz", 749
"Stare Miasto", 746
"KÓRNICKA", 746
"PRZEDPEŁSKIEGO", 744
"KOWIEŃSKA", 744
"HUSARSKA", 743
"KĄPIELOWA", 742
"SEZAM", 741
"TYMOTKI", 739
"RADOM", 739
"GRUNTOWA", 738
"ZAUŁEK", 738
"GÓRA KALWARIA", 735
"NOWY PODOLSZYN", 735
"LIPKÓW-MUZEUM", 735
"OLECKA", 735
"Grzymały-Sokołowskiego", 734
"Marszałkowska", 734
"CHEMICZNA", 732
"Metro Marymont", 730
"ŁAZY", 726
"EUROPEJSKA", 725
"Grodzisk Maz. Jordanowice", 724
"DROHICKA", 722
"ZBYSZKA Z BOGDAŃCA", 721
"GRABÓW N. PILICĄ", 721
"SZYSZAKÓW", 721
"FRACHTOWA", 717
"SKIERNIEWICE", 716
"BUCHALTERYJNA", 713
"PORT NIEPORĘT", 712
"CHYLICZKI", 710
"LIPY", 708
"Park Dreszera", 707
"Młynów", 706
"Przyczółek Grochowski", 705
"pl. Unii Lubelskiej", 702
"GŁÓWNA", 699
"INSTYTUT EKOLOGII PAN", 699
"Bitwy Warszawskiej 1920 r.", 698
"pl. Wilsona", 698
"Czumy", 697
"Och-Teatr", 697
"GWARKÓW", 697
"CZEKANOWSKA", 694
"SIERAKOWSKIEGO", 693
"MAJERANKOWA", 691
"DĘBINA", 691
"OŚRODEK LOK", 688
"SZOSA LUBELSKA", 685
"MASZYNOWA", 685
"PRZEŁĘCZY", 685
"KORCZAKA", 684
"OSMAŃCZYKA", 681
"FALENTY NOWE", 681
"LESZCZYŃSKIEGO", 678
"Muranowska", 676
"Królewska", 675
"KOLEJOWA", 675
"SKŁADKOWSKIEGO", 675
"KRZYWICKIEGO", 673
"Hala Wola", 670
"Poligonowa", 670
"Muzeum Powstania Warszawskiego", 669
"SUCHY LAS", 669
"RAFII", 667
"TOMASZOWSKA", 665
"MAGELLANA", 664
"PREFABET", 664
"KOZIELSKA", 664
"pl. Zbawiciela", 662
"Konarskiego", 661
"STEFANÓWKA", 660
"PRAŻMOWSKA", 659
"GAZOWNIA", 654
"BLIZNE JASIŃSKIEGO", 654
"Grodzisk Maz. Okrężna", 653
"rondo Żaba", 652
"KOSÓW", 650
"Spacerowa", 644
"PROMYKA", 643
"Włościańska", 640
"ROZCHODNIKOWA", 639
"MAJDAN", 638
"Piaski", 637
"OŚRODEK CORA", 637
"Dolina Służewiecka", 632
"Tużycka", 631
"SZPITAL ONKOLOGICZNY", 629
"BADYLARSKA", 629
"OJCA ANICETA", 629
"Bokserska", 627
"MRĄGOWSKA", 627
"CYLICHOWSKA", 626
"LESZNOWOLA-POLE", 625
"Szwedzka", 623
"OSIEDLE", 623
"KOPIJNIKÓW", 622
"KATOWICKA", 621
"MOZAIKOWA", 619
"OŁÓWKOWA", 619
"AUGUSTÓWKA", 618
"KROKWI", 618
"Hala Mirowska", 617
"Park Kaskada", 614
"PARK MIEJSKI", 613
"Rakowiecka", 612
"Instytut Fizyki", 611
"Hala Kopińska", 608
"PL. POWSTAŃCÓW WARSZAWY", 608
"ZIELONKA BANKOWA", 607
"JESIOTROWA", 606
"Jana Olbrachta", 605
"OGRODY DZIAŁKOWE PALUCH", 605
"STATKOWSKIEGO", 604
"PLANETOWA", 603
"ZEGARYNKI", 601
"TATARSKA", 601
"al. Lotników", 599
"POCZTY GDAŃSKIEJ", 599
"Mangalia", 596
"Mehoffera", 595
"Banacha", 595
"Park Olszyna", 591
"Śmigłowca", 591
"Cybernetyki", 588
"pl. Na Rozdrożu", 587
"MOŚCICKIEGO", 584
"GĄSOCIŃSKA", 583
"KOLARSKA", 583
"Dw. Gdański", 582
"św. Wincentego", 582
"CH Marki", 580
"KOŚCIELNA", 579
"Park Moczydło", 578
"NAPOLEONA BONAPARTE", 577
"Rembielińska", 575
"Myśliborska", 575
"Afrykańska", 574
"OSTRÓWEK WĘGROWSKI", 574
"UROCZA", 574
"SADOWA-DOM OPIEKI", 572
"Anielewicza", 572
"CZERWONA DROGA", 570
"Białowiejska", 570
"PORZECZKOWA", 569
"WYSZYŃSKIEGO", 568
"SKOLIMÓW", 566
"Baseny Inflancka", 565
"CIEPŁOWNIA KAWĘCZYN", 565
"Wyścigi", 565
"Ochota-Ratusz", 565
"Klemensiewicza", 563
"Znana", 562
"Sadyba", 562
"Dickensa", 559
"KOLONIA WARSZAWSKA", 558
"Postępu", 557
"GWARNA", 557
"MAŃKOWSKA", 555
"KAMERALNA", 555
"PKP HALINÓW", 554
"PUSZKINA", 552
"PKP JÓZEFÓW", 551
"ZYNDRAMA Z MASZKOWIC", 550
"BRYLOWSKA", 549
"Ratuszowa-ZOO", 549
"SIEDLCE WSCHODNIE", 549
"OSIEDLE MIRKÓW", 548
"DANKOWICKA", 547
"Wrocławska", 546
"Ogrody Działkowe Bemowo", 546
"Bora-Komorowskiego", 544
"Branickiego", 542
"PKP NIEPORĘT", 541
"Zajezdnia Wola", 540
"KOSODRZEWINY", 538
"Warszawa Stadion", 537
"KS. SZULCZYKA", 536
"GĄSEK", 534
"Czapelska", 532
"JUHASÓW", 532
"KSIĘCIA ZIEMOWITA", 531
"POCZTOWA", 531
"FLAMENCO", 531
"Stegny", 529
"Płowiecka", 529
"ZŁOTEJ JESIENI", 527
"Płocka", 527
"Szczęśliwice", 526
"REMBELSZCZYZNA", 524
"HIPODROM", 522
"Kawęczyńska-Bazylika", 522
"Cm. Żydowski", 520
"Dywizjonu 303", 517
"GEN. KUTRZEBY", 516
"PUSTELNICKA", 514
"CZEKOLADOWA", 513
"Toruńska", 512
"Czarnomorska", 511
"ZAWODOWA", 511
"WIELISZEW-PLAŻA", 511
"VOGLA-MORYSIN", 510
"Warszawa Powiśle", 508
"ZIELONKI-WIEŚ", 506
"Praga-Płd. -Ratusz", 505
"DOBKA Z OLEŚNICY", 505
"KOSZAŁKA OPAŁKA", 503
"Bródnowska", 503
"Tarchomin", 502
"CM. OFIAR WOJNY", 502
"CEMENTOWNIA", 501
"FARBIARSKA", 501
"CHOPINA", 500
"Sokołowska", 499
"pl. Hallera", 499
"ŻOŁNIERSKA", 499
"Powązkowska", 498
"URLE", 496
"al. Zieleniecka", 495
"LATCHORZEW", 493
"BUKOWIECKA", 493
"JEZIORKI PŁN.", 492
"Dąbrówka Wiślana", 491
"BARTOSZYCKA", 484
"OŚRODEK AZS", 483
"CZOŁGISTÓW", 479
"WIELKIEGO DĘBU", 479
"Hynka", 479
"al. Witosa", 478
"STARZYŃSKIEGO", 474
"KLIMATYCZNA", 474
"TURÓW", 474
"Fort Wola", 473
"Horbaczewskiego", 473
"BATALIONU MIOTŁA", 473
"GŁOSKÓW-SZKOŁA", 472
"Synów Pułku", 471
"CHŁODNIA", 471
"ZAJEZDNIA STALOWA", 471
"PKP PRAGA", 470
"Codzienna", 467
"SMOLNA", 467
"PKP Ursus-Niedźwiadek", 465
"Zajezdnia Ostrobramska", 464
"THOMME", 464
"Ordona", 463
"ŻWIROWA", 463
"OLCHY", 463
"NARCYZOWA", 463
"Emilii Plater", 460
"STALOWA", 460
"ARKADYJSKA", 460
"SIARCZANA", 460
"ZALASEK", 459
"GÓRASZKA", 459
"Sowińskiego", 458
"Ryżowa", 458
"Łódź Fabryczna", 458
"ŁUBINOWA", 457
"Szpital Wolski", 457
"PKP Ursus", 456
"Niska", 456
"PKP Włochy", 456
"Gotarda", 455
"BAJECZNA", 455
"OSIEDLOWA", 455
"PLUTONU TORPEDY", 455
"Dwernickiego", 453
"Dolna", 452
"TOMASZEW", 452
"WOLICA", 450
"MEBLOWA", 449
"NA BATERYJCE", 449
"AGRICOOP", 448
"Międzyborska", 447
"GRABALÓWKI", 447
"Marysin", 447
"SKIERNIEWICE RAWKA", 447
"FALENTY DUŻE", 446
"PKP WKD Al. Jerozolimskie", 445
"KOLUMBA", 445
"KAMYKOWA", 441
"Nowolipki", 440
"Keniga", 440
"MOŚCISKA", 440
"SŁUPNO", 440
"TURCZYNEK", 440
"LANGIEWICZA", 440
"PONIATOWSKIEGO", 439
"Bartycka", 439
"Połczyńska-parking P+R", 437
"LESZNOWOLA", 437
"pl. Piłsudskiego", 435
"Morskie Oko", 434
"Legionowo Piaski", 434
"KLAUDYN", 434
"CH Targówek", 433
"ZABŁUDOWSKA", 433
"Bełdan", 431
"PODKOWY", 431
"GRANICZKA", 430
"BORZĘCIN DUŻY-WIEŚ", 430
"CHROSNA", 430
"OCHOCZA", 430
"CIEĆWIERZA", 429
"RUDA TALUBSKA", 429
"KOCJANA-SĄDY", 429
"Rzeszotarskiej", 428
"POWSIN-PARK KULTURY", 427
"FLORIANA", 427
"Kondratowicza", 426
"Abrahama", 426
"Reduta Wolska", 426
"Poborzańska", 424
"CHYLICE", 423
"ZAGŁOBY", 422
"KALINOWA DROGA", 422
"Pruszkowska", 421
"MOSTOWA", 421
"Uniwersytet Medyczny", 421
"Wał Gocławski", 420
"Conrada", 420
"Majakowskiego", 420
"Warszawa Żwirki i Wigury", 420
"AL. PIŁSUDSKIEGO", 419
"Płocka-Szpital", 418
"KROKUSÓW", 418
"NAUCZYCIELSKA", 418
"os. Derby", 417
"MAJDAN-STACJA PALIW", 417
"ZAMIENIE", 416
"RYBIE", 416
"GOŁASZEWSKA", 413
"ŁADY", 413
"Szczęśliwicka", 412
"Grodkowska", 412
"MIRKÓW-SZKOŁA", 412
"Batumi", 412
"Aspekt", 410
"Esperanto", 410
"KORKOWA-CMENTARZ", 409
"KMŁ", 408
"Deotymy", 407
"ISKRY", 407
"Szaserów-Szpital", 406
"KADETÓW-SZKOŁA", 406
"INSTALATORÓW", 405
"Witolin", 403
"Rakowiec", 403
"PIEŃKÓW-WIEŚ", 402
"BUŁAWY", 402
"Cm. Włoski", 401
"Targówek-Ratusz", 401
"CZACHÓWEK WSCH.", 401
"GŁOSKÓW-LETNISKO", 400
"BRZOZOWA", 399
"CM. PÓŁNOCNY-BRAMA PŁD.", 399
"PKP LEGIONOWO PIASKI", 399
"OGRÓD BOTANICZNY", 399
"Włochy-Ratusz", 398
"Park Traugutta", 397
"Sady Żoliborskie", 396
"Wawrzyszewska", 396
"KRAŚNICKA", 395
"ŻUBROWA-UKSW", 395
"DZIELNICOWA", 395
"GŁOSKÓW-ZIELONE", 394
"Muranów", 392
"LESZCZYDÓŁ", 392
"BOLESŁAWA ŚMIAŁEGO", 392
"OS. BATOREGO", 391
"PARTYZANTÓW", 389
"Sosnkowskiego", 388
"STANISŁAWÓW", 388
"św. Hieronima", 388
"ERAZMA Z ZAKROCZYMIA", 387
"Annopol", 387
"Hale Banacha", 386
"AL. SYBIRAKÓW", 385
"Szkolna", 384
"KS. CZARTORYSKIEJ", 384
"Goraszewska", 384
"Bogusławskiego", 383
"KONOTOPSKA", 383
"WCZASOWA", 382
"Stara Miłosna", 381
"TROMBITY", 379
"PALISADOWA", 379
"Romaszewskiego", 378
"Umińskiego", 377
"ŚWIERCZE", 377
"Dw. Wschodni (Lubelska)", 376
"MOCHTYŃSKA-KANAŁ", 376
"KAŁĘCZYN", 375
"RATAJA", 375
"DKS Targówek", 375
"NOWE SŁUPNO", 375
"TADŻYCKA", 374
"KORBOŃSKIEGO", 374
"Szancera", 373
"Gwiaździsta", 373
"HUBALA-DOBRZAŃSKIEGO", 373
"PLANTY", 371
"Krynoliny", 369
"DAWIDY", 367
"Kazimierówka", 366
"Krakowiaków", 366
"Kinowa", 365
"Szobera", 365
"TUZINOWA", 365
"Warszawa Wschodnia", 365
"WILCZA GÓRA", 364
"WIESIOŁKA", 364
"MOKRA WIEŚ", 362
"Grenadierów", 361
"ANUSINEK", 360
"KOTUŃ", 359
"Wołoska", 359
"Klarysewska", 357
"Warszawa Wesoła", 356
"Gocławska", 356
"ZASADOWA", 355
"ZAGÓRZAŃSKA", 354
"KĘPA ZAWADOWSKA", 354
"MORY", 352
"Powstańców", 351
"Ursynów Płn.", 351
"Elbląska", 350
"ROZJAZD OBORSKI", 349
"POZNAŃSKA", 349
"KWITNĄCEJ AKACJI", 349
"HOTELOWA", 348
"BARCHÓW", 348
"Żytnia", 346
"FORT RADIOWO", 346
"Świątynia Opatrzności Bożej", 345
"CH Promenada", 344
"Długosza", 344
"Pomnik Lotnika", 344
"LIPKÓW", 344
"ZAJEZDNIA URSUS PŁN.", 343
"Chomiczówka", 343
"PKP DAWIDY", 343
"Zajezdnia Praga", 341
"REBUSOWA", 341
"PRZEJEZDNA", 341
"AKCENT", 341
"STOKROTKI", 341
"Metro Służew", 339
"Spisaka", 339
"Ciepłownia Wola", 339
"JONTKA", 339
"PASZKÓW", 339
"Koło", 337
"Novotel", 336
"JODŁOWA", 335
"Popiela", 334
"Królikarnia", 334
"PKP MICHALIN", 333
"BALETOWA", 333
"Skoroszewska", 330
"WOLA MROKOWSKA", 330
"Falenica", 330
"SPALINOWA", 329
"KRÓTKA", 329
"Cmentarz", 328
"SZPITAL POWIATOWY", 327
"OLSZEWNICA STARA", 327
"CH Blue City", 327
"WARYŃSKIEGO", 326
"WODOCIĄG PŁN.", 326
"GEN. ROI", 325
"Domaniewska", 324
"Urząd Miasta", 324
"Kazubów", 323
"Cm. Wolski", 321
"DZIEKANÓW POLSKI WSCHÓD", 321
"Ordynacka", 321
"STAROSTWO POWIATOWE", 321
"OGRODY DZIAŁKOWE BUDOWLANI II", 320
"Berestecka", 319
"KS. BOGUCKIEGO", 319
"Marynin", 319
"Okrągła", 319
"ZIELONKI", 318
"BOBROWIEC", 318
"OS. LEWANDÓW II", 318
"Nowoursynowska", 317
"NIEŚWIESKA", 316
"Sasanki", 316
"Iwicka", 315
"Witebska", 314
"Kościół", 314
"Kostrzewskiego", 312
"OS. NIEPODLEGŁOŚCI", 312
"WETERANÓW", 312
"Uniwersytet", 312
"Wspólna", 311
"RUCZAJ", 311
"Cm. Wawrzyszewski", 310
"MŁODZIEŻOWA", 310
"SOSNOWE", 310
"Łojewska", 308
"Dalibora", 308
"FABRYKA POMP", 308
"INSTALATORÓW-KIS", 308
"Traugutta", 307
"DANISZEWSKA", 307
"JACKOWO DWORSKIE", 306
"PAROWOZOWA", 306
"Jórskiego", 306
"BORZĘCIN DUŻY", 306
"Polesie", 306
"Gorzykowska", 305
"PKP Służewiec", 304
"DZIEKANÓW POLSKI CENTRUM", 304
"FALENCKA", 303
"BOHUNA", 303
"KOPRKI", 302
"os. Wilga", 301
"Szpital MSW", 301
"TUROWICE", 301
"MAŁKINIA", 301
"Sokratesa", 300
"TANECZNA", 300
"STRAŻACKA", 300
"SABINKA", 300
"CZEREMCHOWA", 298
"DWORZEC WILEŃSKI - ", 298
"os. Arbuzowa", 297
"OSTROŁĘKA", 297
"Człuchowska", 296
"ks. Popiełuszki", 295
"BATOREGO", 295
"Mołdawska", 295
"Łukowska", 295
"GOŁOTCZYZNA", 295
"Instytut Neurologii", 292
"os. Potok", 292
"UTRATA-URZĄD CELNY", 292
"ZALEŚNA", 292
"RUSIEC", 291
"Nowe Włochy", 291
"Sarmacka", 291
"RZAKTA", 291
"SERWITUCKA", 291
"MIEJSKI DOM KULTURY", 291
"ARONIOWA", 290
"ZBÓJNA GÓRA", 290
"Sulejówek Miłosna", 290
"MAZURSKA", 289
"KONDRACKA", 289
"Cm. Bródnowski", 288
"Młodzieńcza", 287
"Królowej Marysieńki", 287
"MIENIA", 287
"Łabiszyńska", 286
"Lubelska", 284
"PKP Koło", 284
"Milenijna", 284
"Torwar", 284
"ŁOCHÓW", 284
"Szwoleżerów", 283
"URZĄD SKARBOWY", 283
"Łopuszańska", 283
"Adamieckiego", 282
"Julianowska", 282
"Tor Stegny", 281
"Truskawiecka", 281
"KAMPINOSKA", 281
"WÓLKA KOSOWSKA", 280
"Dzieci Warszawy", 280
"Metro Wierzbno", 279
"MAGDALENKA", 278
"Wróbla", 276
"Popularna", 276
"WYGLĘDY", 276
"ZONDKA", 276
"Ursynów Zach.", 276
"Malborska", 275
"Kickiego", 275
"Książęca", 274
"WIERZCHOWSKIEGO", 274
"ZAKŁADY ZBOŻOWE", 274
"Kielecka", 273
"WIŚNIOWA GÓRA", 273
"PKP ZALESIE GÓRNE", 273
"BODYCHA", 273
"Handlowa", 272
"KOŁOBRZESKA", 272
"ZGORZAŁA", 272
"KAMPINOS", 272
"ATRAKCYJNA", 272
"LIMBY", 271
"Fabryczna", 269
"Rechniewskiego", 269
"MELCERA", 269
"KOCZARGI NOWE", 269
"Ku Wiśle", 268
"KS. MALINOWSKIEGO", 268
"os. Majdańska", 268
"DZIKIEJ RÓŻY", 268
"Sportowa", 266
"KIEŁPIN", 266
"POLNYCH KWIATÓW", 266
"ROSY", 265
"STOCER", 264
"POŚREDNIA", 263
"KACZEŃCÓW", 260
"KAMELIOWA", 260
"Sobieskiego", 260
"PALUCH", 259
"SKALNICOWA", 259
"SADOWA", 259
"Pustelnik", 259
"Warszawa Śródmieście", 259
"Otwock", 258
"ROMANTYCZNA", 258
"KIEŁPIN-CMENTARZ", 258
"Stępińska", 257
"Konstruktorska", 257
"Grenady", 256
"PROJEKTOWANA", 256
"Zajęcza", 256
"Vogla", 256
"OSTROROGA", 255
"SIEDLCE ZACH.", 255
"Chłopickiego", 254
"ŁUKÓW", 254
"WARKA", 254
"Żuromińska", 253
"NOWA", 252
"Warszawa Międzylesie", 252
"Przy Agorze", 252
"HORTENSJI", 252
"ZAWADY", 252
"RADIÓWEK", 252
"ŻYMIRSKIEGO-PRZYCHODNIA", 250
"REYMONTA", 250
"JANOWSKIEGO", 250
"Powązki-Cm. Wojskowy", 249
"Malczewskiego", 249
"ORCHOWIECKA", 249
"Park Bródnowski", 248
"OGRODNICZA", 248
"ŁADY-SZKOŁA", 248
"Klaudyny", 247
"ŻYZNA", 247
"WINOGRONOWA", 247
"JANIN", 246
"SAMORZĄDOWA", 246
"Leżajska", 246
"PKP Toruńska", 245
"Piotra Skargi", 244
"BANIOCHA", 244
"KORALOWYCH DĘBÓW", 244
"Redutowa", 244
"Polinezyjska", 243
"Warszawa Służewiec", 243
"PIJARSKA", 243
"Staniewicka", 242
"Kąty Grodziskie", 242
"ZABORÓW-SZKOŁA", 242
"DZIEKANÓW POLSKI ZACHÓD", 242
"HRABSKA DROGA", 242
"DOM ARTYSTÓW", 242
"ŁOWICZ GŁÓWNY", 242
"CHOTOMOWSKA", 242
"PRZEBUDZENIA WIOSNY", 242
"GRÓDEK", 242
"Młynarska", 241
"Golędzinów", 241
"Klub Lira", 241
"BANKOWA", 241
"OS. DUDZIARSKA", 240
"ŁĄCZYNY", 240
"Orlich Gniazd", 240
"WOLICA K. PŁOCHOCINA", 240
"Norblin", 239
"SAMSONOWSKA", 239
"CH WÓLKA KOSOWSKA", 237
"PODOLSZYN", 237
"MŁOCHÓW", 236
"Magistracka", 235
"SZEROKA", 235
"Nowowiejska", 235
"Stacja Krwiodawstwa", 234
"BRUSZEWSKA", 234
"PROTAZEGO", 233
"OS. JAGIELLOŃSKA", 233
"Okularowa", 232
"Warszawa Rakowiec", 232
"WŁADYSŁAWÓW", 232
"WIENIAWSKIEGO", 232
"GIERDZIEJEWSKIEGO", 232
"ZALESIE DOLNE", 232
"SPÓŁDZIELNIA", 232
"OD LASU", 232
"Areszt Śledczy Służewiec", 231
"ROLNA", 230
"Marymont-Potok", 230
"HIPOLITOWSKA", 229
"HOSERÓW", 229
"Galla Anonima", 229
"Białołęka-Ratusz", 229
"DOBIESZYN", 228
"Kołowa", 226
"Czynszowa", 226
"Raginisa", 226
"Kanał Żerański", 226
"PKP Olszynka Grochowska", 226
"Pl. Bernardyński", 226
"Warszawska", 225
"Piechurów", 225
"ŁĄKOWA", 225
"Lusińska", 225
"AMBARAS", 225
"Park Skaryszewski", 224
"os. Lewandów I", 224
"Jesiennych Liści", 223
"Lalki", 223
"HENRYKA PROBUSA", 223
"Smocza", 222
"Kulskiego", 221
"Lazurowa", 221
"WOLSKA", 221
"Perzyńskiego", 221
"CMENTARZ 1920 R.", 221
"Siemiatycka", 221
"VIVALDIEGO", 221
"TYSIĄCLECIA", 221
"KOLONIA HELENÓW", 220
"Garwolińska", 220
"PKP Anin", 219
"NOWE ZAŁUBICE", 219
"PIOTRKÓWEK MAŁY", 218
"PRZYJAZNA", 218
"Meissnera", 218
"Kwatery Głównej", 217
"WIDOKOWA", 216
"Radiowa-WAT", 216
"Bliska", 216
"Rejtana", 215
"Stefanika", 214
"INSTYTUT REUMATOLOGII", 214
"Dzierżoniowska", 214
"IMUZ", 214
"Strąkowa", 214
"Warneńska", 214
"Żeromskiego", 214
"ZAŁUBICE-SZKOŁA", 213
"Ursus-Ratusz", 212
"al. \"Solidarności\"", 212
"KAROWA", 212
"Ogińskiego", 211
"PKP Powiśle", 211
"UMIASTÓW", 211
"Braci Wagów", 210
"Budowlana", 209
"KOMOROWSKA-HOTEL", 209
"Al. 3 Maja", 209
"Stare Bemowo", 208
"RYNIA", 208
"DRACENY", 208
"Strzeleckiego", 207
"Bielany-Ratusz", 207
"Wiejska", 207
"Nowy Świat", 207
"Rozłogi", 207
"Berezyńska", 206
"BIAŁOŁĘKA-KANAŁ", 206
"KOSSAKA", 206
"Chmielna", 206
"ŚWIDRY MAŁE", 206
"Piękna", 205
"CZARNÓWKA", 205
"KS Polonia", 205
"Baleya", 204
"Warszawa Wawer", 203
"Podleśna-IMiGW", 203
"JESIONKA", 203
"Grzybowa", 203
"WYSZKOWSKA", 203
"Myszkowska", 203
"Monte Cassino", 203
"JESÓWKA", 203
"Racjonalizacji", 202
"Karolkowa", 202
"gen. Maczka", 202
"pl. Małachowskiego", 201
"Obrazkowa", 201
"Topiel", 200
"OS. GRAPA", 200
"LAWINOWA", 199
"BORZĘCIN DUŻY-SZKOŁA", 199
"Trakt Lubelski", 199
"Centrum Onkologii", 197
"PKP Piaseczno", 197
"Skorosze", 197
"WENECKA", 197
"RONDO KS. J. POPIEŁUSZKI", 197
"PODKOWIŃSKA", 197
"Regulska", 197
"Ekspresowa", 197
"MARIEW", 197
"PKP Zacisze-Wilno", 196
"Wałowicka", 196
"Orla", 196
"SZEWNICA", 195
"Poleczki", 194
"Do Fortu", 194
"Ursus-Niedźwiadek", 194
"os. Iskra", 194
"RĘCZAJSKA", 194
"MŁAWA", 194
"Ogrody Działkowe Kawęczyn", 193
"Jadźwingów", 193
"ARCELIN", 193
"WDW RYNIA", 193
"Kocjana", 193
"Mycielskiego", 193
"Odeska", 193
"Iwiczna", 193
"Jasna", 192
"SIERAKÓW", 192
"SPICHRZOWA", 192
"pl. Teatralny", 192
"Warszawa Wola Grzybowska", 191
"GAWRONIA", 190
"ZABIEŻKI", 190
"Rembertów-Kolonia", 189
"BYDGOSKA", 189
"WYPOCZYNKOWA", 189
"Tarnowiecka", 187
"gen. Zajączka", 186
"Orzeszkowej", 185
"Wał Miedzeszyński", 185
"Namysłowska", 185
"Piastów Śląskich", 185
"ŻYRARDOWSKA", 185
"CM. PÓŁNOCNY-BRAMA PŁN.", 184
"Zajezdnia Woronicza", 184
"Armatnia", 184
"DROHOBYCKA", 183
"Foksal", 183
"KAWĘCZYN II", 183
"pl. Tysiąclecia", 182
"PKP Radość", 182
"KALORYCZNA", 182
"EC Żerań", 182
"Metro Centrum Nauki Kopernik", 181
"Parafialna", 181
"Dojazdowa", 181
"Prystora", 181
"JASTRZĘBIEC", 181
"Suwak", 181
"Konwaliowa", 180
"GERBERA", 180
"MILENIUM", 180
"KULESZÓWKA", 180
"Dobra", 179
"SKŁODOWSKIEJ-CURIE", 179
"DOM KULTURY", 179
"PKP Gocławek", 179
"Zapustna", 179
"Trawiasta", 179
"KSIĄŻĄT MAZOWIECKICH", 179
"Jarosławska", 178
"SASINA", 178
"Radarowa", 178
"Kochanowskiego", 177
"JACHTOWA", 177
"ALEJA BZÓW", 177
"SZYMANOWSKIEGO", 176
"BURAKÓW", 176
"ROLNICZA", 176
"Noskowskiego", 175
"Kierbedzia", 175
"GRYFITÓW", 175
"pl. Inwalidów", 175
"DZIECHCINIEC-KOLONIA", 175
"RADZIWIŁŁÓW MAZ.", 175
"Biblioteka Narodowa", 174
"Zajezdnia Kleszczowa", 174
"Zakrzewska", 173
"Dzika", 173
"Warszawa Centralna", 173
"KOCZARGI STARE", 173
"KĘSZYCE", 173
"PSZENICZNA", 173
"SGGW-Rektorat", 172
"Wybrzeże Szczecińskie", 172
"pl. Szwedzki", 172
"Krasickiego", 171
"most Siekierkowski", 171
"IŁOWO", 171
"Miklaszewskiego", 171
"PIEŃKÓW-SKLEP", 171
"Warszawa Rembertów", 170
"Osiedle Młodych", 169
"BANDURSKIEGO", 169
"KORDECKIEGO", 169
"Antka Rozpylacza", 169
"STUDZIENNA", 169
"CM. PÓŁNOCNY-BRAMA ZACH.", 169
"CZAJKOWSKIEGO", 168
"WIECHY", 168
"ŁUCZNICZA", 168
"Zachęta", 167
"BORKOWSKA", 167
"CM. POŁUDNIOWY-BRAMA PŁD.", 167
"Gdecka", 167
"SĘKOCIN", 166
"Raszyńska", 166
"KOŁŁĄTAJA", 166
"ŁASAKA", 166
"MROKÓW", 165
"KWIRYNÓW", 165
"Suwalska", 164
"SŁOMCZYN-SZKOŁA", 164
"PÓŁNOCNA", 164
"Armii Krajowej", 163
"JANÓW", 163
"RUDKA", 163
"ROBOTNICZA", 163
"DZIEKANÓW NOWY ZACHÓD", 163
"WIEKOWEJ SOSNY", 163
"Kwitnąca", 163
"3 Maja", 162
"FELIŃSKIEGO", 162
"Stare Świdry", 161
"Lipowczana", 161
"Działkowa", 161
"Łososiowa", 161
"Figowa", 160
"RONDO CUDU NAD WISŁĄ", 160
"LUTOSŁAWSKIEGO", 160
"KAPUTY", 159
"OBROŃCÓW WARSZAWY", 159
"Konduktorska", 158
"Banacha-Szpital", 158
"SOLIDARNOŚCI", 158
"Zieleniecka", 158
"Trocka", 158
"Zajezdnia Żoliborz", 156
"Tagore'a", 156
"ŁYCZYŃSKA", 156
"PKP Pruszków", 156
"Bartnicza", 155
"Ośrodek Wojskowy", 155
"ZABRANIECKA-BOCZNICA", 155
"Pratulińska", 154
"Bazyliańska", 154
"Tor Kolarski", 154
"Nizinna", 154
"WICHROWA", 154
"IZBICKA-CMENTARZ", 154
"Tarniny", 154
"Fort Blizne", 153
"Dąbrowskiego", 152
"os. Leśne", 152
"Orzechowa", 152
"Wołomińska", 151
"Solec", 151
"GOŚNIEWICE", 151
"11 Listopada", 151
"BORYNY", 151
"Oś Królewska", 150
"Przasnyska", 150
"Płytowa", 150
"Brazylijska", 150
"Hallera", 150
"TERESPOLSKA", 150
"PIMot", 150
"PKP MICHAŁÓW-REGINÓW", 150
"Śniegockiej", 149
"Bukowińska", 149
"Topograficzna", 149
"pl. Grzybowski", 148
"Warszawa Anin", 148
"KOLONIA LESZNOWOLA", 148
"Rogalińska", 148
"CYNKOWA", 148
"Samochodowa", 148
"ZABRANIECKA-MAGAZYNY", 147
"Bytnara", 147
"ORĘŻNA", 146
"Wronia", 146
"os. Kabaty", 146
"Zaplecze", 145
"ODOLANY", 145
"Sympatyczna", 145
"RADOŚĆ-WODOCIĄG", 145
"Torfowa", 145
"Międzylesie", 144
"Lasek na Kole", 144
"Grodzisk", 144
"ŁOMNA-LAS", 144
"Instruktorska", 144
"Pomologiczna", 143
"PRUSA", 143
"KOCISZEWSKICH", 143
"Klasyków", 143
"Grzymalitów", 142
"Herbsta", 142
"KS Polonez", 142
"GAJOWA", 142
"Conrada-Szkoła", 141
"Henryka Brodatego", 141
"Metro Wawrzyszew", 141
"Szpital Bielański", 141
"STUDZIANKI NOWE", 141
"ŁOMNA-SZKOŁA", 141
"GĄSOCIN", 141
"SOŁECKA", 141
"Wąska", 140
"Klimontowska", 140
"Miłobędzka", 140
"Świderska", 140
"Kajki", 140
"Rudzka", 140
"Wyszogrodzka", 139
"Patkowskiego", 138
"Przybyszewskiego", 138
"Meksykańska", 138
"Bartłomieja", 138
"Spartańska", 137
"Smoluchowskiego", 137
"STAROWIEJSKA", 137
"Cicha", 137
"WIERZBIN", 137
"Rumiankowa", 135
"SĘCZKOWA", 135
"Czwartaków", 134
"KRUSZYNA", 134
"STAWOWA", 134
"TEKLIN-SZPITAL", 134
"Szuberta", 133
"MODRA", 133
"Dunikowskiego", 132
"PKP Żerań", 132
"Siwińskiego", 132
"GLINIANKA", 132
"Sójki", 131
"WAWERSKA", 131
"PORT PILAWA", 131
"SPIRALNA", 131
"JABŁONIOWA", 131
"GÓRNOŚLĄSKA", 131
"Obrońców Tobruku", 131
"ZASOBNA", 130
"WKD OPACZ", 130
"Tarchomin Kościelny", 130
"MAJOWA", 130
"most Gdański", 129
"Stawy", 129
"Bogatki", 129
"Kościuszki", 129
"PĘCLIŃSKA", 129
"CIECISZEW", 129
"most Świętokrzyski", 128
"pl. Kasztelański", 128
"LESZCZYNKA", 128
"Władysława Hermana", 127
"Belgradzka", 127
"Ursynów Płd.", 127
"Pogodna", 127
"Koński Jar", 127
"WARZELNICZA", 127
"USC", 127
"Wojnicka", 127
"ANANASOWA", 127
"Wybrzeże Helskie", 127
"Bursztynowa-Szpital", 127
"Madalińskiego", 127
"Urbanistów", 126
"Rakowiecka-Sanktuarium", 126
"KAZIMIERZA ODNOWICIELA", 126
"SZKOŁA", 126
"MŁOCIŃSKA", 126
"Energetyczna", 126
"Strumykowa", 125
"Parowcowa", 125
"MARSA-LAS", 125
"PRĘTOWA", 125
"HUBALA", 125
"Komitetu Obrony Robotników", 125
"Biblioteka Uniwersytecka", 125
"POD KAJETANY", 125
"Lanciego", 125
"Rybna", 124
"Las Bielański", 124
"Os. Staszica/Pętla", 123
"pl. Politechniki", 123
"PUSZCZYKA", 123
"POZIOMKOWA", 123
"NADWIŚLAŃSKA", 123
"Starodęby", 122
"PKP Międzylesie", 122
"LEOKADIA", 122
"Przy Parku", 122
"Harfowa", 122
"WÓLKA MLĄDZKA", 122
"PKP Falenica", 122
"Płaskowickiej", 121
"Instytut Lotnictwa", 121
"LEONÓW", 121
"Michalin", 121
"Wiśniowa", 121
"Bohaterewicza", 120
"Metro Racławicka", 120
"Kościeliska", 120
"Rembertów-Akademia", 120
"GMINNA", 120
"SASINA-LICEUM", 120
"POGROSZEW", 120
"PRZEBIŚNIEGÓW", 120
"PKP Miedzeszyn", 119
"Grabów", 119
"DZIEWULE", 119
"NOWOTYSKA", 119
"Konopacka", 119
"Łagiewnicka", 119
"Andersena", 119
"PARLAMENTARNA", 119
"Warszawa Gocławek", 119
"Świder", 118
"AKACJOWA", 118
"OLSZYNA ŁYCZYŃSKA", 118
"Teligi", 118
"OKUNIN", 118
"Pięciolinii", 117
"IX Poprzeczna", 117
"Wielowiejska", 117
"Suzina", 117
"MARECKA", 117
"TRENÓW-LAS", 117
"CYRANECZKI", 117
"ANTONIEWSKA", 117
"Rolanda", 117
"Warszawa Praga", 117
"Buków", 116
"Graniczna", 116
"Widawska", 116
"WÓLCZYŃSKA", 116
"OS. BELINA", 116
"OS. NAFTA", 116
"Szachowa", 116
"Potulicka", 116
"Kobiałka-Szkoła", 116
"CIECHANÓW PRZEMYSŁ.", 116
"Dw. Zachodni (Tunelowa)", 115
"Archimedesa", 115
"MARKOWSKIEGO", 115
"PKP DĄBKOWIZNA", 115
"BORYSZEW", 115
"Norwida", 114
"Łazienki Królewskie", 114
"Limanowskiego", 114
"Bukowskiego", 114
"EKOLOGICZNA", 114
"Hotel Bristol", 114
"Piasta Kołodzieja", 113
"Pułaskiego", 113
"Inowłodzka", 113
"MICHAŁÓW REGINÓW", 113
"LOKALNA", 113
"Świętojerska", 113
"Wiślicka", 112
"WIERUCHÓW", 112
"RKS Orzeł", 112
"KOSZEWNICA", 112
"Maszewska", 112
"Malinowa", 111
"os. Derby VI", 111
"Białobrzeska", 111
"pl. Niemena", 111
"Mennica", 110
"Mikołajska", 110
"MOKRY ŁUG-LEŚNICZÓWKA", 110
"MICHALINKI", 110
"MACIERZANKI", 110
"Odyńca", 110
"DROGOWCÓW", 110
"Pożarowa", 109
"Niedźwiedzia", 109
"Żerań Wschodni", 109
"ŁOMNA-CMENTARZ", 109
"DZIAŁDOWO", 108
"PKP Ursus Płn.", 108
"Telewizja Polska", 107
"Legionowo", 107
"NIEPORĘT", 107
"ZABORÓWEK-WIEŚ", 107
"Targówek", 106
"Malinowskiego", 106
"Pirenejska", 106
"Nałęczowska", 106
"Edisona", 105
"Narwik", 105
"Śliwice", 105
"Warszawa Choszczówka", 105
"Wojska Polskiego", 104
"Siekierki-Sanktuarium", 104
"Małcużyńskiego", 104
"CM. POŁUDNIOWY-BRAMA WSCH.", 104
"SOKOŁÓW", 104
"CZARNÓW", 104
"Kanał Nowe Ujście", 104
"DĘBLIN", 104
"Koluszki", 104
"Czorsztyńska", 104
"Pelcowizna", 103
"Marmurowa", 103
"Wolności", 103
"Kombajnistów", 103
"STĘŻYCKA", 103
"Henryków", 103
"al. Wielkopolski", 102
"KS. SŁOJEWSKIEGO", 102
"LEŚNIAKOWIZNA", 102
"POLFA", 102
"PRZEMYSŁAWA II", 102
"Adampolska", 102
"Metro Stare Bielany", 102
"JARZĘBIA ŁĄKA", 102
"Orląt Lwowskich", 102
"Klasztorna", 101
"Chodecka", 101
"PALMIRY", 101
"ROZWOJOWA", 101
"ZAPŁOCIE", 101
"Czarnieckiego", 101
"PKP WOŁOMIN", 100
"CZOSNÓW", 100
"Oknicka", 99
"Śnieżna", 99
"Dąbrówka Szlachecka", 99
"Stryjeńskich", 99
"Bielańska", 99
"Perkuna", 99
"Fort Bema", 99
"os. Derby III", 99
"Sanguszki", 99
"NADZORCÓWKA", 99
"Żołny", 98
"Lamina", 98
"Nowy Zjazd", 98
"Janki Małe", 98
"KOTLINY", 98
"GRYCZANA", 98
"KONIK NOWY", 98
"JASIONNA ŁOWICKA", 98
"Metro Pole Mokotowskie", 98
"Walerego Sławka", 98
"JAŁOWCOWA", 98
"Czatów", 97
"Dziewanowska", 97
"KAŁUSZYN", 97
"SZLACHECKA", 97
"TOPOLOWA", 97
"Park Postępu", 97
"Kakowskiego", 97
"Dworcowa", 96
"Porajów", 96
"Hołubcowa", 96
"METRYCZNA", 96
"STADIONOWA", 96
"Płużańska", 95
"Park Zdrojowy", 95
"Śmigielska", 95
"Odlewnicza", 95
"STOCZNIOWCÓW", 95
"Leszno", 95
"Kompasowa", 95
"Posag 7 Panien", 95
"Rzemieślnicza", 95
"Pożaryskiego", 94
"MALCANÓW-BOOS", 94
"OPŁOTEK", 94
"Wielicka", 94
"Rezedowa", 94
"Tołstoja", 93
"Warszawa Miedzeszyn", 93
"Metro Imielin", 93
"Na Skraju", 93
"Lucerny", 93
"Borowa", 93
"ŚW. A. BOBOLI", 93
"DZIAŁYŃCZYKÓW", 93
"DĘBÓWKA", 93
"PKP KOBYŁKA", 93
"KOMORNICA-SZKOŁA", 93
"Struga", 92
"Legia-Stadion", 92
"Zwycięzców", 92
"BACZYŃSKIEGO", 92
"Urząd Gminy", 92
"ŚWIDRY WIELKIE", 92
"ZSO", 92
"Arbuzowa", 92
"Chyliczkowska-Technikum", 92
"Czerniakowska", 92
"Potockich", 91
"Francuska", 91
"Wrzeciono", 91
"Makolągwy", 91
"Powsinek", 91
"PIUSA XI", 91
"KRUBIN", 91
"Bohomolca", 91
"HŁASKI", 91
"Astronautów", 91
"Aluzyjna", 90
"Nowolipie", 90
"Taborowa", 90
"Śreniawitów", 90
"BIAŁOSTOCKA", 90
"Powązki-IV Brama", 90
"Wiosenna", 90
"Bystra", 89
"Skarbka z Gór", 89
"Dzielna", 89
"Karolin", 89
"OKRZESZYN", 89
"WÓLCZYŃSKA-BOCZNICA", 89
"LEŚNICZÓWKA", 89
"Mickiewicza", 89
"Warszawa Gdańska", 89
"ks. Skorupki", 88
"Odrodzenia", 88
"STRZYKUŁY", 88
"WÓLKA ZAŁĘSKA", 88
"SZAMOTY", 88
"OS. KWIATOWA", 88
"Rodła", 87
"Warszawa Żerań", 87
"BENIAMINÓWKA", 87
"Hala Sportowa Bemowo", 87
"ZAGÓRZE-SANATORIUM", 87
"NAD ŚWIDREM", 87
"Klamrowa", 86
"Techników", 86
"Warszawa Olszynka Grochowska", 86
"Konwiktorska", 86
"DZIEKANÓW NOWY WSCHÓD", 86
"PŁOCK RADZIWIE", 86
"PĘCICE-KOŚCIÓŁ", 86
"Polna", 86
"DS Riviera", 86
"Przedpole", 86
"os. Jantar", 85
"GLEBOWA", 85
"SPOKOJNA", 85
"OSP ZŁOTOKŁOS", 85
"PKP Wawer", 84
"SIEDZIKÓWNY \"INKI\"", 84
"XXI Wieku", 84
"Sołtyka", 84
"Dzierzgońska", 84
"Obrzeżna", 83
"Instytut Kardiologii", 83
"STOK LACKI", 83
"KRUSZE", 83
"GOŁĘBIA", 83
"DĄBKOWIZNA", 83
"MYSŁAKÓW", 83
"Jeziorko Czerniakowskie", 83
"Sanktuarium", 82
"Rynek", 82
"Listonoszy", 82
"1 Sierpnia", 82
"Młyn", 82
"Białołęka Dworska", 82
"ZBÓJNOGÓRSKA", 82
"Ciołkosza", 82
"Chodkiewicza", 82
"Długorzeczna", 82
"Rybałtów", 82
"Beethovena", 81
"Szaserów", 81
"Zaruskiego", 81
"Opaczewska", 81
"PASIEKI", 81
"PLATANOWA", 81
"NOWA WOLA", 81
"GASSY-PĘTLA", 81
"Jaracza", 81
"Nowodworska", 80
"Ostródzka", 80
"Tkaczy", 80
"PKP Rembertów", 80
"Skorochód-Majewskiego", 80
"Wałbrzyska-Cmentarz", 80
"Jarzębinowa", 80
"Siennicka", 80
"SOKOLA", 80
"ŁOMNA WSCHÓD", 80
"Łowicka", 79
"Szpitalna", 79
"BARTYKI", 79
"Natolin Płn.", 79
"BOLESŁAWA PRUSA", 79
"al. Jana Pawła II", 79
"IZABELIŃSKA", 79
"Mokotowska", 78
"Powstańców Warszawy", 78
"Wawer-Ratusz", 78
"Zielona", 78
"Instytut Hematologii", 78
"Boernerowo", 78
"CZĄSTKÓW MAZOWIECKI", 78
"CZĄSTKÓW POLSKI WSCHÓD", 78
"KU SŁOŃCU", 78
"Stoicka", 78
"KWIATÓW POLNYCH", 78
"PKP Legionowo", 78
"Łysakowska", 77
"BRZÓZEK", 77
"ROKOKOWA", 77
"Barei", 77
"Zgoda", 77
"Bielszowicka", 76
"GROCHOWA", 76
"ŁAZY-SZKOŁA", 76
"JAZGARZEW-SZKOŁA", 76
"LATOSZKI", 76
"Internetowa", 76
"OŚRODEK ZDROWIA", 76
"Sternicza", 76
"Mandarynki", 76
"Teatr Komedia", 75
"os. Zielony Staw", 75
"Kanał Gocławski", 75
"ŁOZISKA", 75
"ARESZT ŚLEDCZY GROCHÓW", 75
"FALENTY-OSIEDLE", 75
"KUBUSIA PUCHATKA", 75
"Maczka", 75
"ŚWIERK", 75
"Oraczy", 74
"SIERPC", 74
"ŁĄKI", 74
"Harnasie", 74
"NOWA WIEŚ", 74
"LESZCZYNOWA", 74
"SKOLIMÓW PÓŁNOCNY", 74
"BOROWIECKA", 74
"JACHOWICZA", 74
"WKD Raków", 74
"PĘCICE-MAJĄTEK", 74
"Podskarbińska", 73
"Rybnicka", 73
"Jesionowa", 73
"Karczocha", 73
"Wojsławicka", 73
"KISIELEWSKIEGO", 73
"LEGIONÓW", 73
"WOLSKA I", 73
"REJA", 73
"KĘDZIERÓWKA", 73
"Mysiadło", 73
"Komety", 72
"Drzeworytników", 72
"ELSNERÓW", 72
"SUCHOCIN", 72
"ŚWIĘCICKA", 72
"POPRZECZNA", 72
"IMBIROWA", 72
"pl. Zamkowy", 72
"CIEKSYN", 72
"CHRZANÓW", 72
"Wodniaków", 71
"Pelikanów", 71
"Aleksandrów", 71
"SŁOMCZYN", 71
"Koncertowa", 71
"GOK", 71
"CZARNA", 71
"GRZEGORZEWO", 71
"Łomianki-Centrum", 71
"Trzykrotki", 71
"ŁBISKA-SZKOŁA", 71
"Siemieńskiego", 71
"Batalionów Chłopskich", 71
"PKP Grodzisk Mazowiecki", 70
"Hospicjum Onkologiczne", 70
"Olszowa", 70
"os. Bernardyńska", 70
"KĘPA OKRZEWSKA-CMENTARZ", 70
"WYSZKÓW", 70
"OS. BUKOWIEC", 70
"Choszczówka", 69
"Brata Alberta", 69
"Bacha", 69
"Przelotowa", 69
"Wiertnicza", 69
"Księcia Bolesława", 69
"PKP OŻARÓW MAZOWIECKI", 69
"Zajezdnia Redutowa", 69
"Hassa", 68
"Przeworska", 68
"Piastowska", 68
"Odrębna", 68
"Ateńska", 68
"SOSENKOWA", 68
"KABATY-STP", 68
"RÓŻANA", 68
"Łódź Widzew", 68
"Sosnowa", 68
"Gocławek Wschodni", 68
"Podbipięty", 67
"Platerówek", 67
"WOJCIESZYN", 67
"Budexpo", 67
"LEŚNIAKOWIZNA II", 67
"ŁOMNA ZACHÓD", 67
"BLIZNE ŁASZCZYŃSKIEGO", 67
"ŹRÓDLANA", 67
"Walecznych", 67
"Dąbrówka", 67
"Janki", 66
"Park Młociński", 66
"Korsaka", 66
"Zerzeń", 66
"Sypniewska", 66
"Kolejka Piaseczyńska", 66
"CISZYCA II", 66
"STEFANÓW", 66
"Metro Ursynów", 66
"Budzińskiej-Tylickiej", 66
"BIELAWA-OSP", 66
"Kamińskiego", 66
"Spółdzielnia Noma", 66
"Fletniowa", 65
"Nocznickiego", 65
"Księżycowa", 65
"KAWĘCZYN DOLNY", 65
"Fort Wawrzyszew", 65
"Solidna", 65
"Czerwonych Beretów", 64
"Pomiechowska", 64
"Metro Stadion Narodowy", 64
"Objazdowa", 64
"BRONISŁAWA CZECHA-LAS", 64
"JAWORÓWKA", 64
"Marcelin", 64
"Gontarska", 64
"Armii \"Poznań\"", 64
"TOPÓR", 64
"PKP ZIELONKA", 63
"ZORZY", 63
"Jasielska", 63
"Domaniewska Office Park", 63
"SADOWNE WĘGROWSKIE", 63
"PASCHALISA-JAKUBOWICZA", 63
"ŚWIERK-SZKOŁA", 63
"Chłodna", 63
"Podzamcze", 63
"Markowska", 62
"Picassa", 62
"Lewinowska", 62
"Megasam", 62
"PĘCHERY", 62
"LESZNO-GS", 62
"KOLONIA POD LASEM", 62
"Chodakowska", 62
"OSP SKRZESZEW", 62
"ŚWIERKOWA", 62
"EC Siekierki", 62
"TRAMWAJOWA", 62
"ks. Sitnika", 62
"Wędkarska", 61
"Krasnowola", 61
"Modlińska", 61
"Pielęgniarek", 61
"Bohuszewiczówny", 61
"Hetmańska", 61
"MARZYCIELI", 61
"pl. Powstańców Warszawy", 60
"Polskie Radio", 60
"Spiska", 60
"Pileckiego", 60
"Sobocka", 60
"Wyczółki", 60
"STRZYŻYNA", 60
"Długa", 60
"OS. WOLNOŚCI", 60
"os. Nowy Mokotów", 60
"HENRYKÓW-UROCZE", 60
"Okrężna", 60
"Urząd Statystyczny", 60
"Gościeradowska", 59
"Jadwisin", 59
"Współczesna", 59
"LUCYNÓW", 59
"Głębocka", 59
"GNIEWKOWSKA", 59
"Puchały", 58
"Kapeli", 58
"Trasa Łazienkowska", 58
"Metro Stokłosy", 58
"ZAUŁEK-SZKOŁA", 58
"WOJCIESZYN-GÓRKI", 58
"KĘPA OKRZEWSKA", 58
"DIAMENTOWA", 58
"Czerwińska", 57
"Drogowa", 57
"Duchnicka", 57
"Tłuchowska", 57
"Madalińskiego-Szpital", 57
"Wesoła-Ratusz", 57
"Głogi", 57
"CENDROWICE", 57
"Warchałowskiego", 57
"PKP ZAGOŚCINIEC", 57
"DZIECHCINIEC", 57
"GROMADZKA", 57
"PONIATÓW", 57
"MICHALCZEW", 57
"Chęcińska", 57
"BOLESŁAWICKA", 57
"Nalewki-Muzeum", 56
"Lercha", 56
"MŁYN MICHLA", 56
"ROZWADOWSKIEGO", 56
"NIEPODLEGŁOŚCI", 56
"ZŁOTA", 56
"Mińska", 56
"PROSTYŃ", 56
"STOLBUD", 56
"Laurowa", 55
"Pustola", 55
"Przebieg", 55
"HELENÓW", 55
"KRAKUSA", 55
"ŻABIENIEC", 55
"GASSY", 55
"Łomianki-Szkoła", 55
"Południowa", 55
"Podolska", 55
"NOWE BABICE", 55
"Rozłucka", 55
"Metro Natolin", 54
"Pomorska", 54
"Klarysew", 54
"Nadarzyńska", 54
"Chudoby", 54
"Rosochata", 54
"Sadkowska", 54
"Wieliszew", 54
"Warszawa Radość", 54
"Twardowska", 53
"Mielczarskiego", 53
"Walewska", 53
"Warszawa Falenica", 53
"Bysławska", 53
"Borków", 53
"Małej Łąki", 53
"Łukowa", 53
"Trakt Lubelski-Las", 53
"WINCENTÓW II", 53
"Brukowa", 53
"ŁAŹNIEWSKA", 53
"Andrutowa", 53
"Kryniczna", 53
"Poetów", 53
"Zamenhofa", 53
"KOSTOWIEC", 53
"URZUT", 53
"most Grota-Roweckiego", 53
"Magiera", 53
"Radzymińska", 52
"Nowy Sękocin", 52
"Noakowskiego", 52
"STARA", 52
"STRUSIA", 52
"WESOŁA", 52
"OKRĄG", 52
"SKARŻYSKO KAMIENNA", 52
"Stadion", 52
"TRZECIAKOWSKICH", 52
"WYSZYNY", 52
"al. Wojska Polskiego", 51
"Dobosza", 51
"Radiowo-Bocznica", 51
"Miła", 51
"Pomnik Sapera", 51
"NOWINEK", 51
"PKP Płudy", 51
"Winnica", 51
"Eskulapów", 51
"PRZYSZŁOŚĆ", 51
"Ciszewskiego", 51
"MARIANKI", 51
"ZABORÓWEK-OSIEDLE", 51
"RODZINNA", 51
"LIPOWO", 51
"ŁBISKA", 51
"Ursus-Sanktuarium", 50
"Szafarzy", 50
"Rubinowa", 50
"SGGW-Biblioteka", 50
"Głowackiego", 50
"Gilarska", 50
"OBORY-PAŁAC", 50
"Narodowa", 50
"WILLOWA", 50
"Spadowa", 49
"Motylkowa", 49
"Partyzantów", 49
"os. Przylesie", 49
"PKP NOWA IWICZNA", 49
"HABDZIN II", 49
"POD SZCZAKI", 49
"Prasowa", 49
"Berensona", 49
"Jawczyce", 48
"Dębowa", 48
"Julianowska-Cmentarz", 48
"Michałów-Reginów", 48
"Ogrody Działkowe Na Skraju", 48
"Józefów", 48
"Pastuszków", 48
"ŁYCZYN", 48
"SIELSKA", 48
"SKRZYNECKIEGO", 48
"BRUZDOWA-KOŚCIÓŁ", 48
"KRZESIWA", 48
"KOMOROWSKA", 48
"Agrykola", 48
"Cm. Prawosławny", 48
"TEKLIN", 48
"Kosiarzy", 48
"KILIŃSKIEGO", 48
"Wersalska", 47
"Sagalli", 47
"Warszawa Płudy", 47
"NOWE GRABIE I", 47
"OS. WITUŚ", 47
"Cm. Północny-Brama Gł.", 47
"SGGW-Klinika", 47
"STAREGO DĘBU", 47
"Rembertów-Ratusz", 47
"Łowcza", 47
"Słowackiego", 47
"Ćmielowska", 47
"Danusi", 47
"PKP Wesoła", 46
"Łokietka", 46
"Cynamonowa", 46
"Prozy", 46
"Bystrzycka", 46
"Kiepury", 46
"WILKOWA WIEŚ I", 46
"Zalesinek", 46
"Barszczewska", 46
"Kłobucka", 45
"Kanał Bródnowski", 45
"Łukaszczyka", 45
"Mariensztat", 45
"Obozowa", 45
"Królowej Bony", 45
"Wynalazek", 45
"CZEREŚNIOWA", 45
"STARE LIPINY", 45
"Nowaka-Jeziorańskiego", 45
"pl. Przymierza", 45
"SIKORECZKI", 45
"Lwowska", 45
"Strzygłowska", 45
"PARCELA II", 45
"Wasilkowska", 44
"Nowiny", 44
"Wieruchowska", 44
"WIEJCA III", 44
"Groty", 44
"Waflowa", 44
"BARTODZIEJE", 44
"Tylżycka", 44
"Dw. Gdański (Rydygiera)", 44
"WRÓBLEWSKIEGO", 44
"Metro Kabaty", 44
"Przydrożna", 43
"Utrata", 43
"Jeziorowa", 43
"Parcelacyjna", 43
"Centrum Mody", 43
"Siedliskowa", 43
"Strzelecka", 43
"SASANKOWA", 43
"Łódź Niciarniana", 43
"Rogów", 43
"Cytadela", 43
"Niedziałkowskiego", 43
"POPŁAWSKA", 43
"Sierakowska", 42
"Agatowa", 42
"Rogowska", 42
"Młociny-UKSW", 42
"Hanki Ordonówny", 42
"Okęcie Business Park", 42
"CZERSK-ZAMEK", 42
"Podgórna", 42
"Kwiatowa", 42
"BRZEŚCE", 42
"WAWRZYNA", 42
"Sadowa", 42
"Szolc-Rogozińskiego", 42
"Wola Grzybowska", 42
"Piasta", 42
"ROZALIN", 42
"Mirkowska", 41
"Wilkowiecka", 41
"Leśnej Polanki", 41
"Lektykarska", 41
"Pancera", 41
"Pancerz", 41
"LEŚNYCH BOGINEK", 41
"RUNÓW OSADA", 41
"NADMA", 41
"Schroegera", 40
"Prażmowska", 40
"Zaściankowa", 40
"PIŁSUDSKIEGO-KOŚCIÓŁ", 40
"Świecka", 40
"TEOFILÓW", 40
"Czarna Struga", 40
"Drzewieckiego", 40
"CHLUBNA", 40
"MORAWICZA", 40
"STARE KABATY", 40
"BABIEGO LATA", 40
"os. Wyżyny", 40
"Zachodnia", 40
"Zwoleńska", 39
"Kaczmarskiego", 39
"Drobiarska", 39
"os. Ruda", 39
"TEKLIN II", 39
"Powojowa", 39
"CISZYCA", 39
"KSIĘCIA JANUSZA", 39
"Niemcewicza", 39
"Zabraniecka", 39
"Grzegorzewskiej", 39
"OSSÓW-KRZYŻ", 39
"Słoneczna", 38
"Okrzei", 38
"Orzycka", 38
"Magnolii", 38
"Stary Sękocin", 38
"Żonkilowa", 38
"os. Młodych", 38
"Samarytanka", 38
"Naczelnikowska", 38
"Jara", 38
"PRĄDZYŃSKIEGO", 38
"RADOM PŁD.", 38
"BASZKÓWKA", 38
"MOCZYDŁÓW", 38
"Ćwiklińskiej", 38
"MIKA", 38
"PRZYBOROWIE", 38
"CZARNY LAS", 38
"Jerzego", 38
"JAŚMINOWA", 38
"Sochaczewska", 38
"PRZEMYSŁOWA", 38
"Wiolinowa", 38
"Krokwi", 37
"Boryszewska", 37
"Dyrekcja FSO", 37
"Jagielska", 37
"Braci Zawadzkich", 37
"Ceramiczna", 37
"Sulejówek", 37
"Dziekanów Leśny", 37
"PĘCZKOWSKIEGO", 37
"TOLAK", 37
"HORNÓWEK", 37
"Cyklamenów", 37
"Piaskowa", 37
"MIEJSKI OŚRODEK KULTURY", 37
"gen. Kutrzeby", 37
"PŁOCK", 37
"Cm. Północny-Brama Płd.", 36
"Promyka", 36
"Stefana Batorego", 36
"Przepiórki", 36
"Montażowa", 36
"Osmańska", 36
"CH Błękitne", 36
"Jesiotrowa", 36
"TATRZAŃSKA", 36
"PARTYZANTÓW-SZKOŁA", 36
"Kuźnicy Kołłątajowskiej", 36
"CZAPLIN", 36
"ORSZAGHA", 36
"KUTNO", 36
"Gołkowska", 36
"SIWEK", 36
"Zegrze Płd.", 35
"Szarych Szeregów", 35
"Wojciechowskiego", 35
"Raabego", 35
"Radiostacja Łazy", 35
"KOLIBRA", 35
"PL. WOLNOŚCI", 35
"Nugat", 35
"WARECKA", 35
"Mańki-Wojdy", 35
"SĄGI", 35
"CELULOZY", 35
"Umiastowska", 35
"PKP Gołąbki", 35
"ŁUBNA", 35
"Odkryta", 35
"Lebiodowa", 35
"SUE RYDER", 35
"Batorego", 34
"Radiowo", 34
"Gruszy", 34
"Centrum Zdrowia Dziecka", 34
"Port Nieporęt", 34
"ROBERCIN", 34
"Wiązana", 34
"Lokajskiego", 34
"rondo Granzowa", 34
"MARCINKI", 34
"Księżnej Anny", 34
"Pałacowa", 34
"Tango", 34
"Szamocin", 34
"Ostródzka-Szkoła", 34
"Karczunkowska", 34
"Bartoszycka", 33
"Maklakiewicza", 33
"Żywiecka", 33
"Rychnowska", 33
"Ogórkowa", 33
"Leszyckiego", 33
"Juranda ze Spychowa", 33
"TURKAWKI", 33
"Zegrzyńska", 33
"Turmoncka", 33
"WKRA", 33
"SŁOWICZA", 33
"os. Domaniewska", 33
"Leśna", 33
"Inflancka", 33
"Ośrodek Szkoleniowy", 33
"Płużnicka", 33
"Gąsek", 33
"Paderewskiego", 33
"Szymańskiego", 32
"Zakrętowa", 32
"Terminal Autokarowy", 32
"Kasztanowa", 32
"Ksawerów", 32
"Legionowa", 32
"Przekorna", 32
"Podkowy", 32
"Ogrody Działkowe Czerniaków", 32
"Srebrnych Świerków", 32
"Wierzbowa", 32
"Ogrodowa", 32
"OLSZYNOWA", 32
"ŁĄCK", 32
"ALEJA RÓŻ", 32
"BIEDRONKI", 32
"os. Patio", 32
"Bobrowiecka", 32
"PKP Okęcie", 32
"Raczkiewicza", 32
"WOLANÓW", 32
"Siodlarska", 32
"Złotokłos", 31
"Pedagogiczna", 31
"os. Las", 31
"Dostawcza", 31
"Dębina", 31
"PISKÓRKA", 31
"pl. Ostrej Bramy", 31
"RADZYMIN", 31
"Bełzy", 31
"OSSÓW-SZKOŁA", 31
"MOSTÓWKA", 31
"Bronowska", 31
"Kajetany", 31
"Mochtyńska", 31
"Chemiczna", 31
"Ogrody Działkowe Wilanówka", 31
"Duchnów", 30
"Zdziarska", 30
"Góraszka", 30
"os. Olszyny", 30
"os. Victoria", 30
"Nadziei", 30
"Brzeziny", 30
"Talarowa", 30
"pl. Poniatowskiego", 30
"Tomaszowska", 30
"Sękocin Las", 30
"Cm. Północny-Brama Zach.", 30
"Żupnicza", 30
"ZAGOŚCINIEC-SZKOŁA", 30
"Santocka", 30
"CH Reduta", 30
"ZGRUPOWANIA AK \"KAMPINOS\"", 30
"CH Stara Papiernia", 30
"Wąwozowa", 30
"Litewska", 29
"Skibińskiego", 29
"Tawułkowa", 29
"Lipowa", 29
"Groszówka", 29
"Grabina", 29
"GOLFOWA", 29
"ŁĘG", 29
"LNIANA", 29
"os. Orlik", 29
"Smugowa", 29
"TURÓW II", 29
"Kadetów-Kościół", 29
"Lelewela", 29
"Kolonia Warszawska", 28
"Czekanowska", 28
"Rozjazd Oborski", 28
"Kusocińskiego", 28
"Kolejowa", 28
"Narcyzowa", 28
"Przyleśna", 28
"Górki", 28
"Dzięcioła", 28
"Sienna", 28
"Fieldorfa", 28
"LIPINKI", 28
"WOLSKA II", 28
"ŻYTKOWICE", 28
"Ogrody Działkowe Piaski", 28
"SAPIEHY", 28
"Wołodyjowskiego", 28
"ZYGMUNTOWO MAZ.", 28
"GÓRNA", 28
"Dziekanów Polski Centrum", 28
"STRUŻAŃSKA", 28
"Hutnicza", 27
"Zbaraska", 27
"Warszawa Toruńska", 27
"Geodezyjna", 27
"Park Miejski", 27
"Ołówkowa", 27
"Franciszkańska", 27
"os. Marywilska", 27
"BENIAMINÓW", 27
"POD GŁOSKÓW", 27
"JANCZEWICE", 27
"BRONIEWSKIEGO", 27
"BIAŁKI SIEDLECKIE", 27
"PKP ŚRÓDBORÓW", 27
"Podbiałowa", 27
"WITWICKIEGO", 27
"WIEJCA I", 27
"Jagiellońska", 27
"Bronisze", 27
"Bennetta", 26
"Stalowa", 26
"Małego Rycerza", 26
"Rycerska", 26
"WILKOWA WIEŚ II", 26
"WANILIOWA", 26
"SCHRONISKO DLA ZWIERZĄT", 26
"Lipków-Muzeum", 26
"Cukrownicza", 26
"KONOPKI", 26
"Turczynek", 26
"pl. Kościuszki", 26
"rondo Żabczyńskiego", 26
"Gołków-Wieś", 25
"Iskry", 25
"Salomea", 25
"os. Piaski", 25
"Oczapowskiego", 25
"GOWOROWO", 25
"STUPSK MAZOWIECKI", 25
"NOWE LIPINY", 25
"TRENÓW", 25
"WOLA BIERWIECKA", 25
"CYGAŃSKA", 25
"ŻYCZYN", 25
"Koszałka Opałka", 25
"Sikorskiego", 25
"Kadetów", 25
"Terminal Cargo", 25
"Drohicka", 25
"CZĄSTKÓW POLSKI", 25
"Leszczynka", 25
"Waryńskiego", 24
"PKP Jeziorki", 24
"Gruntowa", 24
"Małe Siekierki", 24
"Rydygiera", 24
"Korczaka", 24
"DALEKIE", 24
"WIŚLANA", 24
"Zielonki-Wieś", 24
"PILCHA", 24
"DOBIESZ II", 24
"Ośrodek LOK", 24
"WAGONOWNIA", 24
"Kobiałka", 24
"GIERWATY", 24
"Wczasowa", 24
"Zawodzie", 24
"RYBIENKO", 24
"Lesznowola-Pole", 23
"Błota", 23
"Rogatkowa", 23
"Sielankowa", 23
"Batalionu Włochy", 23
"Starostwo", 23
"Śniadeckich", 23
"Syta", 23
"Olesin", 23
"MOKRA", 23
"BOROWINA I", 23
"Ruskowy Bród", 23
"pl. Sportowy", 23
"Poczty Gdańskiej", 23
"OS. WEDEL", 23
"Marywilska-Las", 23
"Parkowa", 23
"Anny German", 23
"OPOLSKA", 23
"KAWĘCZYNEK I", 23
"Tomaszew", 23
"Dankowicka", 23
"PKP Mokry Ług", 23
"Głosków-Szkoła", 22
"Julianów", 22
"Zbyszka z Bogdańca", 22
"Brzezińska", 22
"Planetowa", 22
"Ogród Działkowy im. Warneńczyka", 22
"Jurajska", 22
"WOLA ROWSKA", 22
"BIELAWA-PĘTLA", 22
"OW PROMENADA", 22
"UWIELINY-SZKOŁA", 22
"Centrum Olimpijskie", 22
"PKP WOŁOMIN SŁONECZNA", 22
"Zawodowa", 22
"GÓRECKA", 22
"CZEREMCHA", 22
"Sierakowskiego", 21
"Gołków-Letnisko", 21
"Staszica", 21
"Słupno", 21
"Browarna", 21
"Kaflowa", 21
"Lubiczów", 21
"Boleść", 21
"Kępa Zawadowska", 21
"ANUSIN", 21
"Złotej Jesieni", 21
"PĘCLIN", 21
"PODŁĘCZE II", 21
"PATKÓW", 21
"Darwina", 21
"os. Bukowy Dworek", 21
"WÓLKA", 21
"Sienkiewicza", 21
"Zajezdnia Stalowa", 21
"Nowy Podolszyn", 21
"POGROSZEW KOLONIA", 21
"Arena Legionowo", 21
"Żwirowa", 21
"BIAŁY ŁUG", 21
"Rekrucka", 21
"Turów", 20
"PKP Michalin", 20
"Krańcowa", 20
"Szyszkowa", 20
"Ceglana", 20
"Hotelowa", 20
"Pocisk", 20
"Zabłudowska", 20
"Przełęczy", 20
"Wapowskiego", 20
"Echa Leśne", 20
"PKP Milanówek", 20
"Chotomów", 20
"Kampinos", 20
"Gazownia", 20
"Stefanówka", 20
"Kopcińskiego", 20
"Szyszaków", 20
"Instytut Energetyki", 20
"GRZYBOWSKA", 20
"KAWĘCZYNEK II", 20
"ZUS", 20
"Ruty", 20
"Dziekanów Polski Wschód", 20
"PKP Halinów", 20
"Estrady", 20
"WINCENTÓW I", 20
"Osmańska-DHL", 20
"Kino Baśń", 20
"Olecka", 20
"RUNOWSKA", 20
"Rybie", 20
"Zaruby", 20
"STRZELCE KUJAWSKIE", 20
"WOJCIESZYN-ARiMR", 20
"Lipków", 19
"Ochocza", 19
"Cylichowska", 19
"Składkowskiego", 19
"Wólka Węglowa", 19
"Floriana", 19
"Wola Mrokowska", 19
"Tytułowa", 19
"Cm. Ofiar Wojny", 19
"Europejska", 19
"Lindleya", 19
"BOLESŁAWA KRZYWOUSTEGO", 19
"TRAKT KRÓLEWSKI", 19
"ZADĘBIE", 19
"Kameliowa", 19
"Reymonta", 19
"GARBATKA", 19
"NAPOLEONA", 19
"Wyspiańskiego", 19
"Kosaćcowa", 19
"Wyszyńskiego", 19
"MAŁA", 19
"Podczaszyńskiego", 19
"ZAWIDZ", 19
"ANDRZEJA", 19
"MŁAWA MIASTO", 19
"Wrzosowa", 18
"Anny Jagiellonki", 18
"Sokołowskiego", 18
"Drewnicka", 18
"Zaułek", 18
"Kowieńska", 18
"Statkowskiego", 18
"Majerankowa", 18
"Osiedle", 18
"Wierna", 18
"Kopijników", 18
"ŁASKARZEW PRZYSTANEK", 18
"KUKUŁCZA", 18
"OS. WALENDIA", 18
"Ułanów Jazłowieckich", 18
"Zacisze", 18
"CALOWA", 18
"Napoleona Bonaparte", 18
"Rzeczna", 18
"KRZAKI CZAPLINKOWSKIE", 18
"ZEGRZYŃSKA-IMGW", 18
"SZYMANÓW", 18
"BORKI", 18
"SYCZE", 18
"CZERNIDŁA", 18
"Instytut Ekologii PAN", 17
"Badylarska", 17
"Hrabska Droga", 17
"Turowice", 17
"Falenty Nowe", 17
"Ojca Aniceta", 17
"Kaloryczna", 17
"Katiuszy", 17
"Przedpełskiego", 17
"Rokosowska", 17
"Główna", 17
"Siekierkowska", 17
"Kameralna", 17
"Podleśna", 17
"SZCZAKI", 17
"PRABUTY GÓRY", 17
"LIPIŃSKA", 17
"Zasadowa", 17
"KRÓLIKA", 17
"STARE GRABIE", 17
"Zalasek", 17
"CEDROWA", 17
"MIESZKA I", 17
"Jeziorki Płn.", 17
"PRZYJACIÓŁ", 17
"CZAPLINEK I", 17
"OCZYSZCZALNIA \"CZAJKA\"", 17
"Muzealna", 17
"Powsin-Park Kultury", 17
"KROŚNICE MAZOWIECKIE", 17
"Białobrzegi", 17
"Dobka z Oleśnicy", 17
"Kąpielowa", 17
"Koźmińska", 17
"Gwarna", 17
"Ogród Botaniczny", 16
"Dzielnicowa", 16
"Zdziarska-Kanał", 16
"Wieliszew-Plaża", 16
"Mariew", 16
"Lesznowola", 16
"PKP Legionowo-Przystanek", 16
"Kraśnicka", 16
"Ciećwierza", 16
"Tatarska", 16
"DOBIESZ", 16
"AL. JEDNOŚCI", 16
"LININ-OSIEDLE", 16
"ZGK", 16
"OKRZEWSKA I", 16
"Zawady", 16
"Łazy", 16
"os. Niepodległości", 16
"PAROLE-PĘTLA", 16
"Rataja", 16
"Wolica", 16
"Chyliczki", 16
"Załubice-Szkoła", 16
"Mroków", 15
"Zagłoby", 15
"Przejezdna", 15
"Raciborska", 15
"Lipy", 15
"Wygoda", 15
"Faradaya", 15
"Wartka", 15
"Dominikańska", 15
"Thomme", 15
"ŁUKASIŃSKIEGO", 15
"KAWĘCZYN", 15
"BOROWINA II", 15
"Miejski Dom Kultury", 15
"Skolimów", 15
"Centrum Targowe", 15
"OBORSKA", 15
"Arkadyjska", 15
"Nauczycielska", 15
"Pałac", 15
"Hala Znicz", 15
"Poloneza", 15
"Urocza", 15
"Ośrodek Cora", 15
"Cynkowa", 15
"Jontka", 15
"Komorowska-Hotel", 14
"Zondka", 14
"Olchy", 14
"Majdan", 14
"Kórnicka", 14
"Idzikowskiego", 14
"Frachtowa", 14
"Czerwona Droga", 14
"Bruszewska", 14
"Sezam", 14
"Nowe Załubice", 14
"Kosodrzewiny", 14
"Chabrowa", 14
"Stokrotki", 14
"Buchnik", 14
"PKP Józefów", 14
"NOWE GRABIE II", 14
"SIERAKÓWEK", 14
"ZDOBYWCÓW KOSMOSU", 14
"KOSMOWSKA I", 14
"PARCELA I", 14
"Brylowska", 14
"WOLA KARCZEWSKA", 14
"SŁOMCZYN-KOŚCIÓŁ", 14
"Falenty Duże", 14
"KOZIEBRODY", 14
"POGONOWSKIEGO", 14
"Kadetów-Szkoła", 14
"Nowe Słupno", 14
"SOBIKÓW", 14
"Insurekcji", 13
"Trombity", 13
"Koczargi Nowe", 13
"PKP Brwinów", 13
"Szpital Grochowski", 13
"gen. Roi", 13
"ks. Szulczyka", 13
"Szeligowska-Wiadukt", 13
"os. Konstancja", 13
"Bukowiecka", 13
"Korbońskiego", 13
"Borzęcin Duży-Szkoła", 13
"Osiedle Mirków", 13
"Od Lasu", 13
"Winogronowa", 13
"NARZYM", 13
"Zbójna Góra", 13
"Kordiana", 13
"PIONKI", 13
"SKRZYNNO", 13
"KLONOWA", 13
"Konotopska", 13
"PKP Legionowo Piaski", 13
"ŻANĘCIN", 13
"ZABOROWSKA", 13
"os. Batorego", 13
"ZAKAMAREK", 13
"Krzyżanowskiego", 13
"Wodociąg Płn.", 13
"Suchy Las", 13
"ROKITNIA STARA", 13
"Porzeczkowa", 13
"ŁAWKI", 13
"Pocztowa", 13
"ZALESIE", 13
"Prefabet", 13
"Ogrody Działkowe Paluch", 12
"Rolnicza", 12
"Zaolziańska", 12
"Cm. Południowy-Brama Płd.", 12
"Jabłoniowa", 12
"Tuzinowa", 12
"Dawidy", 12
"Gąsocińska", 12
"Majdan-Stacja Paliw", 12
"Flamenco", 12
"Matuszewska", 12
"Zalesie Dolne", 12
"Migdałowa", 12
"Czołgistów", 12
"Blizne Jasińskiego", 12
"Łyczyńska", 12
"szosa lubelska", 12
"Rozchodnikowa", 12
"KRYMSKA", 12
"BOROWINA III", 12
"OBÓRKI", 12
"C.H. Auchan", 12
"Klaudyn", 12
"Wirażowa", 12
"PARZNIEW", 12
"Wólka Kosowska", 12
"Sieraków", 12
"Poznańska", 12
"Kosów", 12
"Meblowa", 12
"PKP KOBYŁKA-OSSÓW", 12
"ŁOMNA-KOŚCIÓŁ", 12
"Maszynowa", 12
"Brzozowa", 11
"os. Grapa", 11
"Łasaka", 11
"Rudnickiego", 11
"Świder-Kościół", 11
"Reja", 11
"Tułowicka", 11
"Świdry Wielkie", 11
"Mory", 11
"Wypoczynkowa", 11
"PKP Wołomin", 11
"Szpital Powiatowy", 11
"Chopina", 11
"Kościelna", 11
"Weteranów", 11
"Bobrowiec", 11
"PÓLKO", 11
"SARNAKI", 11
"LESIÓW", 11
"KACZOROWO", 11
"WIEJCA II", 11
"OWOCOWA", 11
"Wałuszewska", 11
"Rosy", 11
"Osmańczyka", 11
"Kupiecka", 11
"STRUŻAŃSKA-FABRYKI", 11
"Kościuszki-Szkoła", 11
"Fortowa", 11
"Sękocin", 11
"PIONKI ZACHODNIE", 11
"PIASECZYŃSKA", 11
"DUCZKI-SZKOŁA", 11
"Hubala-Dobrzańskiego", 11
"Pszeniczna", 11
"OBORY", 11
"Wierzchowskiego", 11
"Tabita", 11
"NOWE WĄGRODNO", 11
"Katowicka", 11
"Farbiarska", 10
"Chotomowska", 10
"Magellana", 10
"Peonii", 10
"Zakłady Zbożowe", 10
"Lutosławskiego", 10
"Juranda ze Spychowa-szkoła", 10
"Leszczyńskiego", 10
"Limby", 10
"Hipolitowska", 10
"Cm. Północny-Brama Płn.", 10
"WILANÓWKA", 10
"ŁANOWA", 10
"PILASZKÓW", 10
"NIEPOKALANOWSKA", 10
"BORZĘCIN MAŁY", 10
"Kozielska", 10
"Zaleśna", 10
"Borzęcin Duży-Wieś", 9
"Księcia Ziemowita", 9
"Magdalenka", 9
"Hoserów", 9
"Hipodrom", 9
"Mirków-Szkoła", 9
"Święcicka", 9
"Jesówka", 9
"al. Piłsudskiego", 9
"Kondracka", 9
"Sasina-Liceum", 9
"Husarska", 9
"Ogrody Działkowe Budowlani II", 9
"Buławy", 9
"Zgorzała", 9
"Starzyńskiego", 9
"Melcera", 9
"DZIECHCINIEC-SKLEP", 9
"ROŻKI", 9
"KOLONIA SOBIKÓW", 9
"FRONOŁÓW", 9
"RUNÓW OSADA II", 9
"Gerbera", 9
"Gromadzka", 9
"KONOPNICKIEJ", 9
"DALANÓWEK", 9
"Rudka", 9
"Komputerowa", 9
"KOŃCZYCE RADOMSKIE", 9
"BEDNARY", 9
"ZAJEZIERZE K. DĘBLINA", 9
"Atrakcyjna", 9
"Gassy", 9
"STAROCHYLICKA", 9
"Głosków-Letnisko", 9
"RACIĄŻ", 9
"Stocer", 9
"CH Wólka Kosowska", 9
"Kolarska", 9
"Joliot-Curie", 9
"BIELAWA I", 9
"Zajezdnia Ursus Płn.", 9
"ks. Malinowskiego", 9
"SZYDŁOWIEC", 9
"Smolna", 9
"OPACZ-SZKOŁA", 9
"Ku Słońcu", 8
"Spalinowa", 8
"Białołęka-Kanał", 8
"Małych Dębów", 8
"Wyględy", 8
"Borzęcin Duży", 8
"Kolonia Helenów", 8
"Rembelszczyzna", 8
"Siarczana", 8
"Batalionu Miotła", 8
"Szpital Onkologiczny", 8
"Marsa-Las", 8
"Aroniowa", 8
"Kaczeńców", 8
"Zegarynki", 8
"al. Sybiraków", 8
"Plutonu Torpedy", 8
"Zamienie", 8
"PKP Praga", 8
"Stanisławów", 8
"MODRASZKI", 8
"OBRĘB II", 8
"STARE GRABIE II", 8
"Buchalteryjna", 8
"Słomczyn", 8
"Kiełpin", 8
"Gródek", 8
"BABOSZEWO", 8
"Klimatyczna", 8
"Pańska", 8
"Młochów", 8
"Intalatorów-KAM", 8
"Gołaszewska", 8
"Wyszkowska", 8
"WOLA KRAKOWIAŃSKA", 8
"BOCIANA CZARNEGO", 8
"OPACZ", 8
"Siedmiogrodzka", 8
"Bohuna", 8
"Olszewnica Stara", 7
"Zapłocie", 7
"Kosynierów", 7
"Cmentarz 1920 r.", 7
"Prusa", 7
"Młodzieżowa", 7
"POD Kajetany", 7
"Łady", 7
"Dziekanów Nowy Zachód", 7
"Głosków-Zielone", 7
"Instytut Reumatologii", 7
"Samsonowska", 7
"Bodycha", 7
"Lawinowa", 7
"Buraków", 7
"Ogrodnicza", 7
"Warzelnicza", 7
"Czekoladowa", 7
"Macierzanki", 7
"Spiralna", 7
"Mostowa", 7
"Port Pilawa", 7
"Wilcza Góra", 7
"Erazma z Zakroczymia", 7
"Żołnierska", 7
"KOSMOWSKA II", 7
"WOJSKA POLSKIEGO-WIADUKT", 7
"WOJEWÓDZKA", 7
"KĘPA OBORSKA I", 7
"Wenecka", 7
"Spichrzowa", 7
"PODŁĘCZE", 7
"Mochtyńska-Kanał", 7
"PKP Nieporęt", 7
"Rolna", 7
"Krótka", 7
"Romantyczna", 7
"PKP Zagościniec", 7
"Żyzna", 7
"PŁOCK TRZEPOWO", 7
"Dom Artystów", 7
"Paszków", 7
"Zyndrama z Maszkowic", 7
"Anusinek", 7
"Rusiec", 7
"Młocińska", 6
"Koczargi Stare", 6
"Pęclińska", 6
"Gryczana", 6
"Kartezjusza", 6
"Książąt Mazowieckich", 6
"Wólczyńska-Bocznica", 6
"Latchorzew", 6
"Fort Radiowo", 6
"Sapiehy", 6
"Langiewicza", 6
"Bankowa", 6
"Draceny", 6
"Beniaminówka", 6
"Jodłowa", 6
"Ostroroga", 6
"Spółdzielnia", 6
"Janowskiego", 6
"Łady-Szkoła", 6
"Bajeczna", 6
"Na Bateryjce", 6
"PKP Zalesie Górne", 6
"Krymska", 6
"Puszczyka", 6
"Milenium", 6
"Borkowska", 6
"Pogroszew", 6
"Janin", 6
"Baletowa", 6
"Czeremchowa", 6
"OSP Złotokłos", 6
"Chylice", 6
"Janów", 6
"JEDLNIA LETNISKO", 6
"Kolumba", 6
"LININ", 6
"MORDY", 6
"DĘBÓWKA II", 6
"CIECISZEW-OSP", 6
"Planty", 6
"Tysiąclecia", 6
"KRAKOWIANY", 6
"CZOŁCHAŃSKIEGO", 6
"Rzakta", 6
"Gierdziejewskiego", 6
"BĄKOWIEC", 6
"Wierzbin", 6
"Izbicka-Cmentarz", 6
"Mościska", 6
"Gwarków", 5
"Stare Lipiny", 5
"Ekologiczna", 5
"Kubusia Puchatka", 5
"Szymanowskiego", 5
"Aleja Bzów", 5
"Hortensji", 5
"Ananasowa", 5
"Pieńków-Wieś", 5
"Protazego", 5
"Zbójnogórska", 5
"Kalinowa Droga", 5
"Tymotki", 5
"Ciepłownia Kawęczyn", 5
"Drohobycka", 5
"Chłodnia", 5
"Moczydłów", 5
"Wiesiołka", 5
"Wielkiego Dębu", 5
"Vogla-Morysin", 5
"Warszawa ZOO", 5
"Urząd Skarbowy", 5
"Szarady", 5
"Konik Nowy", 5
"Łomna-Cmentarz", 5
"Daniszewska", 5
"Ośrodek AZS", 5
"Łomna Zachód", 5
"Korkowa-Cmentarz", 5
"PRZETYCZ", 5
"ANEMONÓW", 5
"Sasina", 5
"Dziekanów Polski Zachód", 5
"Tadżycka", 5
"Graniczka", 5
"WÓLKA DWORSKA", 5
"ŁADNA", 5
"ANTONIÓWKA", 5
"CIĘCIWA", 5
"SZPRUCH", 5
"Prętowa", 5
"Podkowińska", 5
"Przebudzenia Wiosny", 5
"Bydgoska", 5
"Taneczna", 5
"Czereśniowa", 5
"TULIPANOWA", 5
"Mazurska", 5
"Cementownia", 5
"ZAŁUSKIEGO-SZKOŁA", 5
"JEDLNIA KOŚCIELNA", 5
"PAROLE", 5
"Kamykowa", 5
"Puszkina", 5
"Szeroka", 5
"Sokola", 5
"Palisadowa", 5
"Łucznicza", 5
"Mozaikowa", 5
"KOSIORKI", 5
"Łąkowa", 5
"Fabryka Pomp", 4
"Turów II", 4
"Boryszew", 4
"Bandurskiego", 4
"Orężna", 4
"Kawęczyn II", 4
"Akcent", 4
"Augustówka", 4
"Zabraniecka-Bocznica", 4
"Osiedlowa", 4
"Blizne Łaszczyńskiego", 4
"Kossaka", 4
"Instalatorów", 4
"Jachtowa", 4
"Żubrowa-UKSW", 4
"Krokusów", 4
"Mościckiego", 4
"Siedzikówny \"Inki\"", 4
"Radość-Wodociąg", 4
"Kampinoska", 4
"Projektowana", 4
"Ambaras", 4
"ks. Słojewskiego", 4
"Parowozowa", 4
"Piotrkówek Mały", 4
"Rafii", 4
"Skłodowskiej-Curie", 4
"Leszno-GS", 4
"Rebusowa", 4
"Juhasów", 4
"ks. Czartoryskiej", 4
"Bielawa-OSP", 4
"Paluch", 4
"Ciszyca I", 4
"Bolesława Śmiałego", 4
"Łyczyn", 4
"Dzikiej Róży", 4
"RADOMYŚL", 4
"LIPOWE POLE", 4
"CHRONÓW", 4
"MORDY MIASTO", 4
"MYSZCZYN", 4
"SMOGORZÓW PRZYSUSKI", 4
"Dziechciniec", 4
"Krzywickiego", 4
"KAZIMIERZOWSKA", 4
"Strażacka", 4
"Poniatowskiego", 4
"Zielonki", 4
"Działyńczyków", 4
"Starowiejska", 4
"Wolica k. Płochocina", 4
"Wiekowej Sosny", 4
"Nadma", 4
"Stadionowa", 4
"PKP ZIELONKA (ZOSINEK)", 4
"Akacjowa", 4
"JASTRZĄB", 4
"OBÓRKI-WAŁ", 4
"Kwiatów Polnych", 4
"CENTRUM REHABILITACJI", 4
"OSP Skrzeszew", 4
"WKD Opacz", 4
"Michalinki", 4
"Henryka Probusa", 4
"Podolszyn", 4
"os. Dudziarska", 4
"DRZEWICA", 4
"Wieruchów", 3
"Topolowa", 3
"Słowicza", 3
"Modra", 3
"Bielawa-Pętla", 3
"Wólczyńska", 3
"Radiówek", 3
"Świdry Małe", 3
"Kwirynów", 3
"Szczaki", 3
"PKP Wołomin Słoneczna", 3
"Borowina II", 3
"Wolska I", 3
"Karowa", 3
"Wichrowa", 3
"Zagórze-Sanatorium", 3
"Krubin", 3
"Mokry Ług-Leśniczówka", 3
"Leszczynowa", 3
"POD Głosków", 3
"Kociszewskich", 3
"Studzienna", 3
"PKP Wołomin (Laskowa)", 3
"Lipinki", 3
"os. Nafta", 3
"Łukasińskiego", 3
"Pijarska", 3
"Wólka Załęska", 3
"Baczyńskiego", 3
"Załubice-Poczta", 3
"Kiełpin-Cmentarz", 3
"Kocjana-Bocznica", 3
"Wenus", 3
"ks. Boguckiego", 3
"Samorządowa", 3
"STARE GRABIE-SZKOŁA", 3
"PL. JANA PAWŁA II", 3
"GOSTYNIN", 3
"GARBATKA LETNISKO", 3
"TUROWSKA", 3
"PKP WOŁOMIN (LASKOWA)", 3
"ZYGMUNTÓW", 3
"CZAPLINEK II", 3
"NIEMOJKI", 3
"Marecka", 3
"JARZĄBKA", 3
"Nowotyska", 3
"KRZYMOSZE", 3
"ZAŁUBICE-POCZTA", 3
"Antoniewska", 3
"Kołłątaja", 3
"Dom Kultury", 3
"Utrata-Urząd Celny", 3
"Mrągowska", 3
"Słomczyn-Szkoła", 3
"Łazy-Szkoła", 3
"Vivaldiego", 3
"Sęczkowa", 3
"Schroniska dla Zwierząt", 3
"Zaułek-Szkoła", 3
"Legionów", 3
"Intalatorów-KIS", 3
"Władysławów", 3
"HABDZIN I", 3
"Cząstków Polski Wschód", 3
"Mieszka I", 3
"PKP Dąbkowizna", 2
"Wagonownia", 2
"Cendrowice", 2
"Krakusa", 2
"Leśniczówka", 2
"Czarnów", 2
"Kołobrzeska", 2
"Cieciszew", 2
"Koprki", 2
"Szlachecka", 2
"Teklin-Szpital", 2
"Białostocka", 2
"Izabelińska", 2
"PKP Michałów-Reginów", 2
"Zaborów-Szkoła", 2
"Ręczajska", 2
"Golfowa", 2
"Dobiesz II", 2
"Kocjana-Sądy", 2
"Bociana Czarnego", 2
"Urzut", 2
"Żyrardowska", 2
"Mańkowska", 2
"Wiśniowa Góra", 2
"Habdzin II", 2
"Wojcieszyn-Górki", 2
"Poziomkowa", 2
"Szpruch", 2
"os. Belina", 2
"Os. Wolności", 2
"Wiejca I", 2
"Falenty-Osiedle", 2
"Obrońców Warszawy", 2
"Stara Wieś", 2
"Parole-Pętla", 2
"Falencka", 2
"Bartyki", 2
"Kawęczynek I", 2
"Cząstków Mazowiecki", 2
"Gajowa", 2
"Łanowa", 2
"Robotnicza", 2
"Metryczna", 2
"rondo Cudu Nad Wisłą", 2
"Rokokowa", 2
"Niepodległości", 2
"Wólka Mlądzka", 2
"Opłotek", 2
"Orchowiecka", 2
"Poniatów", 2
"SIEMIATYCZE", 2
"SZUMIĄCYCH TRAW", 2
"PROSTA", 2
"Stare Kabaty", 2
"PROBOSZCZEWICE PŁOCKIE", 2
"ZIMORODKA", 2
"PODRÓŻNA", 2
"PIECZYSKA", 2
"AZORY", 2
"Brzózek", 2
"Szumiących Traw", 2
"Warecka", 2
"CIERPIGÓRZ", 2
"Cząstków Polski", 2
"Umiastów", 2
"Poprzeczna", 2
"os. Bukowiec", 2
"Chlubna", 2
"Przyborowie", 2
"Cyraneczki", 2
"Rynia", 2
"Pęchery", 2
"Kotliny", 2
"Koralowych Dębów", 2
"Kwitnącej Akacji", 2
"Wojcieszyn", 2
"Nadwiślańska", 2
"Henryków-Urocze", 2
"Pustelnicka", 2
"Nowa", 2
"KRYNKA ŁUKOWSKA", 2
"WOLA LIPIENIECKA", 2
"Piaseczyńska", 2
"Ośrodek Zdrowia", 2
"Wiechy", 2
"Grabalówki", 2
"Dziekanów Nowy Wschód", 2
"Celulozy", 2
"ZAWADZKA", 2
"RUDA WIELKA", 2
"Czajkowskiego", 2
"Zaborówek-Wieś", 1
"Łomna-Las", 1
"Marcinki", 1
"Drogowców", 1
"Nadzorcówka", 1
"Nowe Wągrodno", 1
"Majowa", 1
"Gołębia", 1
"Brześce", 1
"Leśniakowizna", 1
"Królika", 1
"Okrąg", 1
"Uwieliny-Szkoła", 1
"Strzykuły", 1
"Rozwojowa", 1
"Pilawa", 1
"Obory", 1
"Zabraniecka-Magazyny", 1
"Felińskiego", 1
"Borowiecka", 1
"Imbirowa", 1
"Kolonia Lesznowola", 1
"Jaworówka", 1
"Jałowcowa", 1
"Morawicza", 1
"Polnych Kwiatów", 1
"Serwitucka", 1
"Marianki", 1
"Kolonia Sobików", 1
"Lokalna", 1
"Lipińska", 1
"Okunin", 1
"Łubinowa", 1
"Krakowiany", 1
"Wolska", 1
"Wojcieszyn-ARiMR", 1
"Czosnów", 1
"Żymirskiego-Przychodnia", 1
"Kilińskiego", 1
"Gassy-Pętla", 1
"Pośrednia", 1
"Zagościniec-Szkoła", 1
"Waniliowa", 1
"Boryny", 1
"Ruczaj", 1
"Wieniawskiego", 1
"Północna", 1
"os. Jagiellońska", 1
"Leśnych Boginek", 1
"Starostwo Powiatowe", 1
"Marzycieli", 1
"Odolany", 1
"Świerkowa", 1
"Kukułcza", 1
"Opolska", 1
"Starego Dębu", 1
"Przebiśniegów", 1
"os. Lewandów II", 1
"Robercin", 1
"Tatrzańska", 1
"Leśniakowizna II", 1
"Czarnówka", 1
"Przyjazna", 1
"Jaśminowa", 1
"Kolibra", 1
"Sielska", 1
"Wilanowska", 1
"Widokowa", 1
"Dziechciniec-Kolonia", 1
"Łęg", 1
"Nowe Lipiny", 1
"Witwickiego", 1
"Latoszki", 1
"Tramwajowa", 1
"CZARNA DROGA", 1
"RONDO SOLIDARNOŚCI", 1
"Kiełpin Cmentarz", 1
"Markowskiego", 1
"OKRZEWSKA II", 1
"CZACHÓWEK-SZKOŁA", 1
"KĘPA OBORSKA II", 1
"RACIBORÓW KUTNOWSKI", 1
"Baszkówka", 1
"SOBOLEW", 1
"Stolbud", 1
"Cieciszew-OSP", 1
"Ossów-Szkoła", 1
"PŁOŃSK", 1
"WÓLKA DWORSKA-WISŁA", 1
"Sołecka", 1
"os. Wedel", 1
"Olszynowa", 1
"Wawerska", 1
"PRZYSUCHA", 1
"PRZEJAZD", 1
"Przyszłość", 1
"Kędzierówka", 1
"Trakt Królewski", 1
"Łomna-Szkoła", 1
"Łbiska-Szkoła", 1
"Zagórzańska", 1
"Parcela II", 1
"Linin-Osiedle", 1
"Stara", 1
"Kaputy", 1
"BIELINY OPOCZYŃSKIE", 1
"Runów Osada", 1
"PKP Dawidy", 1
"Turystyczna/Kolejowa", 1
"ZAWIDZ KOŚCIELNY", 1
"Czarny Las", 1
"Kazimierzowska", 1
"MILANÓWEK", 1
"Szamoty", 1
"Kuleszówka", 1
"RADOM POTKANÓW", 1
"OBRĘB I", 1
"Gryfitów", 1
"Borowina III", 1
"Elsnerów", 1
"Grochowa", 1
"Ciszyca", 1
"PKP Kobyłka", 1
"Helenów", 1
"Kostowiec", 1
"BAGNISTA", 1
