"DW. CENTRALNY",301729
"CENTRUM",186951
"METRO MŁOCINY",162360
"METRO WILANOWSKA",133042
"METRO POLITECHNIKA",126989
"WARSZAWA OCHOTA",119415
"METRO ŚWIĘTOKRZYSKA",104518
"RONDO DASZYŃSKIEGO",103534
"METRO KABATY",98472
"WARSZAWA ZACHODNIA",96886
"KRUCZA",91233
"WARSZAWA POWIŚLE",82934
"PL. STARYNKIEWICZA",82610
"PL. WILSONA",81172
"METRO RATUSZ ARSENAŁ",79388
"OS. GÓRCZEWSKA",77980
"RZYMOWSKIEGO",77154
"WIATRACZNA",75670
"RONDO \"RADOSŁAWA\"",75588
"METRO POLE MOKOTOWSKIE",73767
"METRO SŁUŻEW",73478
"KINO FEMINA",70422
"P+R AL. KRAKOWSKA",69093
"RONDO ONZ",69083
"KOSZYKOWA",68658
"NOWODWORY",68423
"DW. GDAŃSKI",67889
"OKOPOWA",67169
"METRO MARYMONT",66790
"PL. ZAWISZY",65601
"PL. KONSTYTUCJI",64060
"ZĄBKOWSKA",63010
"METRO WIERZBNO",59943
"PARK PRASKI",59678
"METRO RACŁAWICKA",58334
"RONDO ZESŁAŃCÓW SYBERYJSKICH",56402
"DW. ZACHODNI",51301
"WARSZAWA WSCHODNIA",50654
"WAWELSKA",48931
"DW. WILEŃSKI",48571
"DW. WSCHODNI (KIJOWSKA)",47297
"PL. NARUTOWICZA",47088
"WARSZAWA STADION",46109
"WARSZAWA LOTNISKO CHOPINA",45800
"DWORKOWA",45527
"KIJOWSKA",45478
"GRZYMAŁY-SOKOŁOWSKIEGO",44655
"NOWE BEMOWO",44396
"RONDO WASZYNGTONA",44112
"CHEŁMSKA",43373
"PL. GRUNWALDZKI",43354
"INŻYNIERSKA",42928
"WORONICZA",42571
"RADIOWA",41938
"METRO NATOLIN",41888
"MUZEUM POWSTANIA WARSZAWSKIEGO",41011
"BITWY WARSZAWSKIEJ 1920 R.",40835
"DWORZEC WILEŃSKI",40342
"HOŻA",40055
"WOLA-RATUSZ",39793
"WARSZAWA ŚRÓDMIEŚCIE WKD",39726
"WARSZAWA AL. JEROZOLIMSKIE",39613
"METRO STARE BIELANY",39441
"GOCŁAW",39152
"HALA MIROWSKA",39079
"METRO IMIELIN",38882
"OS. WOLSKA",37914
"METRO URSYNÓW",37794
"SIELCE",37639
"RAKOWIECKA",37556
"PL. BANKOWY",37538
"RONDO STARZYŃSKIEGO",37462
"STAWKI",37260
"WILANÓW",36750
"MOST PONIATOWSKIEGO",36473
"PKP KASPRZAKA",36397
"STARE MIASTO",36008
"BRÓDNO-PODGRODZIE",35881
"MUZEUM NARODOWE",35663
"UNIWERSYTET",35522
"ELEKCYJNA",35514
"AL. REYMONTA",35472
"WARSZAWA ŚRÓDMIEŚCIE",35427
"KRÓLEWSKA",35414
"GOCŁAWEK",35309
"OCH-TEATR",35091
"LEGIONOWO PRZYSTANEK",35059
"ZAMIENIECKA",34973
"ROZBRAT",34874
"PKP RAKOWIEC",34727
"PL. UNII LUBELSKIEJ",34632
"SASKA",34529
"PL. TRZECH KRZYŻY",34114
"POSTĘPU",33847
"MIĘDZYNARODOWA",33834
"PL. ZBAWICIELA",33828
"CZUMY",33487
"ZAJEZDNIA WOLA",33412
"WSPÓLNA DROGA",33310
"METRO STOKŁOSY",33263
"BEMOWO-RATUSZ",33229
"KOROTYŃSKIEGO",33176
"OTWOCK",32876
"WROCŁAWSKA",32223
"AL. LOTNIKÓW",32052
"LOTNISKO CHOPINA-PRZYLOTY",31971
"PL. NA ROZDROŻU",31479
"PRZYCZÓŁEK GROCHOWSKI",31475
"BANACHA",31446
"MARSZAŁKOWSKA",31092
"HALA KOPIŃSKA",31055
"WARSZAWA GDAŃSKA",31007
"BOKSERSKA",30998
"PL. SZEMBEKA",30980
"MŁYNÓW",30853
"WARSZAWA SŁUŻEWIEC",30727
"MURANOWSKA",30712
"GÓRALSKA",30657
"ŚMIGŁOWCA",30208
"SOWIŃSKIEGO",30110
"PIASKI",29849
"OCHOTA-RATUSZ",29783
"ORDYNACKA",29702
"DICKENSA",29679
"ŚW. BONIFACEGO",29590
"DOBRA",29289
"WYŚCIGI",29255
"HALA WOLA",29116
"DYWIZJONU 303",28970
"SOKOŁOWSKA",28904
"WŁOŚCIAŃSKA",28669
"GUS",28662
"RONDO ŻABA",28553
"ŻERAŃ FSO",28491
"PARK DRESZERA",28207
"METRO WAWRZYSZEW",28056
"SPACEROWA",27917
"PARK OLSZYNA",27766
"PARK KASKADA",27765
"WARSZAWA RAKOWIEC",27472
"ŻÓŁKIEWSKIEGO",27438
"SZPITAL BRÓDNOWSKI",27068
"CYBERNETYKI",26513
"PRAGA-PŁD. -RATUSZ",26224
"POŁCZYŃSKA-PARKING P+R",26160
"UNIWERSYTET MEDYCZNY",26150
"POLIGONOWA",25863
"ZNANA",25658
"KLEMENSIEWICZA",25386
"JANA OLBRACHTA",25173
"WARSZAWA ŻWIRKI I WIGURY",25111
"LEGIONOWO PIASKI",25093
"MANGALIA",25090
"PŁOCKA",25006
"PŁOCHOCIŃSKA",24783
"SZPITAL WOLSKI",24765
"BRANICKIEGO",24699
"WARSZAWA WILEŃSKA",24514
"PRUSZKOWSKA",24490
"KONARSKIEGO",24352
"KAWĘCZYŃSKA-BAZYLIKA",24174
"HYNKA",23854
"INSTYTUT FIZYKI",23803
"DOLINA SŁUŻEWIECKA",23687
"POWĄZKOWSKA",23638
"NISKA",23498
"METRO SŁODOWIEC",23434
"BASENY INFLANCKA",23421
"SADY ŻOLIBORSKIE",23395
"MEHOFFERA",23303
"OGRODY DZIAŁKOWE BEMOWO",23237
"NOWOWIEJSKA",23109
"PARK TRAUGUTTA",23102
"EMILII PLATER",22967
"AL. ZIELENIECKA",22892
"CZAPELSKA",22567
"SADYBA",22533
"BORA-KOMOROWSKIEGO",22516
"PKP WKD AL. JEROZOLIMSKIE",22482
"FORT WOLA",22385
"TORUŃSKA",22366
"AL. WITOSA",22321
"ANIELEWICZA",22254
"ZAJEZDNIA OSTROBRAMSKA",22248
"CM. ŻYDOWSKI",22232
"WITOLIN",22100
"REMBIELIŃSKA",22099
"REDUTA WOLSKA",21952
"DOLNA",21747
"CZARNOMORSKA",21672
"SZCZĘŚLIWICE",21523
"SZANCERA",21496
"ESPERANTO",21402
"RATUSZOWA-ZOO",21223
"MORSKIE OKO",21177
"BEŁDAN",21170
"SYNÓW PUŁKU",20913
"SZCZĘŚLIWICKA",20901
"PARK MOCZYDŁO",20879
"MICHALIN",20756
"MAJAKOWSKIEGO",20438
"TARCHOMIN",20345
"SZOBERA",20310
"GOTARDA",20278
"WAWRZYSZEWSKA",20238
"WAŁ GOCŁAWSKI",20203
"URSYNÓW PŁN.",19890
"DĄBRÓWKA WIŚLANA",19884
"NOWOLIPKI",19785
"MYŚLIBORSKA",19668
"CH MARKI",19657
"STEGNY",19587
"SULEJÓWEK MIŁOSNA",19568
"AFRYKAŃSKA",19564
"BOGUSŁAWSKIEGO",19550
"ŚWIDER",19543
"DOMANIEWSKA",19403
"SZWEDZKA",19319
"HALE BANACHA",19237
"CODZIENNA",19104
"SZASERÓW-SZPITAL",19103
"CONRADA",19092
"WARSZAWA CENTRALNA",19087
"MURANÓW",19013
"SASANKI",19010
"MIĘDZYBORSKA",18920
"CHOMICZÓWKA",18702
"BARTYCKA",18684
"KENIGA",18634
"BIAŁOWIEJSKA",18602
"Warszawa Reduta Ordona",18444
"WŁOCHY-RATUSZ",18396
"WARSZAWA WAWER",18330
"DEOTYMY",18204
"HORBACZEWSKIEGO",18187
"POBORZAŃSKA",18172
"RZESZOTARSKIEJ",18124
"CM. WAWRZYSZEWSKI",18072
"SGGW-REKTORAT",18056
"OS. DERBY",18016
"KRAKOWIAKÓW",17993
"PŁOCKA-SZPITAL",17931
"HOTEL BRISTOL",17925
"BATUMI",17915
"DWERNICKIEGO",17836
"PŁOWIECKA",17759
"ORDONA",17687
"RAKOWIEC",17580
"TARGÓWEK-RATUSZ",17536
"ARCHIMEDESA",17521
"TOR STEGNY",17500
"MARYSIN",17478
"FOKSAL",17442
"ZAJEZDNIA PRAGA",17402
"KRÓLIKARNIA",17375
"PKP URSUS-NIEDŹWIADEK",17342
"UMIŃSKIEGO",17263
"WOŁOMIN SŁONECZNA",17251
"KAZUBÓW",17124
"PL. HALLERA",17117
"CHOTOMÓW",17071
"SKOROSZEWSKA",17029
"IWICKA",16955
"RYŻOWA",16952
"WARSZAWA LOTN. CHOPINA",16894
"ŚW. WINCENTEGO",16885
"SARMACKA",16881
"STARE BEMOWO",16807
"DURACZA",16792
"KOŁO",16752
"GRODKOWSKA",16739
"CH TARGÓWEK",16721
"GORASZEWSKA",16674
"W-WA WESOŁA",16653
"AWF",16627
"CM. WŁOSKI",16602
"CH BLUE CITY",16571
"CENTRUM NAUKI KOPERNIK",16555
"ŻYTNIA",16517
"ZIELONKA",16483
"KS. POPIEŁUSZKI",16465
"ABRAHAMA",16454
"Warszawa Raków",16098
"WARSZAWA WESOŁA",16061
"WARSZAWA MIEDZESZYN",16027
"PKP SŁUŻEWIEC",16004
"OS. POTOK",16004
"GRENADIERÓW",15993
"PKP WŁOCHY",15945
"GWIAŹDZISTA",15918
"CZŁUCHOWSKA",15817
"KONDRATOWICZA",15786
"ASPEKT",15759
"MARYNIN",15705
"POMNIK LOTNIKA",15687
"ŁOPUSZAŃSKA",15652
"SZPITAL MSW",15621
"PKP URSUS",15556
"WSPÓLNA",15545
"POPIELA",15510
"TORWAR",15509
"JULIANOWSKA",15474
"WOŁOSKA",15406
"CM. WOLSKI",15301
"KOBYŁKA-OSSÓW",15272
"ŁOJEWSKA",15157
"BERESTECKA",15064
"ELBLĄSKA",14971
"WARSZAWA ANIN",14968
"CIEPŁOWNIA WOLA",14923
"KIELECKA",14909
"KOMORÓW",14879
"PŁOCHOCIN",14687
"ZALESIE GÓRNE",14624
"MALBORSKA",14613
"STARA MIŁOSNA",14536
"LEGIONOWO",14440
"BIBLIOTEKA NARODOWA",14436
"SZWOLEŻERÓW",14362
"WARSZAWA MIĘDZYLESIE",14290
"GOCŁAWSKA",14275
"BRÓDNOWSKA",14269
"KULSKIEGO",14251
"WARSZAWA GOŁĄBKI",14248
"NORBLIN",14175
"STADION NARODOWY",14172
"CH PROMENADA",14144
"INSTYTUT NEUROLOGII",14080
"DALIBORA",14039
"NOVOTEL",14004
"KSIĄŻĘCA",13973
"KOCJANA",13926
"PL. ZAMKOWY",13907
"WRÓBLA",13856
"PRZY AGORZE",13798
"DŁUGOSZA",13717
"WARSZAWA REMBERTÓW",13717
"ŚWIĘTOKRZYSKA",13659
"STRZELECKIEGO",13586
"WITEBSKA",13548
"POWĄZKI-CM. WOJSKOWY",13539
"SZKOLNA",13520
"WARSZAWA RADOŚĆ",13432
"MODLIN",13358
"RECHNIEWSKIEGO",13281
"MŁYNARSKA",13164
"KRÓLOWEJ MARYSIEŃKI",13122
"PL. POLITECHNIKI",13059
"SOKRATESA",12973
"WAT",12856
"LUBELSKA",12856
"ŚWIĄTYNIA OPATRZNOŚCI BOŻEJ",12825
"KLARYSEWSKA",12786
"KINOWA",12762
"DZIECI WARSZAWY",12747
"ŚW. HIERONIMA",12705
"ADAMIECKIEGO",12614
"JÓRSKIEGO",12560
"BLISKA",12553
"SOBIESKIEGO",12548
"SOSNKOWSKIEGO",12546
"WOŁOMIN",12517
"MOŁDAWSKA",12491
"GORZYKOWSKA",12455
"ZĄBKI",12418
"JÓZEFÓW",12393
"URSYNÓW ZACH.",12364
"KOSTRZEWSKIEGO",12359
"NOWY ŚWIAT-UNIWERSYTET",12358
"WARSZAWA GOCŁAWEK",12318
"KĄTY GRODZISKIE",12293
"ORLICH GNIAZD",12211
"TUŻYCKA",12144
"ANNOPOL",12137
"ZAJĘCZA",12118
"MALCZEWSKIEGO",12087
"PL. PIŁSUDSKIEGO",12057
"OS. ARBUZOWA",12050
"STANIEWICKA",12048
"POLINEZYJSKA",12017
"OKRĄGŁA",11988
"MILENIJNA",11970
"KONSTRUKTORSKA",11961
"DZIERŻONIOWSKA",11955
"LEŻAJSKA",11938
"TOPOGRAFICZNA",11925
"KU WIŚLE",11807
"KOŚCIÓŁ",11720
"POPULARNA",11656
"TRUSKAWIECKA",11634
"BANACHA-SZPITAL",11617
"OS. MAJDAŃSKA",11587
"GRENADY",11559
"ŁUKOWSKA",11518
"NOWY ŚWIAT",11509
"NOWE WŁOCHY",11434
"STĘPIŃSKA",11380
"DKS TARGÓWEK",11354
"WARSZAWA OKĘCIE",11246
"MŁODZIEŃCZA",11173
"SPISAKA",11171
"CENTRUM ONKOLOGII",11132
"Warszawa Salomea",11109
"CZYNSZOWA",11109
"DW. WSCHODNI (LUBELSKA)",11066
"PL. BERNARDYŃSKI",11065
"PIASECZNO",11041
"CHŁOPICKIEGO",10987
"RACJONALIZACJI",10899
"FABRYCZNA",10868
"POWSTAŃCÓW",10862
"STACJA KRWIODAWSTWA",10793
"PKP KOŁO",10730
"TRAUGUTTA",10707
"NOSKOWSKIEGO",10668
"GARWOLIŃSKA",10660
"ŁABISZYŃSKA",10659
"WARNEŃSKA",10655
"WIELICKA",10651
"WARSZAWA CHOSZCZÓWKA",10631
"PL. KRASIŃSKICH",10622
"PERZYŃSKIEGO",10619
"WIEJSKA",10548
"HANDLOWA",10525
"SMOCZA",10516
"PIASTÓW ŚLĄSKICH",10462
"KIERBEDZIA",10438
"MAGISTRACKA",10420
"RAGINISA",10406
"GEN. ZAJĄCZKA",10406
"TOPIEL",10406
"PKP TORUŃSKA",10213
"MIKLASZEWSKIEGO",10200
"PARAFIALNA",10199
"ŚLIWICE",10199
"ZAJEZDNIA KLESZCZOWA",10185
"PARK SKARYSZEWSKI",10184
"ŚRÓDBORÓW",10155
"STEFANIKA",10153
"PIĘKNA",10135
"OS. WILGA",10121
"KWATERY GŁÓWNEJ",10112
"DO FORTU",10097
"GOLĘDZINÓW",10061
"BEREZYŃSKA",10043
"SZPITAL BIELAŃSKI",9987
"LUSIŃSKA",9978
"PODLEŚNA-IMIGW",9972
"MARYMONT-POTOK",9971
"GRODZISK",9901
"JADŹWINGÓW",9888
"KICKIEGO",9883
"EKSPRESOWA",9836
"GRODZISK MAZ.",9834
"CMENTARZ",9810
"OGIŃSKIEGO",9794
"PUSTELNIK",9737
"POLECZKI",9697
"W-WA WOLA GRZYBOWSKA",9646
"BIAŁOŁĘKA-RATUSZ",9601
"NOWOURSYNOWSKA",9595
"HALINÓW",9581
"SUWAK",9521
"PIOTRA SKARGI",9520
"SGGW-KLINIKA",9479
"FORT BLIZNE",9461
"Warszawa Ochota WKD",9455
"MADALIŃSKIEGO",9444
"URSUS-RATUSZ",9347
"BIELANY-RATUSZ",9311
"JAKTORÓW",9287
"REGULSKA",9263
"KS POLONIA",9224
"KAROLKOWA",9217
"WARSZAWA FALENICA",9154
"URZĄD MIASTA",9123
"REMBERTÓW-KOLONIA",9106
"CM. BRÓDNOWSKI",9095
"OKULAROWA",9069
"VOGLA",9053
"KRYNOLINY",9051
"CISZEWSKIEGO",9038
"SKOROSZE",9007
"JESIENNYCH LIŚCI",8973
"STRĄKOWA",8945
"KAPITULNA",8938
"REDUTOWA",8932
"TARNOWIECKA",8916
"KLAUDYNY",8902
"SAMOCHODOWA",8871
"MONTE CASSINO",8719
"PL. INWALIDÓW",8633
"PKP OLSZYNKA GROCHOWSKA",8623
"ANTKA ROZPYLACZA",8577
"PKP PIASECZNO",8569
"PL. TYSIĄCLECIA",8568
"PKP POWIŚLE",8523
"KOBYŁKA",8506
"ROZŁOGI",8454
"MEISSNERA",8435
"MŁOCINY-UKSW",8418
"KOCHANOWSKIEGO",8406
"KONWALIOWA",8394
"WRONIA",8349
"ARMATNIA",8332
"SIEMIATYCKA",8317
"ZAJEZDNIA ŻOLIBORZ",8296
"DW. ZACHODNI (TUNELOWA)",8239
"JASNA",8197
"RADIOWA-WAT",8176
"METRO CENTRUM NAUKI KOPERNIK",8171
"BUDOWLANA",8162
"SIEKIERKI-SANKTUARIUM",8160
"LALKI",8150
"GALLA ANONIMA",8121
"URSYNÓW PŁD.",8082
"SULEJÓWEK",8067
"RAKOWIECKA-SANKTUARIUM",8064
"OS. LEŚNE",8049
"BALEYA",8037
"MENNICA",8030
"FIGOWA",7987
"SOLEC",7979
"MIŃSK MAZ. ANIELINA",7979
"ŚNIEGOCKIEJ",7973
"BYTNARA",7968
"WIŚNIOWA",7924
"WARSZAWA PŁUDY",7895
"RASZYŃSKA",7884
"ZAJEZDNIA WORONICZA",7867
"ARESZT ŚLEDCZY SŁUŻEWIEC",7864
"DUNIKOWSKIEGO",7810
"WARSZAWSKA",7796
"WAŁ MIEDZESZYŃSKI",7747
"OS. KABATY",7744
"LAZUROWA",7730
"SPARTAŃSKA",7624
"KOŁOWA",7619
"DZIKA",7614
"ZACHĘTA",7580
"PL. NIEMENA",7576
"MIKOŁAJSKA",7557
"ŻEROMSKIEGO",7552
"BARTNICZA",7528
"AL. SOLIDARNOŚCI",7514
"PIMOT",7508
"TELIGI",7507
"BOGATKI",7468
"BŁONIE",7454
"WARSZAWA PRAGA",7437
"TARCHOMIN KOŚCIELNY",7391
"DĄBROWSKIEGO",7360
"CISIE",7356
"OŻARÓW MAZ.",7350
"ŁOWICKA",7312
"LIPOWCZANA",7310
"ARMII KRAJOWEJ",7295
"ZAKRZEWSKA",7256
"PKP ZACISZE-WILNO",7239
"BUKOWIŃSKA",7215
"OBRAZKOWA",7207
"WAŁOWICKA",7175
"WITANÓW",7129
"KONDUKTORSKA",7118
"GEN. MACZKA",7047
"DOJAZDOWA",7027
"WARSZAWA TORUŃSKA",7020
"KRASICKIEGO",7019
"ŻERAŃ WSCHODNI",7004
"WARSZAWA WOLA GRZYBOWSKA",6970
"KWITNĄCA",6960
"BOHATEREWICZA",6934
"ŻUROMIŃSKA",6926
"BATALIONU PLATERÓWEK",6923
"PRYSTORA",6868
"WKD RAKÓW",6852
"RADAROWA",6839
"MIŁOBĘDZKA",6838
"ZAPUSTNA",6819
"TELEWIZJA POLSKA",6816
"KANAŁ ŻERAŃSKI",6807
"AL. 3 MAJA",6804
"TRAWIASTA",6778
"NIZINNA",6770
"OBROŃCÓW TOBRUKU",6717
"SMOLUCHOWSKIEGO",6692
"WARSZAWA OLSZYNKA GROCHOWSKA",6672
"TRAKT LUBELSKI",6645
"HENRYKA BRODATEGO",6613
"WIDAWSKA",6565
"MOST ŚWIĘTOKRZYSKI",6565
"LESZNO",6536
"BRACI WAGÓW",6499
"MYCIELSKIEGO",6479
"EC ŻERAŃ",6477
"ORZESZKOWEJ",6437
"NOWY DWÓR MAZ.",6436
"WYNALAZEK",6431
"NIEDŹWIEDZIA",6430
"BRAZYLIJSKA",6429
"IWICZNA",6386
"NAMYSŁOWSKA",6347
"LIMANOWSKIEGO",6340
"SUWALSKA",6311
"UKSW",6309
"GDECKA",6297
"HARFOWA",6285
"Nowa Wieś Warszawska",6269
"KAJKI",6269
"PARK POSTĘPU",6265
"WOJNICKA",6256
"PARK BRÓDNOWSKI",6255
"BAZYLIAŃSKA",6254
"NOWOLIPIE",6231
"PL. TEATRALNY",6230
"URSUS-NIEDŹWIADEK",6177
"OS. DERBY VI",6157
"TAGORE'A",6151
"BARTOSZKA",6132
"SZUBERTA",6130
"PRZY PARKU",6124
"HERBSTA",6107
"PL. KASZTELAŃSKI",6104
"WYBRZEŻE HELSKIE",6102
"BIAŁOBRZESKA",6100
"OS. LEWANDÓW I",6086
"OSIEDLE MŁODYCH",6011
"ŚWIDERSKA",5999
"INSTYTUT LOTNICTWA",5995
"MOST SIEKIERKOWSKI",5987
"OS. ISKRA",5982
"MYSZKOWSKA",5962
"NAŁĘCZOWSKA",5951
"REJTANA",5935
"MIĘDZYLESIE",5935
"KOŃSKI JAR",5914
"17 STYCZNIA",5886
"RUDZKA",5884
"PRZASNYSKA",5882
"PL. GRZYBOWSKI",5873
"3 MAJA",5869
"ŁAZIENKI KRÓLEWSKIE",5859
"PRZYBYSZEWSKIEGO",5857
"TROCKA",5838
"OŚRODEK WOJSKOWY",5834
"SÓJKI",5828
"ZAGOŚCINIEC",5817
"OS. NOWY MOKOTÓW",5816
"ROGALIŃSKA",5796
"USTANÓWEK",5795
"REMBERTÓW-AKADEMIA",5771
"ŁAGIEWNICKA",5727
"ODYŃCA",5688
"DZIAŁKOWA",5676
"OKNICKA",5676
"PKP PRUSZKÓW",5667
"POGODNA",5666
"SKOROCHÓD-MAJEWSKIEGO",5661
"SPORTOWA",5655
"MIŃSK MAZ.",5644
"HOŁUBCOWA",5637
"RUMIANKOWA",5628
"KONWIKTORSKA",5625
"GRABÓW",5571
"ŁOSOSIOWA",5541
"KLASYKÓW",5536
"PRATULIŃSKA",5517
"MALINOWSKIEGO",5514
"Warszawa Al. Jerozolimskie",5511
"ROLANDA",5509
"TARNINY",5484
"ZIELONA",5477
"FALENICA",5472
"PAROWCOWA",5446
"PIECHURÓW",5444
"OŚ KRÓLEWSKA",5441
"ZARUSKIEGO",5433
"MARMUROWA",5394
"BUKOWSKIEGO",5365
"STAWY",5362
"OS. STASZICA/PĘTLA",5359
"TARGÓWEK",5312
"DS RIVIERA",5289
"GRZYBOWA",5285
"OS. WYŻYNY",5260
"REZEDOWA",5254
"STARODĘBY",5253
"GRZYMALITÓW",5226
"TOR KOLARSKI",5225
"WARSZAWA URSUS PŁN.",5217
"DOMANIEWSKA OFFICE PARK",5208
"JEZIORKO CZERNIAKOWSKIE",5198
"PŁYTOWA",5196
"STARE ŚWIDRY",5188
"JANÓWEK",5185
"MACZKA",5172
"ZIELENIECKA",5166
"WIŚLICKA",5156
"KAKOWSKIEGO",5143
"ORLĄT LWOWSKICH",5135
"CHŁODNA",5135
"MOKOTOWSKA",5113
"KOŚCIUSZKI",5110
"Reguły",5108
"CZARNIECKIEGO",5087
"NOWY ZJAZD",5074
"SGGW-BIBLIOTEKA",5059
"ORZYCKA",5029
"PŁASKOWICKIEJ",5020
"BARTŁOMIEJA",5013
"ENERGETYCZNA",4985
"PATKOWSKIEGO",4981
"MODLIN LOTNISKO",4948
"OGRODY DZIAŁKOWE KAWĘCZYN",4933
"KOBIAŁKA-SZKOŁA",4894
"WARSZAWA OLSZYNKA GROCH.",4890
"NIK",4872
"SIEMIEŃSKIEGO",4857
"MASZEWSKA",4845
"FRANCUSKA",4840
"DZIEWANOWSKA",4802
"HENRYKÓW",4799
"KOMPASOWA",4794
"TORFOWA",4785
"BOHOMOLCA",4780
"Michałowice",4766
"WOŁOMIŃSKA",4750
"HALLERA",4729
"FORT BEMA",4716
"CZORSZTYŃSKA",4710
"DOBCZYN",4658
"RAABEGO",4642
"LANCIEGO",4638
"LEGIA-STADION",4636
"INSTRUKTORSKA",4635
"KOŚCIELISKA",4634
"BIBLIOTEKA UNIWERSYTECKA",4632
"MOST GDAŃSKI",4632
"STRYJEŃSKICH",4611
"SYMPATYCZNA",4583
"WODNIAKÓW",4565
"LAS BIELAŃSKI",4564
"ORZECHOWA",4550
"PRZEDPOLE",4527
"POLSKIE RADIO",4524
"TEATR KOMEDIA",4519
"TKACZY",4512
"KS POLONEZ",4500
"ODLEWNICZA",4458
"ARBUZOWA",4416
"PKP URSUS PŁN.",4394
"KONOPACKA",4390
"SPISKA",4373
"RODŁA",4365
"AL. WIELKOPOLSKI",4363
"WYCZÓŁKI",4358
"Warszawa Zachodnia WKD",4345
"SYPNIEWSKA",4341
"OS. DERBY III",4340
"HALA SPORTOWA BEMOWO",4310
"DWORCOWA",4286
"DZIELNA",4281
"MEKSYKAŃSKA",4278
"GRANICZNA",4275
"STERNICZA",4274
"ŻOŁNY",4255
"STRUMYKOWA",4254
"TRASA ŁAZIENKOWSKA",4252
"NARWIK",4238
"IX POPRZECZNA",4237
"NORWIDA",4228
"WOJSKA POLSKIEGO",4227
"CHMIELNA",4223
"LASEK NA KOLE",4200
"NOCZNICKIEGO",4181
"DRZEWORYTNIKÓW",4180
"POTULICKA",4174
"PKP REMBERTÓW",4160
"URBANISTÓW",4153
"BOERNEROWO",4140
"PKP GOCŁAWEK",4137
"PIRENEJSKA",4126
"TŁUSZCZ",4106
"MAKOLĄGWY",4104
"CZWARTAKÓW",4098
"SIWIŃSKIEGO",4092
"PIASTA KOŁODZIEJA",4072
"WYSZOGRODZKA",4059
"INOWŁODZKA",4053
"NATOLIN PŁN.",4050
"MARKOWSKA",4042
"AL. JANA PAWŁA II",4030
"WARSZAWA ŻERAŃ",4023
"TABOROWA",4014
"PIĘCIOLINII",4000
"KOMBAJNISTÓW",3982
"WARCHAŁOWSKIEGO",3943
"WŁADYSŁAWA HERMANA",3940
"RKS ORZEŁ",3938
"NIEMCEWICZA",3931
"BURSZTYNOWA-SZPITAL",3904
"METRO STADION NARODOWY",3902
"TECHNIKÓW",3894
"LEWINOWSKA",3862
"PKP ŻERAŃ",3862
"PORAJÓW",3858
"Tworki",3856
"DĄBROWSZCZAKÓW",3811
"DĄBRÓWKA SZLACHECKA",3808
"BELGRADZKA",3792
"PL. SZWEDZKI",3777
"ADAMPOLSKA",3763
"KOSYNIERÓW",3759
"ZAJEZDNIA REDUTOWA",3753
"ŁYSAKOWSKA",3732
"BATALIONÓW CHŁOPSKICH",3691
"KONCERTOWA",3680
"MŁYN",3676
"WALEREGO SŁAWKA",3667
"PKP MIĘDZYLESIE",3656
"GRUSZCZYŃSKIEGO",3649
"POWSINEK",3640
"ANDERSENA",3637
"ŚMIGIELSKA",3627
"PELCOWIZNA",3625
"ZWYCIĘZCÓW",3620
"MANDARYNKI",3613
"ZERZEŃ",3607
"SIEDLCE",3598
"HOSPICJUM ONKOLOGICZNE",3584
"PUŁASKIEGO",3578
"TOŁSTOJA",3574
"BUDZIŃSKIEJ-TYLICKIEJ",3570
"TUŁOWICKA",3559
"KS. SITNIKA",3559
"PŁUŻAŃSKA",3556
"KSIĘCIA BOLESŁAWA",3555
"DW. GDAŃSKI (RYDYGIERA)",3548
"JARACZA",3529
"PKP ANIN",3523
"OKĘCIE BUSINESS PARK",3501
"ODRODZENIA",3499
"BUKÓW",3496
"LAMINA",3493
"JARZĘBINOWA",3492
"LISTONOSZY",3484
"KLASZTORNA",3478
"CHODECKA",3477
"OPACZEWSKA",3456
"MAŁEJ ŁĄKI",3453
"MALINOWA",3436
"PILECKIEGO",3430
"NOWA IWICZNA",3419
"BIELSZOWICKA",3406
"OS. JANTAR",3386
"11 LISTOPADA",3381
"CHYLICZKOWSKA-TECHNIKUM",3370
"BRATA ALBERTA",3367
"CONRADA-SZKOŁA",3361
"ŚNIEŻNA",3359
"Opacz",3357
"PODSKARBIŃSKA",3349
"MAŁCUŻYŃSKIEGO",3342
"POŻAROWA",3330
"ŚRENIAWITÓW",3328
"LEKTYKARSKA",3323
"SUZINA",3319
"SKARBKA Z GÓR",3318
"WARSZAWA MOKRY ŁUG",3316
"ŻUPNICZA",3305
"MICHAŁÓW-REGINÓW",3301
"OBOZOWA",3288
"KARCZOCHA",3288
"RYBNA",3282
"KOSIARZY",3265
"NA SKRAJU",3254
"BUDEXPO",3251
"NOWAKA-JEZIORAŃSKIEGO",3249
"PKP RADOŚĆ",3234
"OS. ZIELONY STAW",3217
"OS. DOMANIEWSKA",3211
"NOAKOWSKIEGO",3208
"OGRODY DZIAŁKOWE CZERNIAKÓW",3205
"PRZEBIEG",3192
"NOWODWORSKA",3189
"FORT WAWRZYSZEW",3186
"ALUZYJNA",3186
"PELIKANÓW",3185
"CZERNIAKOWSKA",3172
"CM. PRAWOSŁAWNY",3170
"AGRYKOLA",3169
"LUCERNY",3160
"MYSIADŁO",3143
"INSTYTUT HEMATOLOGII",3124
"PL. MAŁACHOWSKIEGO",3119
"MIĘDZYBORÓW",3115
"NALEWKI-MUZEUM",3112
"MIŃSKA",3107
"MADALIŃSKIEGO-SZPITAL",3105
"RYNEK",3094
"ŁOMIANKI-CENTRUM",3094
"KAPELI",3089
"POLMO",3069
"KSIĘŻYCOWA",3067
"OGÓRKOWA",3064
"PARK ZDROJOWY",3063
"INFLANCKA",3060
"POTOCKICH",3060
"SOBOCKA",3058
"1 SIERPNIA",3038
"ARMII \"POZNAŃ\"",3037
"WALECZNYCH",3012
"BYSTRA",3009
"WRZECIONO",3008
"CHOSZCZÓWKA",3006
"MEGASAM",2983
"KANAŁ GOCŁAWSKI",2964
"URZĄD GMINY",2961
"STEFANA BATOREGO",2951
"ŁOWCZA",2935
"POSAG 7 PANIEN",2929
"ASTRONAUTÓW",2924
"Pruszków WKD",2921
"TANGO",2915
"WOLNOŚCI",2903
"OS. BERNARDYŃSKA",2903
"GOCŁAWEK WSCHODNI",2900
"OSMAŃSKA",2882
"ZAPLECZE",2880
"MICKIEWICZA",2874
"GROTY",2858
"PODOLSKA",2856
"CHODAKOWSKA",2845
"OSTRÓDZKA",2839
"WIELOWIEJSKA",2838
"DĄBRÓWKA",2831
"KAROLIN",2825
"SANKTUARIUM",2814
"URZĄD STATYSTYCZNY",2810
"KORSAKA",2808
"DZIERZGOŃSKA",2808
"PODZAMCZE",2806
"POWSTAŃCÓW WARSZAWY",2772
"PODKOWA LEŚNA GŁÓWNA",2768
"INSTYTUT KARDIOLOGII",2754
"PERKUNA",2751
"KRYNICZNA",2751
"ZABRANIECKA",2748
"MAGIERA",2747
"KAMIŃSKIEGO",2729
"CYTADELA",2720
"ODESKA",2712
"MIELCZARSKIEGO",2711
"TWARDOWSKA",2705
"SIODLARSKA",2690
"POMOLOGICZNA",2684
"ŁUKOWA",2681
"ŚWIĘTOJERSKA",2681
"OS. ORLIK",2670
"ĆWIKLIŃSKIEJ",2660
"ZAŚCIANKOWA",2651
"PKP LEGIONOWO",2646
"KLUB LIRA",2638
"DĘBE WIELKIE",2627
"BIAŁOŁĘKA DWORSKA",2623
"OGRÓD DZIAŁKOWY IM. WARNEŃCZYKA",2610
"JADWISIN",2608
"JASIELSKA",2607
"ATEŃSKA",2604
"RYBNICKA",2600
"POLNA",2595
"TERMINAL CARGO",2591
"POMIECHOWSKA",2579
"STOICKA",2572
"PRZEWORSKA",2570
"KOLEJKA PIASECZYŃSKA",2562
"GOŁKOWSKA",2558
"JURAJSKA",2545
"CZARNA STRUGA",2545
"ZGODA",2541
"POMNIK SAPERA",2537
"TŁUCHOWSKA",2530
"MOST GROTA-ROWECKIEGO",2524
"FLETNIOWA",2518
"GŁĘBOCKA",2514
"PIASECZNICA",2508
"Kanie Helenowskie",2504
"RYBAŁTÓW",2502
"WARSZAWA JEZIORKI",2496
"PAŁACOWA",2488
"CENTRUM TARGOWE",2484
"OLSZOWA",2484
"WOJSŁAWICKA",2474
"SOŁTYKA",2468
"NARODOWA",2468
"KWIATOWA",2467
"KLAMROWA",2466
"DULAG",2459
"WIERTNICZA",2459
"KLIMONTOWSKA",2454
"RONDO ŻABCZYŃSKIEGO",2452
"DRZEWIECKIEGO",2449
"GILARSKA",2441
"POŻARYSKIEGO",2435
"SANGUSZKI",2430
"STRUGA",2429
"OBJAZDOWA",2429
"Podkowa Leśna Zachodnia",2412
"PIASTOWSKA",2410
"SIENNICKA",2407
"WRZOSÓW",2406
"WOJCIECHOWSKIEGO",2399
"URSUS-SANKTUARIUM",2392
"AL. WOJSKA POLSKIEGO",2391
"SZARYCH SZEREGÓW",2387
"SZPITALNA",2385
"PROZY",2375
"JESIONOWA",2370
"KS. SKORUPKI",2369
"CIOŁKOSZA",2358
"HASSA",2353
"ALEKSANDRÓW",2347
"MARCELIN",2343
"WARSZAWA DAWIDY",2343
"PRASOWA",2334
"ZALESINEK",2328
"BAREI",2323
"SZAFARZY",2311
"SADKOWSKA",2311
"CZERWONYCH BERETÓW",2305
"CZATÓW",2303
"RONDO DASZYŃSKIEGO - ",2301
"SIEDLISKOWA",2298
"LERCHA",2292
"POETÓW",2291
"BOROWA",2285
"PUSTOLA",2282
"KANAŁ NOWE UJŚCIE",2268
"DUCHNICKA",2265
"JANKI MAŁE",2264
"TRZYKROTKI",2262
"WIOSENNA",2262
"WIELISZEW",2257
"BIELAŃSKA",2254
"GOŚCIERADOWSKA",2238
"EC SIEKIERKI",2229
"ODRĘBNA",2221
"MAKLAKIEWICZA",2211
"POMORSKA",2209
"SEROKI",2204
"LEŚNEJ POLANKI",2198
"ORACZY",2197
"PL. PRZYMIERZA",2192
"Malichy",2167
"HETMAŃSKA",2143
"KRÓLOWEJ BONY",2141
"SOLIDNA",2130
"EDISONA",2121
"PEONII",2111
"WIERUCHOWSKA",2093
"LINDLEYA",2089
"LEŚNA",2089
"DUCHNÓW",2077
"GRODZISK MAZ. RADOŃSKA",2062
"PADEREWSKIEGO",2057
"BOBROWIECKA",2057
"CHODKIEWICZA",2049
"JEZIOROWA",2039
"SUCHA ŻYRARDOWSKA",2032
"KANAŁ BRÓDNOWSKI",2032
"PRZYDROŻNA",2025
"CYNAMONOWA",2016
"CH REDUTA",2014
"ORLA",2012
"WINNICA",2001
"GONTARSKA",2000
"MAGNOLII",1996
"UTRATA",1996
"Podkowa Leśna Wschodnia",1993
"NACZELNIKOWSKA",1985
"JURANDA ZE SPYCHOWA",1960
"DZIEKANÓW LEŚNY",1959
"JAGIELSKA",1952
"WAŁBRZYSKA-CMENTARZ",1947
"ŻYWIECKA",1945
"TRAKT LUBELSKI-LAS",1944
"NOWY SĘKOCIN",1943
"WERSALSKA",1943
"GEODEZYJNA",1934
"MOTYLKOWA",1934
"SOCHACZEW",1920
"BEŁZY",1915
"SANTOCKA",1911
"BERENSONA",1909
"SOSNOWA",1908
"PKP GRODZISK MAZOWIECKI",1908
"Otrębusy",1907
"DŁUGORZECZNA",1907
"KOŁBIEL",1905
"PIELĘGNIAREK",1905
"CM. PÓŁNOCNY-BRAMA GŁ.",1898
"KOMPUTEROWA",1897
"BOŻA WOLA",1896
"KASZTANOWA",1889
"ESKULAPÓW",1874
"MIGDAŁOWA",1870
"KOMETY",1862
"PKP MOKRY ŁUG",1862
"MODLIŃSKA",1861
"SAGALLI",1851
"OS. RUDA",1845
"MAŃKI-WOJDY",1844
"RADIOSTACJA ŁAZY",1820
"TYLŻYCKA",1811
"ŁOKIETKA",1808
"CHUDOBY",1804
"JERZEGO",1804
"POMIECHÓWEK",1802
"XXI WIEKU",1800
"KARCZUNKOWSKA",1795
"WESOŁA-RATUSZ",1785
"JAWCZYCE",1782
"SPÓŁDZIELNIA NOMA",1780
"ZACHODNIA",1777
"ROGOWSKA",1772
"BRACI ZAWADZKICH",1772
"WSPÓŁCZESNA",1771
"WARSZAWA ZOO",1764
"BYSŁAWSKA",1754
"BOHUSZEWICZÓWNY",1748
"ROZŁUCKA",1746
"JULIANOWSKA-CMENTARZ",1744
"PARK MŁOCIŃSKI",1741
"CHĘCIŃSKA",1741
"RUSKOWY BRÓD",1734
"OGRODY DZIAŁKOWE PIASKI",1734
"WIOLINOWA",1726
"ŚNIADECKICH",1722
"POWĄZKI-IV BRAMA",1714
"WIRAŻOWA",1707
"OSMAŃSKA-DHL",1696
"CHRZĘSNE",1695
"NOWINY",1692
"GRABINA",1691
"PKP WAWER",1690
"BRODY WARSZAWSKIE",1690
"PIASKOWA",1690
"DROGOWA",1689
"MARIENSZTAT",1688
"PANCERA",1681
"CUKROWNICZA",1673
"JASIENICA MAZ.",1661
"ICDS",1652
"FARADAYA",1649
"GŁOWACKIEGO",1647
"STRZELECKA",1646
"BARCZĄCA",1646
"NIEDZIAŁKOWSKIEGO",1645
"CENTRUM ZDROWIA DZIECKA",1642
"SIENKIEWICZA",1634
"RUBINOWA",1630
"ZAMENHOFA",1606
"OGRODY DZIAŁKOWE WILANÓWKA",1606
"PKP FALENICA",1600
"WIĄZANA",1600
"DĘBOWA",1599
"KŁOBUCKA",1598
"WOLA GRZYBOWSKA",1595
"LIPOWA",1591
"TERMINAL AUTOKAROWY",1588
"PKP JEZIORKI",1585
"PAŁAC",1583
"OS. PRZYLESIE",1578
"WAWER-RATUSZ",1574
"SIEKIERKOWSKA",1569
"SZOLC-ROGOZIŃSKIEGO",1565
"LEBIODOWA",1559
"SZASERÓW",1542
"OS. MARYWILSKA",1542
"NADZIEI",1539
"REMBERTÓW-RATUSZ",1539
"PARCELACYJNA",1533
"LOKAJSKIEGO",1527
"ŻONKILOWA",1526
"PRZELOTOWA",1522
"JARA",1517
"OS. OLSZYNY",1514
"PKP WESOŁA",1510
"CYKLAMENÓW",1507
"ZBARASKA",1504
"ĆMIELOWSKA",1500
"WĄWOZOWA",1492
"RONDO GRANZOWA",1491
"PICASSA",1480
"GŁOGI",1474
"NADARZYŃSKA",1473
"ROKOSOWSKA",1472
"JURANDA ZE SPYCHOWA-SZKOŁA",1470
"OCZAPOWSKIEGO",1469
"OKRĘŻNA",1468
"POŁUDNIOWA",1467
"WARSZAWA ZACISZE - WILNO",1459
"STAROSTWO",1457
"POGORZEL WARSZAWSKA",1453
"RUDNICKIEGO",1451
"NASIELSK",1450
"HANKI ORDONÓWNY",1449
"SREBRNYCH ŚWIERKÓW",1444
"ŻYRARDÓW",1439
"DOBOSZA",1438
"LWOWSKA",1437
"KOPCIŃSKIEGO",1428
"SCHROEGERA",1428
"NOWE DĘBE WIELKIE",1427
"OTRĘBUSY",1416
"OSTRÓDZKA-SZKOŁA",1416
"BRONOWSKA",1416
"ZWOLEŃSKA",1414
"PŁUŻNICKA",1413
"BORKÓW",1410
"BACHA",1407
"WIERNA",1405
"DROBIARSKA",1404
"PUCHAŁY",1404
"WYSPIAŃSKIEGO",1403
"WALEWSKA",1401
"RADZYMIŃSKA",1399
"DŁUGA",1399
"LEGIONOWA",1393
"DANUSI",1387
"MODZELEWSKIEGO",1386
"KUŹNICY KOŁŁĄTAJOWSKIEJ",1379
"PODBIPIĘTY",1378
"POLONEZA",1374
"ODKRYTA",1370
"SIENNA",1366
"AGATOWA",1366
"FRANCISZKAŃSKA",1364
"KIEPURY",1363
"WÓLKA WĘGLOWA",1362
"MIRKOWSKA",1358
"PKP OKĘCIE",1357
"ZARUBY",1357
"KOŹMIŃSKA",1349
"MILANÓWEK GRUDÓW",1349
"PKP GOŁĄBKI",1343
"SPADOWA",1338
"DYREKCJA FSO",1337
"OLESIN",1332
"WAPOWSKIEGO",1322
"ŁOMIANKI-SZKOŁA",1321
"BRUKOWA",1316
"DOSTAWCZA",1313
"SŁONECZNA",1313
"OGRODOWA",1310
"CZACHÓWEK GÓRNY",1307
"KADETÓW",1299
"KRZYŻANOWSKIEGO",1296
"BOLEŚĆ",1296
"KAFLOWA",1292
"SIERAKOWSKA",1290
"FIELDORFA",1282
"RYDYGIERA",1280
"WASILKOWSKA",1279
"RADIOWO",1272
"KSIĘŻNEJ ANNY",1272
"WARTKA",1270
"CERAMICZNA",1264
"SZAMOCIN",1260
"CEGŁÓW",1260
"BENNETTA",1260
"SUŁKOWICE",1259
"RADIOWO-BOCZNICA",1258
"KSAWERÓW",1258
"OGRODY DZIAŁKOWE NA SKRAJU",1242
"SZYSZKOWA",1242
"WKD MILANÓWEK GRUDÓW",1241
"KOSAĆCOWA",1236
"GRZEGORZEWSKIEJ",1231
"JANKI",1229
"KĄTNE",1228
"PL. OSTREJ BRAMY",1225
"KORNELIN",1225
"GÓRKI",1217
"PARKOWA",1213
"KLARYSEW",1213
"PL. KOŚCIUSZKI",1209
"ANDRUTOWA",1207
"WOŁODYJOWSKIEGO",1198
"PL. SPORTOWY",1193
"LELEWELA",1192
"GROSZÓWKA",1186
"JAGIELLOŃSKA",1183
"MROZY",1179
"RYCERSKA",1173
"KRAŃCOWA",1164
"WAFLOWA",1161
"KINO BAŚŃ",1159
"PRZEPIÓRKI",1157
"SIEDMIOGRODZKA",1154
"WILKOWIECKA",1154
"BATALIONU WŁOCHY",1153
"UMIASTOWSKA",1133
"PODBIAŁOWA",1130
"PKP MIEDZESZYN",1127
"ZŁOTOKŁOS",1124
"SAMARYTANKA",1116
"ZACISZE",1113
"ANNY GERMAN",1112
"SALOMEA",1112
"KAMERALNA",1104
"INSTYTUT ENERGETYKI",1102
"CZACHÓWEK PŁD.",1096
"TALAROWA",1094
"PRZEKORNA",1092
"OKRZEI",1085
"ANNY JAGIELLONKI",1083
"PKP PŁUDY",1079
"SMUGOWA",1077
"PASTUSZKÓW",1075
"BRWINÓW",1073
"KOCJANA-BOCZNICA",1072
"HALA ZNICZ",1066
"KAJETANY",1060
"STASZICA",1060
"BŁOTA",1057
"OŚRODEK SZKOLENIOWY",1056
"OS. VICTORIA",1052
"ZDZIARSKA-KANAŁ",1052
"HARNASIE",1050
"OS. KONSTANCJA",1045
"MUZEALNA",1039
"CHYNÓW",1038
"SIELANKOWA",1036
"TYTUŁOWA",1034
"TAWUŁKOWA",1032
"LESZYCKIEGO",1029
"BARSZCZEWSKA",1027
"KADETÓW-KOŚCIÓŁ",1027
"1. PRASKIEGO PUŁKU",1024
"PKP LEGIONOWO-PRZYSTANEK",1020
"SZPITAL GROCHOWSKI",1017
"OS. MŁODYCH",1017
"ŁUKASZCZYKA",1013
"GARWOLIN",1012
"LAUROWA",1007
"KATIUSZY",1007
"STADION",1005
"MAŁE SIEKIERKI",1003
"BRZEZIŃSKA",999
"TABITA",998
"CZERWIŃSKA",990
"ROGATKOWA",984
"SĘKOCIN LAS",984
"DĘBINA",983
"CZERUCHY",979
"PEDAGOGICZNA",978
"BYSTRZYCKA",978
"MOCHTYŃSKA",977
"TERESIN-NIEPOKALANÓW",975
"INSUREKCJI",975
"NUGAT",970
"HUTNICZA",965
"GOŁKÓW-WIEŚ",963
"ROZCHODNIKOWA",957
"ROSOCHATA",957
"KUSOCIŃSKIEGO",956
"POCISK",955
"KLEMBÓW",954
"OS. LAS",953
"KOŚCIUSZKI-SZKOŁA",951
"SYTA",950
"PODLEŚNA",949
"JOLIOT-CURIE",947
"CH BŁĘKITNE",946
"BRZEZINY",946
"WYGODA",946
"KOWIEŃSKA",941
"SADOWA-DOM OPIEKI",934
"TURMONCKA",934
"STARA WIEŚ",930
"CHYLICZKI",927
"FORTOWA",925
"ZDZIARSKA",924
"AUGUSTÓWKA",919
"SZARADY",918
"SZACHOWA",915
"STRZYGŁOWSKA",915
"MAŁEGO RYCERZA",913
"GOŁKÓW-LETNISKO",913
"SOKOŁOWSKIEGO",912
"SKIBIŃSKIEGO",908
"SŁOWACKIEGO",906
"ZEGRZE PŁD.",904
"NOWY PODOLSZYN",901
"DZIĘCIOŁA",897
"INSTYTUT EKOLOGII PAN",897
"LUBICZÓW",895
"CHABROWA",891
"PRAŻMOWSKA",890
"PRZYLEŚNA",889
"LIPKÓW-MUZEUM",883
"CH STARA PAPIERNIA",882
"BORYSZEWSKA",880
"GRODZISZCZE MAZ.",878
"INTERNETOWA",876
"CENTRUM MODY",872
"PAŃSKA",869
"KORDIANA",869
"POCZTY GDAŃSKIEJ",867
"BROWARNA",863
"PL. PONIATOWSKIEGO",853
"BIAŁOBRZEGI",853
"ŚWIECKA",851
"KRĘŻEL",844
"WIERZBOWA",843
"MIŁA",843
"SIKORSKIEGO",833
"BUCHNIK",832
"PIASTA",830
"ZAOLZIAŃSKA",828
"LITEWSKA",827
"REKRUCKA",826
"JULIANÓW",825
"CEGLANA",823
"KARTEZJUSZA",822
"GRUSZY",818
"Grodzisk Maz. Piaskowa",817
"POWOJOWA",816
"SIERAKOWSKIEGO",816
"OSMAŃCZYKA",815
"EUROPEJSKA",813
"INSTALATORÓW-KAM",805
"CIECHANÓW",805
"RACIBORSKA",803
"MONTAŻOWA",798
"ESTRADY",797
"KOZIELSKA",797
"PRZEDPEŁSKIEGO",794
"DOMINIKAŃSKA",793
"LESZNOWOLA-POLE",791
"WRZOSOWA",789
"RZECZNA",788
"PODCZASZYŃSKIEGO",783
"CENTRUM OLIMPIJSKIE",782
"RADOM",779
"WYBRZEŻE SZCZECIŃSKIE",773
"OŁÓWKOWA",770
"Grodzisk Maz. Jordanowice",761
"KUPIECKA",760
"DARWINA",759
"OLECKA",758
"OS. PATIO",757
"DROHICKA",756
"MRĄGOWSKA",755
"KÓRNICKA",753
"SZOSA LUBELSKA",753
"SEZAM",752
"PILAWA",744
"RUTY",737
"KOBIAŁKA",730
"GŁÓWNA",728
"FRACHTOWA",728
"OS. PIASKI",726
"WAŁUSZEWSKA",726
"ŁAZY",725
"ZAWODZIE",723
"MARYWILSKA-LAS",723
"KĄPIELOWA",722
"SOCHACZEWSKA",722
"Brzózki",721
"SKŁADKOWSKIEGO",719
"ARENA LEGIONOWO",715
"STEFANÓWKA",711
"SZYMAŃSKIEGO",708
"BUCHALTERYJNA",706
"HUSARSKA",706
"GAZOWNIA",705
"BRONISZE",700
"POCZTOWA",696
"GRABÓW N. PILICĄ",696
"KORCZAKA",695
"KOPIJNIKÓW",691
"PODGÓRNA",686
"WĘDKARSKA",684
"STARY SĘKOCIN",680
"TOMASZEW",676
"ZEGRZYŃSKA",675
"KSIĘCIA ZIEMOWITA",674
"CELESTYNÓW",673
"ZIELONKI-WIEŚ",663
"OGRODY DZIAŁKOWE PALUCH",659
"TURÓW",658
"Grodzisk Maz. Okrężna",653
"ZBYSZKA Z BOGDAŃCA",649
"LESZCZYŃSKIEGO",648
"CYLICHOWSKA",647
"CM. OFIAR WOJNY",644
"GEN. KUTRZEBY",642
"VOGLA-MORYSIN",641
"BRYLOWSKA",640
"MAŁYCH DĘBÓW",633
"FALENTY NOWE",630
"ECHA LEŚNE",629
"SKOLIMÓW",628
"MATUSZEWSKA",626
"CHEMICZNA",623
"CZOŁGISTÓW",622
"KRZYWICKIEGO",620
"OSIEDLE",620
"PROMYKA",620
"TURCZYNEK",620
"ZAKRĘTOWA",619
"GÓRA KALWARIA",617
"BADYLARSKA",617
"GWARKÓW",617
"KOLONIA WARSZAWSKA",616
"MAJERANKOWA",615
"MOSTOWA",615
"KALINOWA DROGA",614
"STATKOWSKIEGO",613
"PORT NIEPORĘT",613
"BLIZNE JASIŃSKIEGO",612
"GRUNTOWA",611
"SZPITAL ONKOLOGICZNY",611
"PKP HALINÓW",611
"KMŁ",610
"PRZEŁĘCZY",610
"OŚRODEK LOK",607
"SUCHY LAS",600
"CZERWONA DROGA",597
"GĄSOCIŃSKA",597
"MAGELLANA",596
"RYCHNOWSKA",594
"LIPY",593
"TATARSKA",592
"IDZIKOWSKIEGO",589
"MERA-PNEFAL",585
"UROCZA",583
"OJCA ANICETA",580
"ZAGŁOBY",580
"OŚRODEK CORA",579
"GÓRASZKA",579
"KOSZAŁKA OPAŁKA",574
"ZAUŁEK",574
"KROKUSÓW",572
"MASZYNOWA",569
"PREFABET",567
"JESIOTROWA",564
"DOBKA Z OLEŚNICY",564
"ZEGARYNKI",563
"JAROSŁAWSKA",562
"MOZAIKOWA",559
"MOŚCICKIEGO",555
"TOMASZOWSKA",555
"KROKWI",554
"SKIERNIEWICE",554
"MAJDAN-STACJA PALIW",554
"PKP BRWINÓW",554
"OS. BUKOWY DWOREK",553
"PL. POWSTAŃCÓW WARSZAWY",549
"KOLEJOWA",548
"BARTOSZYCKA",547
"FALENTY DUŻE",545
"CZEKANOWSKA",545
"WIELISZEW-PLAŻA",543
"WIELKIEGO DĘBU",539
"DAWIDY",538
"STARZYŃSKIEGO",536
"KRÓTKA",536
"KOSODRZEWINY",533
"ZŁOTEJ JESIENI",532
"THOMME",531
"GŁOSKÓW-SZKOŁA",531
"ŁUBINOWA",528
"SIARCZANA",528
"PKP ZALESIE GÓRNE",528
"KATOWICKA",526
"Kazimierówka",523
"MOŚCISKA",523
"ŻWIROWA",522
"KAMYKOWA",522
"KOLARSKA",521
"ARKADYJSKA",521
"RYBIE",519
"ŻOŁNIERSKA",518
"KOŚCIELNA",514
"BATALIONU MIOTŁA",513
"KS. SZULCZYKA",511
"ZAJEZDNIA STALOWA",510
"STALOWA",509
"ŻUBROWA-UKSW",508
"PKP PRAGA",505
"ZIELONKA BANKOWA",505
"PARTYZANTÓW",505
"CIEPŁOWNIA KAWĘCZYN",502
"MAŃKOWSKA",501
"PARK MIEJSKI",500
"LIPKÓW",500
"ISKRY",496
"CIEĆWIERZA",495
"WARSZAWA URSUS",494
"CHOPINA",493
"PORZECZKOWA",492
"CZEKOLADOWA",491
"BORZĘCIN DUŻY",489
"ZALASEK",486
"PLANETOWA",485
"OSIEDLOWA",484
"CZACHÓWEK WSCH.",482
"OSTRÓWEK WĘGROWSKI",480
"KOSÓW",479
"CHŁODNIA",477
"PLUTONU TORPEDY",467
"MAJDAN",466
"JUHASÓW",466
"LESZNOWOLA",465
"LATCHORZEW",465
"KRASNOWOLA",464
"DANKOWICKA",462
"DWORZEC WILEŃSKI - ",461
"GRANICZKA",460
"ZAWODOWA",459
"WOLICA",459
"NOWA",459
"LANGIEWICZA",459
"GWARNA",458
"GOŁASZEWSKA",457
"ŁADY",454
"KLAUDYN",454
"OS. LEWANDÓW II",453
"KĘPA ZAWADOWSKA",453
"ZAMIENIE",452
"ZIELONKI",450
"WARYŃSKIEGO",450
"REMBELSZCZYZNA",447
"SZYSZAKÓW",447
"WYSZYŃSKIEGO",446
"OS. NIEPODLEGŁOŚCI",445
"CEMENTOWNIA",444
"KONOTOPSKA",442
"PASZKÓW",439
"RAFII",438
"GŁOSKÓW-LETNISKO",438
"MŁOCHÓW",437
"GŁOSKÓW-ZIELONE",436
"HIPODROM",435
"FARBIARSKA",434
"JEZIORKI PŁN.",433
"DZIELNICOWA",431
"BAJECZNA",429
"SIEDLCE WSCHODNIE",428
"REBUSOWA",427
"NAUCZYCIELSKA",427
"TYMOTKI",426
"TROMBITY",423
"Kościół",421
"MOCHTYŃSKA-KANAŁ",415
"PUSZKINA",415
"MIRKÓW-SZKOŁA",415
"SERWITUCKA",414
"KOLUMBA",411
"BORZĘCIN DUŻY-WIEŚ",407
"WARSZAWA URSUS NIEDŹWIADEK",405
"OŚRODEK AZS",405
"ZYNDRAMA Z MASZKOWIC",403
"PROSTA",403
"KS. CZARTORYSKIEJ",402
"KORKOWA-CMENTARZ",400
"BALETOWA",400
"WOLICA K. PŁOCHOCINA",400
"AL. PIŁSUDSKIEGO",399
"ZABŁUDOWSKA",397
"BUKOWIECKA",396
"KOTUŃ",396
"MOKRA WIEŚ",396
"KIEŁPIN-CMENTARZ",396
"BOLESŁAWA ŚMIAŁEGO",395
"Łódź Fabryczna",394
"HUBALA-DOBRZAŃSKIEGO",394
"BOHUNA",394
"KADETÓW-SZKOŁA",393
"KORBOŃSKIEGO",393
"WETERANÓW",391
"DZIEKANÓW POLSKI CENTRUM",390
"TADŻYCKA",390
"DZIKIEJ RÓŻY",390
"JODŁOWA",389
"TUZINOWA",388
"ŚWIERCZE",387
"AL. \"SOLIDARNOŚCI\"",386
"NA BATERYJCE",384
"ROLNA",382
"DZIEKANÓW POLSKI WSCHÓD",381
"KOCJANA-SĄDY",381
"PKP NIEPORĘT",380
"STOKROTKI",380
"MEBLOWA",378
"MAGDALENKA",377
"OSIEDLE MIRKÓW",373
"PKP LEGIONOWO PIASKI",372
"OS. JAGIELLOŃSKA",372
"WYPOCZYNKOWA",369
"SŁUPNO",369
"STRAŻACKA",369
"SPALINOWA",368
"BARCHÓW",368
"NARCYZOWA",368
"FLORIANA",365
"MAŁKINIA",363
"PALISADOWA",363
"GĄSEK",362
"DANISZEWSKA",362
"AKCENT",360
"KS. BOGUCKIEGO",358
"KRAŚNICKA",355
"FALENCKA",355
"MORY",354
"LESZCZYDÓŁ",352
"OCHOCZA",350
"BYDGOSKA",350
"OLSZEWNICA STARA",348
"AL. SYBIRAKÓW",347
"CHYLICE",346
"MELCERA",346
"NAPOLEONA BONAPARTE",346
"DOM ARTYSTÓW",345
"SOSNOWE",344
"ZAJEZDNIA URSUS PŁN.",343
"BOBROWIEC",342
"NOWE SŁUPNO",342
"CZEREMCHOWA",341
"WILCZA GÓRA",340
"MIEJSKI DOM KULTURY",340
"ZASADOWA",338
"ROZJAZD OBORSKI",338
"CHROSNA",338
"OS. BATOREGO",337
"POWSIN-PARK KULTURY",337
"SZPITAL POWIATOWY",336
"KWITNĄCEJ AKACJI",336
"ZAWADY",334
"SKIERNIEWICE RAWKA",333
"ZGORZAŁA",331
"ANUSINEK",331
"OGRODNICZA",330
"INSTALATORÓW",329
"STANISŁAWÓW",328
"RATAJA",327
"OGRODY DZIAŁKOWE BUDOWLANI II",326
"NIEŚWIESKA",325
"WÓLKA KOSOWSKA",325
"JANOWSKIEGO",324
"WCZASOWA",322
"RĘCZAJSKA",319
"PONIATOWSKIEGO",318
"WODOCIĄG PŁN.",318
"PKP DAWIDY",318
"Polesie",315
"PAROWOZOWA",313
"RONDO KS. J. POPIEŁUSZKI",313
"HOTELOWA",312
"PIEŃKÓW-WIEŚ",312
"HOSERÓW",312
"ERAZMA Z ZAKROCZYMIA",309
"ŁADY-SZKOŁA",308
"KOCZARGI NOWE",308
"ZALEŚNA",307
"OGRÓD BOTANICZNY",306
"WIESIOŁKA",304
"BRZOZOWA",304
"GRABALÓWKI",304
"SZYMANOWSKIEGO",304
"ARONIOWA",303
"FABRYKA POMP",302
"OLCHY",302
"AGRICOOP",302
"KLIMATYCZNA",302
"CYRANECZKI",301
"HIPOLITOWSKA",301
"RUSIEC",300
"WDW RYNIA",300
"WIENIAWSKIEGO",298
"WIDOKOWA",298
"POLNYCH KWIATÓW",297
"JANIN",297
"JASTRZĘBIEC",295
"WIŚNIOWA GÓRA",295
"CM. PÓŁNOCNY-BRAMA PŁD.",295
"POZNAŃSKA",295
"GOŁOTCZYZNA",294
"URLE",293
"ŁĄKOWA",291
"TUROWICE",289
"OD LASU",289
"CH WÓLKA KOSOWSKA",289
"ŁYCZYŃSKA",286
"ŻYMIRSKIEGO-PRZYCHODNIA",285
"NOWE ZAŁUBICE",285
"Armii Poznań",285
"HRABSKA DROGA",284
"WIERZCHOWSKIEGO",284
"VIVALDIEGO",284
"URZĄD SKARBOWY",283
"PKP MILANÓWEK",283
"KAŁĘCZYN",283
"GEN. ROI",282
"PODKOWY",282
"RUCZAJ",282
"PLANTY",281
"KAMELIOWA",279
"STAROSTWO POWIATOWE",279
"Dzierżoniowska",277
"INSTALATORÓW-KIS",275
"FORT RADIOWO",274
"DZIEKANÓW POLSKI ZACHÓD",273
"PIASTÓW",270
"PRZEBUDZENIA WIOSNY",269
"MIENIA",268
"KOŁŁĄTAJA",268
"PRUSZKÓW",266
"AMBARAS",266
"OSTROŁĘKA",265
"ZONDKA",263
"SKALNICOWA",262
"SAMORZĄDOWA",260
"MAZURSKA",259
"KUBUSIA PUCHATKA",258
"OS. GRAPA",258
"ZAGÓRZAŃSKA",257
"MODRA",257
"REYMONTA",256
"WYGLĘDY",253
"ZABORÓW-SZKOŁA",251
"WOLA MROKOWSKA",251
"LUTOSŁAWSKIEGO",250
"BANIOCHA",249
"RZAKTA",249
"POŚREDNIA",246
"RONDO CUDU NAD WISŁĄ",243
"ZBÓJNA GÓRA",243
"OSTROROGA",243
"PROJEKTOWANA",242
"ORCHOWIECKA",242
"ŁUKÓW",241
"MARIEW",241
"KACZEŃCÓW",239
"ŁOWICZ GŁÓWNY",239
"DRACENY",239
"GRÓDEK",237
"KIEŁPIN",235
"IMUZ",233
"WIERZBIN",231
"ALEJA BZÓW",230
"WARKA",227
"ATRAKCYJNA",227
"LESZCZYNKA",226
"WŁADYSŁAWÓW",225
"PODKOWIŃSKA",225
"CICHA",222
"KAMPINOS",222
"MILENIUM",220
"JONTKA",218
"BORZĘCIN DUŻY-SZKOŁA",217
"STOCER",216
"BUŁAWY",216
"UMIASTÓW",216
"WYSZKOWSKA",214
"ZALESIE DOLNE",214
"KOLONIA HELENÓW",213
"ZSO",213
"SABINKA",212
"ROSY",211
"CHOTOMOWSKA",211
"PALUCH",211
"HENRYKA PROBUSA",211
"KOSSAKA",210
"BANDURSKIEGO",209
"SMOLNA",209
"PIJARSKA",209
"RADIÓWEK",208
"JESIONKA",207
"KOŁOBRZESKA",206
"KOPRKI",206
"BODYCHA",206
"SKŁODOWSKIEJ-CURIE",205
"CZAJKOWSKIEGO",204
"KORALOWYCH DĘBÓW",204
"PÓŁNOCNA",204
"PROTAZEGO",203
"SZEROKA",202
"KOLONIA LESZNOWOLA",202
"Centrum",201
"KAROWA",201
"ŁUCZNICZA",201
"ROMANTYCZNA",200
"DZIAŁDOWO",197
"GAWRONIA",197
"BORKOWSKA",197
"CYNKOWA",197
"KS. MALINOWSKIEGO",196
"SOŁECKA",196
"OS. DUDZIARSKA",194
"GERBERA",194
"INSTYTUT REUMATOLOGII",193
"GOŚNIEWICE",193
"HORTENSJI",193
"SPIRALNA",193
"WĄSKA",193
"KULESZÓWKA",193
"MŁAWA",192
"ROLNICZA",192
"CM. PÓŁNOCNY-BRAMA ZACH.",192
"KAMPINOSKA",192
"KORDECKIEGO",191
"JACKOWO DWORSKIE",190
"SPICHRZOWA",190
"SASINA",190
"PRZYJAZNA",190
"PSZENICZNA",188
"ODOLANY",187
"ZAKŁADY ZBOŻOWE",187
"ŁASAKA",187
"RUDKA",185
"CMENTARZ 1920 R.",184
"GAJOWA",183
"MROKÓW",183
"KU SŁOŃCU",182
"CM. PÓŁNOCNY-BRAMA PŁN.",181
"ŁOCHÓW",181
"ZABRANIECKA-MAGAZYNY",179
"PODOLSZYN",179
"GMINNEJ RADY NARODOWEJ",179
"GIERDZIEJEWSKIEGO",178
"JABŁONIOWA",177
"WOLSKA",176
"SPÓŁDZIELNIA",176
"MACIERZANKI",175
"KSIĄŻĄT MAZOWIECKICH",174
"ARCELIN",173
"TERESPOLSKA",173
"BATOREGO",173
"HŁASKI",172
"WENUS",171
"LIMBY",171
"STUDZIENNA",170
"FELIŃSKIEGO",169
"DOM KULTURY",169
"TRENÓW-LAS",169
"IZBICKA-CMENTARZ",169
"KWIRYNÓW",168
"ŻYZNA",168
"OS. BELINA",168
"ZABORÓWEK-WIEŚ",167
"DROHOBYCKA",167
"ŚWIERK-SZKOŁA",167
"MŁODZIEŻOWA",166
"TOPOLOWA",166
"DROGOWCÓW",165
"NIEPODLEGŁOŚCI",164
"CZARNÓWKA",163
"RADOŚĆ-WODOCIĄG",163
"LEOKADIA",162
"SIERAKÓW",162
"ŁOMNA-LAS",162
"KOCISZEWSKICH",161
"PKP WOŁOMIN",161
"PARLAMENTARNA",161
"STUDZIANKI NOWE",161
"CM. POŁUDNIOWY-BRAMA PŁD.",161
"PLATANOWA",160
"TYSIĄCLECIA",160
"ŻYRARDOWSKA",159
"AKACJOWA",158
"SŁOMCZYN-SZKOŁA",158
"BORYNY",157
"JESÓWKA",157
"RUDA TALUBSKA",157
"IŁOWO",156
"PRUSA",156
"KALORYCZNA",155
"PIEŃKÓW-SKLEP",154
"ŁĄCZYNY",153
"KOCZARGI STARE",153
"OBROŃCÓW WARSZAWY",153
"WARZELNICZA",152
"ANANASOWA",152
"GRYFITÓW",152
"ORĘŻNA",150
"POD KAJETANY",150
"JACHTOWA",149
"SPOKOJNA",148
"BRUSZEWSKA",148
"MILANÓWEK",148
"BORYSZEW",148
"KOTLINY",147
"PALMIRY",146
"WIEKOWEJ SOSNY",146
"PIOTRKÓWEK MAŁY",146
"WKD OPACZ",145
"JANÓW",145
"KOSZEWNICA",145
"KS. SŁOJEWSKIEGO",144
"EKOLOGICZNA",143
"MAJOWA",142
"ŁOMNA-SZKOŁA",141
"SZEWNICA",141
"RADZIWIŁŁÓW MAZ.",140
"KAWĘCZYN II",140
"ŚWIDRY MAŁE",138
"BIAŁOŁĘKA-KANAŁ",137
"DZIECHCINIEC-KOLONIA",137
"KAPUTY",136
"DZIEKANÓW NOWY ZACHÓD",136
"WICHROWA",135
"DOBIESZYN",135
"SIEDLCE ZACH.",134
"MICHAŁÓW REGINÓW",133
"WINOGRONOWA",132
"CIECISZEW",131
"MŁOCIŃSKA",131
"WIECHY",131
"KAZIMIERZA ODNOWICIELA",130
"NIEPORĘT",129
"KOMORNICA-SZKOŁA",129
"PĘCLIŃSKA",128
"GLEBOWA",127
"SĘCZKOWA",127
"OSP ZŁOTOKŁOS",127
"NOWOTYSKA",126
"DĘBÓWKA",126
"SZKOŁA",126
"CZARNÓW",126
"ZASOBNA",126
"LAWINOWA",125
"NADWIŚLAŃSKA",123
"Szkoła",123
"ŁOZISKA",123
"PŁOCK RADZIWIE",122
"STAROWIEJSKA",122
"CZOSNÓW",122
"GOŁĘBIA",121
"NADZORCÓWKA",121
"SZLACHECKA",119
"SĘKOCIN",119
"PRZEMYSŁAWA II",119
"SOLIDARNOŚCI",119
"NAD ŚWIDREM",118
"SKOLIMÓW PÓŁNOCNY",118
"PRZEBIŚNIEGÓW",117
"ŚW. A. BOBOLI",116
"MARSA-LAS",116
"WENECKA",115
"JACHOWICZA",114
"NOWA WIEŚ",114
"MOKRY ŁUG-LEŚNICZÓWKA",113
"STĘŻYCKA",113
"ŁOMNA ZACHÓD",112
"CIEKSYN",112
"ZABIEŻKI",112
"DĘBLIN",111
"ZAPŁOCIE",111
"STOCZNIOWCÓW",110
"DZIEKANÓW NOWY WSCHÓD",110
"SOKOŁÓW",110
"USC",109
"PUSZCZYKA",108
"Łódź Niciarniana",108
"KĘSZYCE",108
"PKP MICHAŁÓW-REGINÓW",107
"GLINIANKA",107
"ROZALIN",106
"OKUNIN",106
"NOWA WOLA",106
"ŁAŹNIEWSKA",105
"ROBOTNICZA",105
"KOMOROWSKA-HOTEL",105
"WOJCIESZYN",105
"CZEREŚNIOWA",105
"PKP KOBYŁKA",105
"ZABRANIECKA-BOCZNICA",104
"POZIOMKOWA",104
"GĄSOCIN",104
"JAZGARZEW-SZKOŁA",103
"PORT PILAWA",102
"JARZĘBIA ŁĄKA",102
"KONIK NOWY",102
"LIPOWO",102
"WÓLCZYŃSKA",101
"POGROSZEW",101
"Park Młociński",101
"TOPÓR",101
"WOLSKA I",100
"OLSZYNA ŁYCZYŃSKA",100
"STRUSIA",99
"SIERPC",99
"ZAGÓRZE-SANATORIUM",99
"CELULOZY",98
"SADOWA",98
"WÓLKA ZAŁĘSKA",97
"ARESZT ŚLEDCZY GROCHÓW",97
"PĘCICE-KOŚCIÓŁ",97
"IZABELIŃSKA",97
"KOLONIA POD LASEM",96
"KRUSZE",95
"PROSTYŃ",95
"MARKOWSKIEGO",95
"BURAKÓW",94
"TEKLIN-SZPITAL",94
"RYNIA",94
"WÓLCZYŃSKA-BOCZNICA",93
"STAWOWA",93
"WOJCIESZYN-GÓRKI",93
"LEGIONÓW",92
"KABATY-STP",91
"ELSNERÓW",91
"PKP JÓZEFÓW",91
"NOWINEK",90
"BIAŁOSTOCKA",90
"WÓLKA MLĄDZKA",90
"ŁOMNA WSCHÓD",90
"MICHALINKI",89
"WAWERSKA",88
"LESZNO-GS",87
"METRYCZNA",87
"ŻABIENIEC",87
"OS. NAFTA",87
"ANTONIEWSKA",87
"BRZÓZEK",86
"Instytut Ekologii",86
"ŚWIERK",86
"STRZYŻYNA",85
"ZAŁUBICE-SZKOŁA",85
"HABDZIN II",83
"MALCANÓW-BOOS",83
"KRUSZYNA",82
"Koluszki",82
"SZAMOTY",82
"CZĄSTKÓW POLSKI WSCHÓD",82
"BLIZNE ŁASZCZYŃSKIEGO",82
"BOLESŁAWA PRUSA",81
"PRĘTOWA",81
"ŹRÓDLANA",81
"LEŚNIAKOWIZNA II",80
"STOK LACKI",80
"PIUSA XI",80
"LEONÓW",80
"DZIAŁYŃCZYKÓW",79
"KAŁUSZYN",79
"OPŁOTEK",79
"KĘPA OKRZEWSKA-CMENTARZ",78
"ŁĄKI",78
"OŚRODEK ZDROWIA",78
"MARCINKI",78
"LEŚNIAKOWIZNA",77
"PĘCHERY",77
"ROZWOJOWA",77
"KISIELEWSKIEGO",77
"ZABORÓWEK-OSIEDLE",77
"Brukowa",77
"KOMOROWSKA",76
"SKARŻYSKO KAMIENNA",76
"OKRZESZYN",76
"SADOWNE WĘGROWSKIE",76
"PRZYSZŁOŚĆ",75
"ROZWADOWSKIEGO",75
"DĄBKOWIZNA",75
"POD SZCZAKI",75
"WIERUCHÓW",74
"GRZEGORZEWO",74
"KOSTOWIEC",74
"KRUCZKOWSKIEGO",73
"KWIATÓW POLNYCH",73
"KĘDZIERÓWKA",73
"FLAMENCO",73
"ŚWIDRY WIELKIE",72
"BRZEŚCE",72
"RADOM PŁD.",72
"OS. KWIATOWA",72
"ŁOMNA-CMENTARZ",72
"CENDROWICE",71
"WYSZKÓW",71
"Ogrodowa",71
"1 PRASKIEGO PUŁKU",70
"SIELSKA",70
"ŁAZY-SZKOŁA",70
"ŚWIERKOWA",70
"Buraków",70
"CIECHANÓW PRZEMYSŁ.",70
"PĘCICE-MAJĄTEK",69
"GÓRNOŚLĄSKA",69
"UTRATA-URZĄD CELNY",68
"SUCHOCIN",68
"DZIECHCINIEC",68
"ZŁOTA",68
"LEŚNICZÓWKA",68
"POLFA",67
"STADIONOWA",67
"ROKOKOWA",66
"Łódź Widzew",66
"LATOSZKI",66
"BOROWIECKA",65
"LOKALNA",65
"Prozy",65
"INTALATORÓW-KAM",64
"CYGAŃSKA",64
"PASCHALISA-JAKUBOWICZA",64
"JAWORÓWKA",64
"ZBÓJNOGÓRSKA",64
"PRZEMYSŁOWA",64
"ZABOROWSKA",64
"PRZYJACIÓŁ",63
"MIKA",63
"FALENTY-OSIEDLE",63
"WILLOWA",63
"STRZYKUŁY",62
"STEFANÓW",62
"BACZYŃSKIEGO",62
"ŁBISKA-SZKOŁA",62
"DZIEWULE",61
"BRONIEWSKIEGO",61
"BENIAMINÓW",61
"SOSENKOWA",60
"MARZYCIELI",60
"GOK",59
"Cm. Włoski",59
"WANILIOWA",59
"WITWICKIEGO",59
"MARIANKI",59
"Żeromskiego",59
"CISZYCA II",58
"OKRĄG",58
"POD GŁOSKÓW",58
"MOCZYDŁÓW",58
"KUTNO",58
"PRZYBOROWIE",58
"HENRYKÓW-UROCZE",58
"IMBIROWA",57
"WARSZAWA WŁOCHY",57
"TEKLIN",57
"ZGRUPOWANIA AK \"KAMPINOS\"",57
"GROMADZKA",56
"GÓRECKA",56
"LUCYNÓW",55
"MŁYN MICHLA",55
"TATRZAŃSKA",55
"CZERSK-ZAMEK",55
"ŻYTKOWICE",55
"CM. POŁUDNIOWY-BRAMA WSCH.",54
"STOLBUD",54
"RODZINNA",54
"JASIONNA ŁOWICKA",53
"BOLESŁAWA KRZYWOUSTEGO",53
"OSP SKRZESZEW",52
"TOLAK",51
"SŁOMCZYN",51
"GROCHOWA",51
"POGROSZEW KOLONIA",51
"KONDRACKA",51
"LEŚNYCH BOGINEK",50
"PĘCZKOWSKIEGO",50
"WINCENTÓW I",50
"PKP DĄBKOWIZNA",50
"TRAMWAJOWA",50
"SĄGI",49
"ŁUBNA",49
"UWIELINY-SZKOŁA",48
"WOLA ROWSKA",48
"KOLIBRA",48
"Strzelecka",48
"SAMSONOWSKA",48
"MICHALCZEW",48
"WRÓBLEWSKIEGO",48
"KRAKUSA",47
"GRYCZANA",47
"BARTYKI",47
"PKP NOWA IWICZNA",47
"ŁYCZYN",47
"CZARNA",47
"ZALESIE",47
"GNIEWKOWSKA",47
"PŁOCK",47
"PKP OŻARÓW MAZOWIECKI",47
"BASZKÓWKA",46
"OPOLSKA",46
"KRUBIN",45
"GIERWATY",45
"BRUZDOWA-KOŚCIÓŁ",44
"CZĄSTKÓW MAZOWIECKI",44
"REJA",44
"CZĄSTKÓW POLSKI",44
"DOBIESZ II",44
"RADZYMIN",44
"MORAWICZA",44
"BIELAWA-OSP",44
"NOWE GRABIE I",43
"Koszałka Opałka",43
"PKP ZIELONKA",43
"OBORY-PAŁAC",42
"JANCZEWICE",42
"ALEJA RÓŻ",42
"NOWE BABICE",42
"Dziekanów Polski Wschód",42
"MYSŁAKÓW",42
"URZUT",42
"BABIEGO LATA",40
"OS. BUKOWIEC",40
"TEKLIN II",40
"Piaskowa",40
"SKRZYNECKIEGO",39
"GOLFOWA",39
"WÓLKA",38
"ZORZY",38
"GASSY",38
"WESOŁA",37
"DALANÓWEK",37
"OW PROMENADA",37
"Majowa",37
"KRAKOWIANY",37
"CZERNIDŁA",37
"LIPIŃSKA",36
"KRZESIWA",36
"TANECZNA",35
"KRÓLIKA",35
"KAWĘCZYNEK II",35
"WIŚLANA",35
"HELENÓW",35
"WIEJCA III",35
"BOROWINA II",34
"CALOWA",34
"ŁĄCK",34
"TRZECIAKOWSKICH",34
"SIWEK",34
"Ułanów Jazłowieckich",33
"MOSTÓWKA",33
"Weteranów",33
"ŁBISKA",33
"ZAGOŚCINIEC-SZKOŁA",33
"AL. JEDNOŚCI",32
"PILASZKÓW",32
"Kiełpin - Cmentarz",32
"DOBIESZ",32
"GASSY-PĘTLA",32
"PARCELA II",32
"BOROWINA III",31
"PKP ZAGOŚCINIEC",31
"HORNÓWEK",31
"ZAUŁEK-SZKOŁA",31
"Szpital Bielański",31
"ROBERCIN",31
"PARTYZANTÓW-SZKOŁA",30
"Pancerz",30
"BORKI",30
"GARBATKA",29
"CISZYCA",29
"Zajezdnia \"Żoliborz\"",29
"WILKOWA WIEŚ I",29
"KAWĘCZYN DOLNY",29
"SZCZAKI",29
"WILKOWA WIEŚ II",28
"BIELAWA-PĘTLA",28
"WKRA",28
"WIEJCA II",28
"PKP WOŁOMIN SŁONECZNA",28
"PIŁSUDSKIEGO-KOŚCIÓŁ",28
"BIEDRONKI",28
"STUPSK MAZOWIECKI",28
"Rogów",28
"KĘPA OKRZEWSKA",28
"DIAMENTOWA",28
"WILANOWSKA",28
"SŁOWICZA",27
"Grzybowa",27
"ZADĘBIE",27
"CEDROWA",27
"Dziekanów Polski Zachód",27
"PONIATÓW",27
"BRONISŁAWA CZECHA-LAS",27
"Muzealna",27
"PRZEJEZDNA",26
"KOSMOWSKA I",26
"POPRZECZNA",26
"KUKUŁCZA",26
"LNIANA",26
"OLSZYNOWA",26
"PISKÓRKA",26
"Podleśna",26
"Graniczka",26
"HUBALA",26
"Przy Agorze",26
"ROKITNIA STARA",26
"WOJCIESZYN-ARIMR",25
"PODŁĘCZE II",25
"STARE GRABIE",25
"BIAŁKI SIEDLECKIE",25
"JAŁOWCOWA",25
"STRZELCE KUJAWSKIE",25
"CZARNY LAS",25
"KAWĘCZYN",24
"BENIAMINÓWKA",24
"ZDOBYWCÓW KOSMOSU",24
"SCHRONISKO DLA ZWIERZĄT",24
"Dz. Polski Centrum",24
"OKRZEWSKA I",24
"KAWĘCZYNEK I",24
"INTALATORÓW-KIS",23
"PILCHA",23
"SIERAKÓWEK",23
"ŁASKARZEW PRZYSTANEK",23
"STARA",23
"ZGK",23
"SASANKOWA",23
"WOLSKA II",23
"PKP MICHALIN",23
"RUNÓW OSADA II",23
"RUNÓW OSADA",23
"Dziekanów Nowy Zachód",23
"ŚREDNIA",22
"POGONOWSKIEGO",22
"WAWRZYNA",22
"ŚWIĘCICKA",22
"PATKÓW",22
"WIEJCA I",22
"BOROWINA I",22
"GRZYBOWSKA",22
"SYCZE",22
"CZEREMCHA",22
"NAPOLEONA",22
"SOBOLEW",21
"WOLA KARCZEWSKA",21
"CZAPLINEK I",21
"ŁANOWA",21
"PKP ŚRÓDBORÓW",21
"ZEGRZYŃSKA-IMGW",21
"TEOFILÓW",21
"NIEPOKALANOWSKA",21
"STAREGO DĘBU",21
"BIELAWA I",21
"POPŁAWSKA",21
"PĘCLIN",20
"OS. WEDEL",20
"DUCZKI-SZKOŁA",20
"DĄBROWA ZACHODNIA",19
"STARE KABATY",19
"Wiosenna",19
"ANDRZEJA",19
"OSSÓW-KRZYŻ",19
"KONOPKI",19
"KLONOWA",18
"PÓLKO",18
"NOWE LIPINY",18
"WOLA BIERWIECKA",18
"OBÓRKI",18
"TRENÓW",18
"SAPIEHY",18
"GOWOROWO",17
"PROBOSZCZEWICE PŁOCKIE",17
"TURKAWKI",17
"BARTODZIEJE",17
"STARE LIPINY",17
"CZAPLIN",17
"Lwowska",17
"SUE RYDER",17
"TRAKT KRÓLEWSKI",16
"MAŁA",16
"MYSZCZYN",16
"NARZYM",16
"MŁAWA MIASTO",16
"BABOSZEWO",16
"PIONKI ZACHODNIE",16
"BOLESŁAWICKA",15
"KOŃCZYCE RADOMSKIE",15
"PIONKI",15
"WARECKA",15
"WÓLKA DWORSKA",15
"BORZĘCIN MAŁY",15
"KROŚNICE MAZOWIECKIE",15
"ZUS",15
"RYBIENKO",15
"Turystyczna/Kolejowa",15
"KACZOROWO",14
"PODŁĘCZE",14
"SŁOMCZYN-KOŚCIÓŁ",14
"PAROLE-PĘTLA",14
"BEDNARY",14
"BOCIANA CZARNEGO",14
"PAROLE",14
"BIAŁY ŁUG",14
"SKRZYNNO",13
"ŁĘG",13
"LESZCZYNOWA",13
"WAGONOWNIA",13
"SZYMANÓW",13
"RUNOWSKA",13
"KILIŃSKIEGO",13
"ŁOMNA-KOŚCIÓŁ",13
"OS. WALENDIA",12
"Cząstków Polski Wschód",12
"PARZNIEW",12
"ZYGMUNTOWO MAZ.",12
"KRZAKI CZAPLINKOWSKIE",12
"NOWE WĄGRODNO",12
"ZAŁUSKIEGO-SZKOŁA",12
"RADOMYŚL",12
"OBORY",12
"FRONOŁÓW",11
"STARE GRABIE II",11
"ROŻKI",11
"ANTONIÓWKA",11
"Czosnów",11
"SZYDŁOWIEC",11
"STRUŻAŃSKA",11
"PKP KOBYŁKA-OSSÓW",11
"ANEMONÓW",10
"ZAKAMAREK",10
"NOWY NURZEC",10
"WINCENTÓW II",10
"Pieńków Wieś",10
"BĄKÓWKA",10
"TURÓW II",10
"SIKORECZKI",10
"MIESZAKI",10
"ŁAWKI",10
"JARZĄBKA",10
"WILANÓWKA",9
"LESIÓW",9
"WÓLKA DWORSKA-WISŁA",9
"Partyzantów",9
"SZPRUCH",9
"Koss-Remo",9
"Łomna Las",9
"CZOŁCHAŃSKIEGO",9
"WYSZYNY",9
"OPACZ-SZKOŁA",9
"BORKI KOSY",8
"DĘBÓWKA II",8
"MORDY",8
"KOLONIA SOBIKÓW",8
"DZIECHCINIEC-SKLEP",8
"CIERPIGÓRZ",8
"ZAŁUBICE-POCZTA",8
"C.H. Auchan",8
"RACIĄŻ",8
"LIPINKI",8
"OPACZ",8
"PIONIERSKA",7
"KONOPNICKIEJ",7
"LIPOWE POLE",7
"MIESZKA I",7
"CHRONÓW",7
"KOSMOWSKA II",7
"DALEKIE",7
"NOWE GRABIE II",7
"PARCELA I",7
"Długa",7
"BĄKOWIEC",7
"OSSÓW-SZKOŁA",7
"PŁOCK TRZEPOWO",7
"SOBIKÓW",7
"Dziekanów Nowy Wschód",7
"ŻANĘCIN",6
"LININ",6
"KRYMSKA",6
"SARNAKI",6
"WOJEWÓDZKA",6
"ŻYCZYN",6
"STAROCHYLICKA",6
"TULIPANOWA",6
"Pieńków Sklep",6
"Cząstków Mazowiecki",6
"MORDY MIASTO",5
"PIECZYSKA",5
"MODRASZKI",5
"PRZETYCZ",5
"LININ-OSIEDLE",5
"WOJSKA POLSKIEGO-WIADUKT",5
"OWOCOWA",5
"CENTRUM REHABILITACJI",5
"ZAWIDZ",5
"BIELINY OPOCZYŃSKIE",5
"DRZEWICA",5
"OBORSKA",5
"SCHRONISKA DLA ZWIERZĄT",4
"STARE GRABIE-SZKOŁA",4
"SMOGORZÓW PRZYSUSKI",4
"RONDO SOLIDARNOŚCI",4
"OCZYSZCZALNIA \"CZAJKA\"",4
"OKRZEWSKA II",4
"OBRĘB II",4
"PODRÓŻNA",4
"Łomna Zachód",4
"PIASECZYŃSKA",4
"Dziekanów Polski Centrum",4
"SASINA-LICEUM",3
"GĄSAWY PLEBAŃSKIE",3
"ŁADNA",3
"ZAJEZIERZE K. DĘBLINA",3
"PLATERÓW",3
"JEDLNIA LETNISKO",3
"SOKOLA",3
"HABDZIN I",3
"ZAWADZKA",3
"WOLA KRAKOWIAŃSKA",3
"BAGNISTA",3
"GÓRNA",3
"OBÓRKI-WAŁ",3
"KOSIORKI",3
"PŁOŃSK",3
"PRĄDZYŃSKIEGO",2
"KRZYMOSZE",2
"PL. WOLNOŚCI",2
"PASIEKI",2
"PRABUTY GÓRY",2
"SZUMIĄCYCH TRAW",2
"Łomna Cmentarz",2
"KAZIMIERZOWSKA",2
"Łomna Szkoła",2
"JASTRZĄB",2
"KOZIEBRODY",2
"SUSK",2
"CIĘCIWA",2
"RUDA WIELKA",2
"WOLA LIPIENIECKA",2
"CISZYCA I",1
"GARBATKA LETNISKO",1
"ZIMORODKA",1
"WÓLKA PĘCHERSKA",1
"ANUSIN",1
"SIEMIATYCZE",1
"KĘPA OBORSKA I",1
"BOROWIKI",1
"Pamiry",1
"Podróżna",1
"Łomna - Cmentarz",1
"DOM RENCISTY PAN",1
"KOZAKÓW",1
"HABDZIN IV",1
"DĄBROWA ZACH.",1
"Cząstków Polski",1
"WOLANÓW",1
"OBRĘB I",1
"JEDLNIA KOŚCIELNA",1
"Zbowidowska",1
