"DW. CENTRALNY", 238039
"CENTRUM", 172986
"METRO POLITECHNIKA", 135043
"METRO MŁOCINY", 114123
"RONDO DASZYŃSKIEGO", 103391
"WARSZAWA OCHOTA", 97342
"METRO ŚWIĘTOKRZYSKA", 95009
"RONDO \"RADOSŁAWA\"", 86677
"METRO RATUSZ ARSENAŁ", 82644
"METRO KABATY", 79155
"WARSZAWA ZACHODNIA", 76944
"METRO POLE MOKOTOWSKIE", 75574
"KRUCZA", 74332
"OKOPOWA", 71202
"METRO WILANOWSKA", 70942
"PL. WILSONA", 67467
"RONDO ONZ", 67371
"PL. GRUNWALDZKI", 66434
"DW. GDAŃSKI", 64446
"PL. STARYNKIEWICZA", 64312
"RZYMOWSKIEGO", 64099
"WIATRACZNA", 63065
"METRO SŁUŻEW", 62880
"WARSZAWA LOTNISKO CHOPINA", 61414
"RONDO UNII EUROPEJSKIEJ", 60557
"PL. ZAWISZY", 59703
"KOSZYKOWA", 59698
"KINO FEMINA", 59250
"WARSZAWA POWIŚLE", 59105
"P+R AL. KRAKOWSKA", 58385
"PARK PRASKI", 54645
"TERMINAL AUTOKAROWY", 53212
"PL. KONSTYTUCJI", 51975
"RONDO ZESŁAŃCÓW SYBERYJSKICH", 51418
"OS. GÓRCZEWSKA", 48949
"METRO RACŁAWICKA", 47934
"METRO MARYMONT", 46417
"DWORKOWA", 46205
"RAKOWIECKA", 44913
"DW. ZACHODNI", 44786
"METRO WIERZBNO", 44216
"NOWOWIEJSKA", 43804
"DW. WILEŃSKI", 43715
"NOWODWORY", 42588
"PKP KASPRZAKA", 41141
"SIELCE", 40599
"MOST PONIATOWSKIEGO", 39930
"ZĄBKOWSKA", 39686
"UNIWERSYTET", 39577
"CH MARKI", 39558
"RONDO WASZYNGTONA", 39435
"WARSZAWA STADION", 39001
"PL. TRZECH KRZYŻY", 38738
"METRO NATOLIN", 38556
"DOMANIEWSKA", 37832
"GRZYMAŁY-SOKOŁOWSKIEGO", 37753
"BITWY WARSZAWSKIEJ 1920 R.", 37565
"METRO IMIELIN", 37199
"CH BLUE CITY", 37089
"MUZEUM NARODOWE", 37005
"WORONICZA", 36854
"PL. ZBAWICIELA", 36491
"WILANÓW", 36294
"SASKA", 35440
"MUZEUM POWSTANIA WARSZAWSKIEGO", 34899
"HALA KOPIŃSKA", 34767
"LEGIONOWO PRZYSTANEK", 34750
"WARSZAWA WSCHODNIA", 34314
"DW. WSCHODNI (KIJOWSKA)", 33921
"WAWELSKA", 33529
"PL. NA ROZDROŻU", 33498
"HOŻA", 33417
"WARSZAWA ŚRÓDMIEŚCIE WKD", 32831
"WOLA-RATUSZ", 32829
"PL. NARUTOWICZA", 32620
"ZAJEZDNIA OSTROBRAMSKA", 32574
"OS. WOLSKA", 32232
"NOWE BEMOWO", 32212
"UNIWERSYTET MEDYCZNY", 32014
"ORDYNACKA", 31853
"KIJOWSKA", 31838
"PRAGA-PŁD. -RATUSZ", 31163
"PL. UNII LUBELSKIEJ", 31033
"BRANICKIEGO", 30808
"BANACHA", 30739
"METRO URSYNÓW", 30188
"PL. PIŁSUDSKIEGO", 30165
"SPACEROWA", 30032
"WARSZAWA AL. JEROZOLIMSKIE", 29536
"BOKSERSKA", 29273
"GRODKOWSKA", 29185
"HALA MIROWSKA", 29177
"KRÓLEWSKA", 29130
"WARSZAWA LOTN. CHOPINA", 28752
"MURANOWSKA", 28151
"DWORZEC WILEŃSKI", 27982
"WARSZAWA ŚRÓDMIEŚCIE", 27591
"OTWOCK", 27486
"INŻYNIERSKA", 27390
"POSTĘPU", 27080
"PRUSZKOWSKA", 26937
"ZAMIENIECKA", 26810
"WARSZAWA WILEŃSKA", 26574
"PARK DRESZERA", 26502
"WARSZAWA SŁUŻEWIEC", 26215
"STARE MIASTO", 25788
"METRO STOKŁOSY", 25782
"MYŚLIBORSKA", 25497
"VOGLA", 25139
"SOWIŃSKIEGO", 24994
"GÓRALSKA", 24947
"MARSZAŁKOWSKA", 24811
"PKP SŁUŻEWIEC", 24303
"ŚMIGŁOWCA", 24264
"AL. LOTNIKÓW", 24184
"OCHOTA-RATUSZ", 24159
"GOCŁAWEK", 23973
"PKP RAKOWIEC", 23883
"ANIELEWICZA", 23553
"PL. BANKOWY", 23433
"PL. SZEMBEKA", 23422
"RADIOWA", 23315
"CHEŁMSKA", 23235
"ZNANA", 22960
"GUS", 22912
"RONDO STARZYŃSKIEGO", 22874
"BASENY INFLANCKA", 22773
"INSTYTUT FIZYKI", 22764
"WARSZAWA GDAŃSKA", 22746
"GOCŁAW", 22745
"TORWAR", 22664
"MORSKIE OKO", 22622
"GORASZEWSKA", 22612
"CENTRUM NAUKI KOPERNIK", 22557
"SZCZĘŚLIWICKA", 22523
"PKP WKD AL. JEROZOLIMSKIE", 22491
"MŁYNÓW", 22283
"PŁOCKA", 22160
"CH TARGÓWEK", 22143
"ŚLIWICE", 22121
"METRO STARE BIELANY", 22104
"MŁOCINY-UKSW", 22090
"STAWKI", 21917
"HYNKA", 21895
"POŁCZYŃSKA-PARKING P+R", 21804
"JANA OLBRACHTA", 21693
"KAWĘCZYŃSKA-BAZYLIKA", 21529
"DOLNA", 21463
"LEGIONOWO PIASKI", 21264
"ZAJEZDNIA WOLA", 21032
"FOKSAL", 20983
"AL. WITOSA", 20674
"RONDO ŻABA", 20613
"SZCZĘŚLIWICE", 20453
"OCH-TEATR", 20346
"BERESTECKA", 20289
"AL. REYMONTA", 20153
"PKP URSUS", 20064
"WOŁOSKA", 20047
"ARCHIMEDESA", 19972
"ELEKCYJNA", 19955
"WYŚCIGI", 19836
"ŻÓŁKIEWSKIEGO", 19827
"CZAPELSKA", 19819
"ROZBRAT", 19744
"WROCŁAWSKA", 19644
"ŻERAŃ FSO", 19631
"ESPERANTO", 19614
"SADYBA", 19607
"ŚWIĘTOKRZYSKA", 19319
"DOBRA", 19242
"PŁOCHOCIŃSKA", 19220
"KRAKOWIAKÓW", 19200
"BRÓDNO-PODGRODZIE", 18934
"OGRODY DZIAŁKOWE BEMOWO", 18813
"SOKOŁOWSKA", 18718
"MIĘDZYNARODOWA", 18655
"KOROTYŃSKIEGO", 18652
"WARSZAWA RAKOWIEC", 18317
"PARK OLSZYNA", 18273
"BEMOWO-RATUSZ", 18214
"TRASA ŁAZIENKOWSKA", 18165
"PARK MOCZYDŁO", 18140
"MIĘDZYBORSKA", 18089
"SULEJÓWEK MIŁOSNA", 18058
"METRO WAWRZYSZEW", 18038
"GOCŁAWSKA", 18024
"JADŹWINGÓW", 17965
"Warszawa Reduta Ordona", 17959
"ZAJEZDNIA PRAGA", 17900
"TOR STEGNY", 17890
"STADION NARODOWY", 17864
"POWĄZKOWSKA", 17720
"IWICKA", 17669
"WARSZAWA ŻWIRKI I WIGURY", 17595
"MICHALIN", 17569
"ŚWIDER", 17423
"ŚWIĄTYNIA OPATRZNOŚCI BOŻEJ", 17246
"CM. ŻYDOWSKI", 17163
"KIELECKA", 17100
"DICKENSA", 17088
"KOŁO", 17067
"SZPITAL BRÓDNOWSKI", 16984
"NOWOLIPKI", 16966
"PRZYCZÓŁEK GROCHOWSKI", 16940
"Rzymowskiego", 16927
"KONARSKIEGO", 16872
"GOTARDA", 16864
"POMNIK LOTNIKA", 16839
"Centrum", 16824
"PARK KASKADA", 16820
"WŁOŚCIAŃSKA", 16818
"ANNOPOL", 16776
"SGGW-REKTORAT", 16751
"SADY ŻOLIBORSKIE", 16725
"WSPÓLNA DROGA", 16702
"DOLINA SŁUŻEWIECKA", 16632
"BARTYCKA", 16523
"DEOTYMY", 16447
"PL. KRASIŃSKICH", 16433
"POLIGONOWA", 16361
"SZPITAL WOLSKI", 16269
"SARMACKA", 16118
"DYWIZJONU 303", 16060
"SZKOLNA", 16039
"BORA-KOMOROWSKIEGO", 16012
"METRO SŁODOWIEC", 15978
"WAWRZYSZEWSKA", 15933
"KRÓLIKARNIA", 15914
"HOTEL BRISTOL", 15870
"PARK TRAUGUTTA", 15867
"SASANKI", 15862
"PIASKI", 15860
"CZARNOMORSKA", 15794
"STARE BEMOWO", 15639
"ZALESIE GÓRNE", 15564
"WARSZAWA WAWER", 15436
"ŚW. BONIFACEGO", 15414
"PL. ZAMKOWY", 15358
"FORT WOLA", 15322
"SZPITAL MSW", 15282
"SGGW-KLINIKA", 15162
"WITOLIN", 14963
"W-WA WESOŁA", 14857
"PŁOCHOCIN", 14694
"RAKOWIEC", 14689
"NORBLIN", 14599
"SZWOLEŻERÓW", 14541
"POWĄZKI-CM. WOJSKOWY", 14524
"KLEMENSIEWICZA", 14382
"ŁOPUSZAŃSKA", 14343
"TARGÓWEK-RATUSZ", 14254
"KULSKIEGO", 14212
"TARCHOMIN", 14211
"STARA MIŁOSNA", 14207
"MODLIN", 14201
"PŁYTOWA", 14147
"AFRYKAŃSKA", 14117
"NISKA", 14099
"MEHOFFERA", 14089
"ŚW. WINCENTEGO", 14044
"KONSTRUKTORSKA", 14016
"HALE BANACHA", 14008
"PL. KASZTELAŃSKI", 13982
"WARSZAWA MIEDZESZYN", 13957
"Dw. Centralny", 13931
"KAPITULNA", 13895
"CZUMY", 13864
"HALA WOLA", 13859
"WŁOCHY-RATUSZ", 13787
"MALCZEWSKIEGO", 13669
"WARSZAWA CENTRALNA", 13635
"RATUSZOWA-ZOO", 13563
"WARSZAWA GOŁĄBKI", 13525
"TOPOGRAFICZNA", 13516
"PŁOWIECKA", 13507
"SZOBERA", 13498
"CISZEWSKIEGO", 13434
"ABRAHAMA", 13372
"WSPÓLNA", 13318
"Warszawa Salomea", 13313
"SYNÓW PUŁKU", 13306
"AWF", 13275
"MODLIN LOTNISKO", 13183
"TOPIEL", 13141
"WARSZAWA RADOŚĆ", 13115
"WOŁOMIN SŁONECZNA", 12950
"ADAMIECKIEGO", 12930
"ŚRÓDBORÓW", 12889
"PL. HALLERA", 12873
"NOWY ŚWIAT-UNIWERSYTET", 12870
"BANACHA-SZPITAL", 12870
"SOBIESKIEGO", 12811
"KSIĄŻĘCA", 12794
"BEŁDAN", 12771
"POPULARNA", 12685
"AL. ZIELENIECKA", 12655
"REMBIELIŃSKA", 12630
"HORBACZEWSKIEGO", 12505
"NOWY ŚWIAT", 12471
"CM. WOLSKI", 12438
"BOGUSŁAWSKIEGO", 12395
"ZIELONKA", 12356
"SZPITAL BIELAŃSKI", 12343
"BRÓDNOWSKA", 12302
"CIEPŁOWNIA WOLA", 12273
"DĄBRÓWKA WIŚLANA", 12248
"SKOROSZEWSKA", 12212
"GWIAŹDZISTA", 12212
"ROGALIŃSKA", 12194
"PŁOCKA-SZPITAL", 12153
"DW. ZACHODNI (TUNELOWA)", 12097
"LEŻAJSKA", 11992
"GARWOLIŃSKA", 11990
"ŻERAŃ WSCHODNI", 11974
"PKP URSUS-NIEDŹWIADEK", 11952
"WAŁ GOCŁAWSKI", 11935
"RZESZOTARSKIEJ", 11922
"OS. MAJDAŃSKA", 11917
"PL. SZWEDZKI", 11904
"WARSZAWA REMBERTÓW", 11901
"ZAJEZDNIA KLESZCZOWA", 11893
"MAJAKOWSKIEGO", 11847
"MANGALIA", 11846
"MURANÓW", 11811
"KOBYŁKA-OSSÓW", 11810
"GRODZISK MAZ.", 11746
"URSYNÓW PŁN.", 11724
"UMIŃSKIEGO", 11656
"CENTRUM ONKOLOGII", 11629
"WAT", 11626
"PRZY AGORZE", 11617
"WARSZAWA MIĘDZYLESIE", 11593
"WARSZAWA ANIN", 11583
"TORUŃSKA", 11538
"ORDONA", 11493
"CH REDUTA", 11378
"HANDLOWA", 11317
"NOVOTEL", 11307
"KOMORÓW", 11282
"PIASECZNO", 11281
"SZANCERA", 11192
"DKS TARGÓWEK", 11188
"CH PROMENADA", 11167
"SUWAK", 11137
"JESIENNYCH LIŚCI", 11093
"STEGNY", 11089
"WIŚLICKA", 11063
"Okopowa", 11048
"BATUMI", 11046
"CHOMICZÓWKA", 10957
"CONRADA", 10923
"KAZUBÓW", 10921
"MENNICA", 10911
"CHOTOMÓW", 10876
"ELBLĄSKA", 10848
"OS. DERBY", 10808
"BEREZYŃSKA", 10797
"WARSZAWA WESOŁA", 10776
"Warszawa Raków", 10750
"rondo \"Radosława\"", 10673
"KINOWA", 10653
"MARYNIN", 10648
"SZWEDZKA", 10560
"PILECKIEGO", 10554
"POBORZAŃSKA", 10549
"WIŚNIOWA", 10545
"LEGIONOWO", 10534
"STRZELECKIEGO", 10528
"W-WA WOLA GRZYBOWSKA", 10486
"METRO CENTRUM NAUKI KOPERNIK", 10439
"KOCJANA", 10381
"JAKTORÓW", 10381
"CM. WAWRZYSZEWSKI", 10367
"PKP PIASECZNO", 10291
"KONDRATOWICZA", 10256
"STĘPIŃSKA", 10169
"WARSZAWA GOCŁAWEK", 10118
"GRENADIERÓW", 10075
"BROWARNA", 10051
"UKSW", 10026
"KLARYSEWSKA", 10010
"ŻYTNIA", 9959
"JÓZEFÓW", 9957
"LEGIA-STADION", 9887
"ŚW. HIERONIMA", 9873
"SMOLUCHOWSKIEGO", 9862
"NOWE WŁOCHY", 9852
"Krucza", 9845
"ŻOŁNY", 9701
"ZAJĘCZA", 9616
"WARSZAWA OKĘCIE", 9597
"KOŚCIÓŁ", 9568
"SOKRATESA", 9517
"Warszawa Lotnisko Chopina", 9515
"GRABÓW", 9508
"BIBLIOTEKA NARODOWA", 9481
"BALEYA", 9447
"Warszawa Al. Jerozolimskie", 9444
"ŁOJEWSKA", 9425
"BIAŁOWIEJSKA", 9388
"PIASTÓW ŚLĄSKICH", 9380
"CM. WŁOSKI", 9371
"KRÓLOWEJ MARYSIEŃKI", 9366
"MIŃSK MAZ. ANIELINA", 9344
"INSTYTUT NEUROLOGII", 9338
"RYŻOWA", 9337
"PL. INWALIDÓW", 9314
"EMILII PLATER", 9304
"WITEBSKA", 9267
"PARK SKARYSZEWSKI", 9259
"DW. WSCHODNI (LUBELSKA)", 9246
"pl. Grunwaldzki", 9225
"RECHNIEWSKIEGO", 9201
"KU WIŚLE", 9145
"PLATERÓWEK", 9091
"WOŁOMIN", 9002
"MIKOŁAJSKA", 8991
"CZŁUCHOWSKA", 8984
"MADALIŃSKIEGO", 8950
"LUBELSKA", 8929
"pl. Starynkiewicza", 8892
"PIOTRA SKARGI", 8891
"WAŁ MIEDZESZYŃSKI", 8860
"CODZIENNA", 8846
"DWERNICKIEGO", 8829
"STOICKA", 8818
"STACJA KRWIODAWSTWA", 8779
"ZĄBKI", 8734
"GOŁKOWSKA", 8695
"Kino Femina", 8690
"KENIGA", 8687
"CYBERNETYKI", 8678
"URSUS-RATUSZ", 8671
"WARSZAWA WOLA GRZYBOWSKA", 8662
"WARSZAWA FALENICA", 8647
"RACJONALIZACJI", 8647
"PKP WŁOCHY", 8583
"URSYNÓW ZACH.", 8578
"LESZNO", 8569
"DALIBORA", 8532
"SOLEC", 8520
"pl. Zawiszy", 8481
"BLISKA", 8481
"DZIERŻONIOWSKA", 8455
"KS. POPIEŁUSZKI", 8401
"STEFANIKA", 8399
"rondo ONZ", 8357
"HOŁUBCOWA", 8287
"Terminal Autokarowy", 8234
"FIGOWA", 8219
"HALINÓW", 8217
"GŁĘBOCKA", 8187
"PIMOT", 8166
"ŁAGIEWNICKA", 8165
"POPIELA", 8160
"Koszykowa", 8138
"ŻUROMIŃSKA", 8031
"MILENIJNA", 8010
"RAKOWIECKA-SANKTUARIUM", 7995
"MEISSNERA", 7970
"KOSTRZEWSKIEGO", 7946
"REDUTOWA", 7932
"DŁUGOSZA", 7932
"MŁYNARSKA", 7928
"Rakowiecka", 7881
"OS. WILGA", 7859
"PERZYŃSKIEGO", 7852
"CMENTARZ", 7828
"ASPEKT", 7798
"WARSZAWSKA", 7796
"RONDO KS. J. POPIEŁUSZKI", 7782
"WIEJSKA", 7774
"Park Praski", 7734
"DZIKA", 7732
"PIĘKNA", 7730
"AL. JANA PAWŁA II", 7718
"TRAUGUTTA", 7715
"WARSZAWA CHOSZCZÓWKA", 7706
"OS. NOWY MOKOTÓW", 7620
"MARYSIN", 7613
"GORZYKOWSKA", 7576
"ZABRANIECKA", 7568
"rondo Daszyńskiego", 7556
"GOLĘDZINÓW", 7551
"GRENADY", 7541
"BATALIONU PLATERÓWEK", 7518
"CISIE", 7507
"PUSTELNIK", 7504
"ARMII KRAJOWEJ", 7491
"JULIANOWSKA", 7474
"SZASERÓW-SZPITAL", 7456
"DZIECI WARSZAWY", 7441
"BUKOWIŃSKA", 7424
"ZARUSKIEGO", 7413
"URZĄD MIASTA", 7412
"OŻARÓW MAZ.", 7412
"OS. ARBUZOWA", 7400
"ORLICH GNIAZD", 7367
"PL. POLITECHNIKI", 7355
"KONWALIOWA", 7349
"WITANÓW", 7343
"MOST SIEKIERKOWSKI", 7342
"ŁABISZYŃSKA", 7339
"BUDZIŃSKIEJ-TYLICKIEJ", 7323
"Warszawa Ochota WKD", 7296
"MALBORSKA", 7295
"Metro Ratusz Arsenał", 7273
"FABRYCZNA", 7267
"POLECZKI", 7246
"OKĘCIE BUSINESS PARK", 7188
"OS. LEŚNE", 7187
"OS. POTOK", 7186
"pl. Konstytucji", 7174
"MIĘDZYLESIE", 7170
"ZAKRZEWSKA", 7163
"TUŻYCKA", 7162
"FARADAYA", 7160
"WARSZAWA PŁUDY", 7151
"ZACHĘTA", 7124
"ARESZT ŚLEDCZY SŁUŻEWIEC", 7055
"NA BATERYJCE", 7042
"BIELANY-RATUSZ", 7040
"LIPOWCZANA", 7028
"KIERBEDZIA", 7015
"BIAŁOŁĘKA-RATUSZ", 7002
"PARK POSTĘPU", 6999
"KOCHANOWSKIEGO", 6993
"DUNIKOWSKIEGO", 6985
"MOKOTOWSKA", 6947
"TRUSKAWIECKA", 6931
"Dworkowa", 6927
"KS POLONIA", 6890
"CM. BRÓDNOWSKI", 6884
"OKRĄGŁA", 6881
"GEN. ZAJĄCZKA", 6857
"PL. NIEMENA", 6826
"TUŁOWICKA", 6793
"RUMIANKOWA", 6720
"RAGINISA", 6678
"KANAŁ ŻERAŃSKI", 6653
"KWATERY GŁÓWNEJ", 6630
"NOWY DWÓR MAZ.", 6616
"SULEJÓWEK", 6604
"KRYNOLINY", 6598
"WRÓBLA", 6590
"PODSKARBIŃSKA", 6584
"MARYMONT-POTOK", 6580
"SMOCZA", 6564
"WAŁOWICKA", 6554
"GEN. MACZKA", 6549
"USTANÓWEK", 6546
"MIKLASZEWSKIEGO", 6545
"LAZUROWA", 6529
"JÓRSKIEGO", 6526
"IWICZNA", 6514
"SKARBKA Z GÓR", 6506
"OŚRODEK WOJSKOWY", 6479
"SPARTAŃSKA", 6474
"AL. 3 MAJA", 6452
"Domaniewska", 6434
"BOGATKI", 6423
"TARGÓWEK", 6421
"KAROLIN", 6410
"PODLEŚNA-IMiGW", 6401
"BARTNICZA", 6354
"MŁODZIEŃCZA", 6321
"OKULAROWA", 6310
"REDUTA WOLSKA", 6302
"FALENICA", 6292
"INSTYTUT LOTNICTWA", 6285
"DO FORTU", 6281
"ANTKA ROZPYLACZA", 6278
"PARAFIALNA", 6269
"PKP KOŁO", 6256
"LALKI", 6240
"EKSPRESOWA", 6236
"TELIGI", 6223
"FORT BLIZNE", 6220
"KOŚCIUSZKI", 6180
"rondo Zesłańców Syberyjskich", 6167
"CHŁOPICKIEGO", 6128
"MARIENSZTAT", 6120
"WARSZAWA PRAGA", 6118
"DOMANIEWSKA OFFICE PARK", 6100
"BŁONIE", 6095
"Metro Politechnika", 6088
"MEKSYKAŃSKA", 6088
"BUDOWLANA", 6059
"WYCZÓŁKI", 6030
"KOBYŁKA", 6028
"KLAUDYNY", 5986
"SIEKIERKI-SANKTUARIUM", 5971
"OBRAZKOWA", 5952
"ZAJEZDNIA ŻOLIBORZ", 5949
"PKP POWIŚLE", 5948
"POWSINEK", 5946
"KAROLKOWA", 5943
"WAPOWSKIEGO", 5898
"POLINEZYJSKA", 5897
"WARSZAWA URSUS PŁN.", 5896
"SPISAKA", 5887
"KICKIEGO", 5867
"NOSKOWSKIEGO", 5863
"BUKOWSKIEGO", 5850
"Dw. Wileński", 5848
"RASZYŃSKA", 5839
"Sielce", 5825
"SÓJKI", 5821
"REGULSKA", 5790
"KLUB LIRA", 5786
"MAŁEJ ŁĄKI", 5730
"URSUS-NIEDŹWIADEK", 5728
"REMBERTÓW-KOLONIA", 5715
"DZIELNA", 5709
"MASZYNOWA", 5704
"Wiatraczna", 5686
"MIŃSK MAZ.", 5684
"pl. Zbawiciela", 5672
"SZUBERTA", 5658
"LAMINA", 5653
"most Poniatowskiego", 5648
"PKP Kasprzaka", 5607
"SIEMIATYCKA", 5590
"KOŁOWA", 5583
"ŁUKOWSKA", 5561
"ROZŁOGI", 5546
"KOSIARZY", 5541
"KRASICKIEGO", 5536
"STANIEWICKA", 5536
"OS. KABATY", 5532
"SOSNKOWSKIEGO", 5530
"PL. TEATRALNY", 5514
"Uniwersytet", 5488
"BOHATEREWICZA", 5484
"3 MAJA", 5480
"KS POLONEZ", 5465
"OS. DERBY III", 5452
"CM. PÓŁNOCNY-BRAMA GŁ.", 5440
"PRZYBYSZEWSKIEGO", 5415
"WARSZAWA TORUŃSKA", 5413
"OS. STASZICA/PĘTLA", 5410
"Muzeum Narodowe", 5407
"STRYJEŃSKICH", 5405
"Muzeum Powstania Warszawskiego", 5390
"DUCHNICKA", 5382
"TARNOWIECKA", 5363
"Ząbkowska", 5344
"RADAROWA", 5334
"KLASYKÓW", 5314
"ŚNIEGOCKIEJ", 5313
"ENERGETYCZNA", 5305
"BRACI WAGÓW", 5301
"ZAJEZDNIA WORONICZA", 5284
"POGODNA", 5283
"MAGISTRACKA", 5282
"ZIELONA", 5253
"KONDUKTORSKA", 5251
"PL. GRZYBOWSKI", 5251
"NOWOURSYNOWSKA", 5249
"LIMANOWSKIEGO", 5231
"URSYNÓW PŁD.", 5223
"Nowowiejska", 5204
"BAZYLIAŃSKA", 5202
"REJTANA", 5186
"IX POPRZECZNA", 5186
"WOJNICKA", 5175
"SKOROSZE", 5158
"PRZASNYSKA", 5146
"OS. ISKRA", 5131
"PRZEDPOLE", 5125
"ŻEROMSKIEGO", 5088
"rondo Waszyngtona", 5087
"SGGW-BIBLIOTEKA", 5080
"Grzymały-Sokołowskiego", 5068
"TRAKT LUBELSKI", 5054
"Postępu", 5047
"OS. LEWANDÓW I", 5030
"1 SIERPNIA", 5030
"REZEDOWA", 5013
"CZERNIAKOWSKA", 5009
"PKP ZACISZE-WILNO", 5001
"PKP TORUŃSKA", 4999
"Wola-Ratusz", 4998
"pl. Na Rozdrożu", 4983
"OGIŃSKIEGO", 4973
"KWITNĄCA", 4924
"ZAGOŚCINIEC", 4913
"BYTNARA", 4892
"RKS ORZEŁ", 4885
"Opacz", 4873
"Zajezdnia Ostrobramska", 4861
"BARTOSZKA", 4846
"SUWALSKA", 4844
"Warszawa Ochota", 4812
"WIDAWSKA", 4804
"ORZECHOWA", 4789
"ŁUKASZCZYKA", 4785
"BEETHOVENA", 4767
"JASNA", 4764
"ATEŃSKA", 4764
"STARODĘBY", 4759
"MALINOWSKIEGO", 4757
"LWOWSKA", 4718
"WARNEŃSKA", 4716
"BIBLIOTEKA UNIWERSYTECKA", 4712
"MŁYN", 4709
"Saska", 4707
"Dw. Zachodni", 4705
"ANDERSENA", 4703
"MYCIELSKIEGO", 4668
"Woronicza", 4664
"CZORSZTYŃSKA", 4662
"MIŁOBĘDZKA", 4659
"SIEDLCE", 4641
"FRANCUSKA", 4640
"KOMPASOWA", 4629
"DĄBROWSKIEGO", 4621
"SEZAM", 4614
"SAMOCHODOWA", 4605
"Hoża", 4595
"AGRYKOLA", 4594
"ŁOWICKA", 4590
"PODZAMCZE", 4576
"PŁASKOWICKIEJ", 4572
"JANÓWEK", 4568
"BIELSZOWICKA", 4554
"ODLEWNICZA", 4545
"DRZEWIECKIEGO", 4541
"HOSPICJUM ONKOLOGICZNE", 4521
"WKD RAKÓW", 4521
"WYSZOGRODZKA", 4497
"ORZESZKOWEJ", 4497
"Wawelska", 4488
"CM. PRAWOSŁAWNY", 4476
"TARCHOMIN KOŚCIELNY", 4475
"Hala Mirowska", 4473
"MOŁDAWSKA", 4471
"GÓRNOŚLĄSKA", 4445
"CHŁODNA", 4439
"Grodkowska", 4438
"TORFOWA", 4434
"Kijowska", 4416
"TAGORE'A", 4414
"METRO STADION NARODOWY", 4398
"NOWOLIPIE", 4392
"FRANCISZKAŃSKA", 4387
"GRZYBOWA", 4379
"Bitwy Warszawskiej 1920 r.", 4366
"PKP OLSZYNKA GROCHOWSKA", 4365
"RONDO ŻABCZYŃSKIEGO", 4315
"ŁAZIENKI KRÓLEWSKIE", 4314
"PKP PRUSZKÓW", 4297
"PRATULIŃSKA", 4288
"pl. Unii Lubelskiej", 4270
"JEZIORKO CZERNIAKOWSKIE", 4258
"ROMASZEWSKIEGO", 4254
"RADIOWA-WAT", 4252
"HALA SPORTOWA BEMOWO", 4251
"OGRODY DZIAŁKOWE KAWĘCZYN", 4240
"ZAPUSTNA", 4228
"BRAZYLIJSKA", 4228
"GRODZISK", 4222
"PL. TYSIĄCLECIA", 4217
"Hala Kopińska", 4217
"ARMATNIA", 4190
"PATKOWSKIEGO", 4161
"DRZEWORYTNIKÓW", 4152
"NA SKRAJU", 4144
"HERBSTA", 4133
"PKP Służewiec", 4132
"MICKIEWICZA", 4129
"Vogla", 4122
"WOJSKA POLSKIEGO", 4119
"STARE ŚWIDRY", 4116
"INOWŁODZKA", 4116
"WARSZAWA OLSZYNKA GROCHOWSKA", 4104
"Zamieniecka", 4090
"NOCZNICKIEGO", 4068
"GALLA ANONIMA", 4062
"WARSZAWA OLSZYNKA GROCH.", 4061
"SOBOCKA", 4053
"OSIEDLE MŁODYCH", 4051
"TRAWIASTA", 4049
"Michałowice", 4040
"WARSZAWA DAWIDY", 4034
"ROLANDA", 4032
"Nowa Wieś Warszawska", 4031
"ŚRODKOWA", 4028
"CZYNSZOWA", 3992
"Park Dreszera", 3979
"Spacerowa", 3969
"Królewska", 3968
"NIEMCEWICZA", 3964
"GAJOWA", 3949
"MARMUROWA", 3945
"OSMAŃSKA-DHL", 3943
"ODYŃCA", 3933
"SKŁADKOWSKIEGO", 3927
"os. Wolska", 3905
"KAROWA", 3905
"Muranowska", 3903
"NAŁĘCZOWSKA", 3848
"PL. PRZYMIERZA", 3838
"BIAŁOBRZESKA", 3831
"HALLERA", 3826
"RYNEK", 3820
"PARK BRÓDNOWSKI", 3808
"KAJKI", 3805
"KOŹMIŃSKA", 3800
"KĄTY GRODZISKIE", 3798
"CHOSZCZÓWKA", 3798
"INFLANCKA", 3797
"MYSZKOWSKA", 3796
"DZIAŁKOWA", 3791
"TOR KOLARSKI", 3782
"OSMAŃSKA", 3781
"ZAOLZIAŃSKA", 3766
"ORZYCKA", 3760
"Śmigłowca", 3759
"INSTYTUT REUMATOLOGII", 3752
"Warszawa Służewiec", 3743
"MANDARYNKI", 3738
"Goraszewska", 3721
"DS RIVIERA", 3717
"HENRYKA BRODATEGO", 3717
"TECHNIKÓW", 3716
"HENRYKÓW", 3713
"Stare Miasto", 3707
"GRANICZNA", 3704
"Uniwersytet Medyczny", 3702
"ŚNIEŻNA", 3699
"PELIKANÓW", 3691
"pl. Wilsona", 3690
"STERNICZA", 3675
"ZAJEZDNIA REDUTOWA", 3675
"DURACZA", 3673
"Myśliborska", 3666
"NARWIK", 3666
"STRUMYKOWA", 3654
"TROCKA", 3651
"MOST ŚWIĘTOKRZYSKI", 3648
"PIECHURÓW", 3645
"CENTRUM TARGOWE", 3640
"KOŚCIELISKA", 3630
"ŻOŁNIERSKA", 3619
"OSTRÓDZKA", 3618
"GDECKA", 3617
"PKP WKD Al. Jerozolimskie", 3597
"WODNIAKÓW", 3593
"ODRODZENIA", 3590
"PKP ŻERAŃ", 3588
"MONTE CASSINO", 3574
"KAPELI", 3572
"Inżynierska", 3566
"ŁOSOSIOWA", 3549
"OŚ KRÓLEWSKA", 3548
"HASSA", 3540
"ZIELENIECKA", 3540
"Nowe Bemowo", 3535
"pl. Szembeka", 3534
"Hynka", 3522
"PEONII", 3521
"Bokserska", 3518
"DĄBRÓWKA SZLACHECKA", 3518
"ŚMIGIELSKA", 3512
"DOJAZDOWA", 3512
"WIERUCHOWSKA", 3511
"ŚWIDERSKA", 3503
"PERKUNA", 3502
"BOERNEROWO", 3498
"Reguły", 3487
"KAKOWSKIEGO", 3476
"BIAŁOŁĘKA DWORSKA", 3476
"Anielewicza", 3466
"CHODAKOWSKA", 3464
"AL. WIELKOPOLSKI", 3455
"NIK", 3453
"OBROŃCÓW TOBRUKU", 3449
"NOWA IWICZNA", 3442
"DOBCZYN", 3439
"STAWY", 3435
"Dw. Gdański", 3417
"pl. Bankowy", 3413
"MOST GDAŃSKI", 3391
"BUKÓW", 3391
"Ochota-Ratusz", 3371
"MIĘDZYBORÓW", 3366
"LERCHA", 3353
"POTOCKICH", 3352
"PKP Rakowiec", 3348
"POTULICKA", 3345
"Baseny Inflancka", 3336
"NIEDŹWIEDZIA", 3325
"Ordynacka", 3299
"PIĘCIOLINII", 3292
"WYBRZEŻE HELSKIE", 3264
"ZAŚCIANKOWA", 3252
"pl. Narutowicza", 3245
"CONRADA-SZKOŁA", 3244
"NOWY SĘKOCIN", 3241
"Płocka", 3240
"ŁOWCZA", 3236
"BUDEXPO", 3228
"MARKOWSKA", 3224
"WYNALAZEK", 3215
"ZWYCIĘZCÓW", 3205
"Foksal", 3202
"MAKOLĄGWY", 3200
"URZĄD GMINY", 3193
"LEWINOWSKA", 3187
"TŁUSZCZ", 3185
"Chełmska", 3182
"WARSZAWA ŻERAŃ", 3181
"TKACZY", 3168
"POLSKIE RADIO", 3158
"SYPNIEWSKA", 3145
"MASZEWSKA", 3145
"Góralska", 3144
"MADALIŃSKIEGO-SZPITAL", 3142
"ARBUZOWA", 3141
"MAKLAKIEWICZA", 3135
"Morskie Oko", 3134
"PKP GOCŁAWEK", 3109
"Marszałkowska", 3107
"Praga-Płd. -Ratusz", 3105
"BRWINÓW", 3102
"POLNA", 3102
"SIWIŃSKIEGO", 3100
"ADAMPOLSKA", 3098
"PKP LEGIONOWO", 3095
"Szczęśliwicka", 3093
"TELEWIZJA POLSKA", 3088
"Warszawa Zachodnia", 3080
"CIOŁKOSZA", 3072
"OGRODY DZIAŁKOWE PIASKI", 3071
"MOST GROTA-ROWECKIEGO", 3062
"MIŁA", 3061
"Metro Świętokrzyska", 3058
"Zajezdnia Wola", 3054
"NIZINNA", 3052
"Warszawa Zachodnia WKD", 3046
"RUDZKA", 3044
"BURSZTYNOWA-SZPITAL", 3038
"Wołoska", 3037
"FORT BEMA", 3024
"NACZELNIKOWSKA", 3013
"SZARYCH SZEREGÓW", 3006
"Radiowa", 3000
"KOCJANA-BOCZNICA", 3000
"Stawki", 2996
"Rozbrat", 2983
"Krakowiaków", 2975
"Dolna", 2964
"rondo Starzyńskiego", 2957
"Instytut Fizyki", 2952
"PIASTA KOŁODZIEJA", 2950
"TWARDOWSKA", 2946
"MYSIADŁO", 2944
"pl. Trzech Krzyży", 2934
"PRYSTORA", 2927
"KRASNOWOLA", 2927
"ZAPLECZE", 2921
"KOBIAŁKA-SZKOŁA", 2919
"CENTRUM MODY", 2916
"KLASZTORNA", 2909
"LASEK NA KOLE", 2896
"KOMITETU OBRONY ROBOTNIKÓW", 2887
"CH Targówek", 2874
"al. Witosa", 2870
"PKP MIĘDZYLESIE", 2859
"Sowińskiego", 2854
"Cm. Żydowski", 2852
"DĄBRÓWKA", 2848
"SANKTUARIUM", 2844
"BOHOMOLCA", 2842
"Legionowo Piaski", 2840
"KŁOBUCKA", 2839
"Połczyńska-parking P+R", 2836
"REMBERTÓW-AON", 2835
"JURAJSKA", 2835
"ALUZYJNA", 2834
"NATOLIN PŁN.", 2834
"CHODECKA", 2833
"al. Reymonta", 2829
"PIRENEJSKA", 2823
"SANTOCKA", 2812
"GRZYMALITÓW", 2811
"SZAFARZY", 2811
"TEATR KOMEDIA", 2808
"WALECZNYCH", 2792
"Gotarda", 2791
"Żółkiewskiego", 2784
"KSIĘŻYCOWA", 2784
"BELGRADZKA", 2784
"OPACZEWSKA", 2779
"JARACZA", 2775
"Płochocińska", 2772
"CYNAMONOWA", 2772
"DOBOSZA", 2766
"PELCOWIZNA", 2762
"Ogrody Działkowe Bemowo", 2754
"KONOPACKA", 2754
"Świątynia Opatrzności Bożej", 2753
"WIERNA", 2750
"JANKI MAŁE", 2743
"Berestecka", 2742
"JAWCZYCE", 2738
"Park Olszyna", 2731
"Pruszków WKD", 2718
"SPORTOWA", 2712
"OS. JANTAR", 2710
"WOŁOMIŃSKA", 2703
"OGRÓD DZIAŁKOWY IM. WARNEŃCZYKA", 2698
"ODRĘBNA", 2697
"Jana Olbrachta", 2677
"WARSZAWA MOKRY ŁUG", 2677
"LUCERNY", 2668
"BARTŁOMIEJA", 2667
"MEGASAM", 2666
"Iwicka", 2658
"HALA ZNICZ", 2657
"RONDO DASZYŃSKIEGO - ", 2650
"LANCIEGO", 2643
"PL. BERNARDYŃSKI", 2638
"PIASECZNICA", 2626
"rondo Żaba", 2618
"11 LISTOPADA", 2614
"POMOLOGICZNA", 2602
"PUŁASKIEGO", 2602
"EC SIEKIERKI", 2600
"ŁOMIANKI-CENTRUM", 2596
"Wrocławska", 2594
"WŁADYSŁAWA HERMANA", 2594
"AL. WOJSKA POLSKIEGO", 2592
"Międzynarodowa", 2584
"PKP REMBERTÓW", 2584
"Sokołowska", 2570
"WESOŁA-RATUSZ", 2563
"Międzyborska", 2561
"KSIĘCIA BOLESŁAWA", 2553
"ŻUPNICZA", 2551
"al. Lotników", 2541
"Przyczółek Grochowski", 2539
"OLSZOWA", 2537
"PAŁACOWA", 2530
"Tworki", 2530
"INSTYTUT KARDIOLOGII", 2530
"NOWAKA-JEZIORAŃSKIEGO", 2523
"Powązkowska", 2521
"Czapelska", 2521
"JARZĘBINOWA", 2521
"Nowolipki", 2511
"SZYSZKOWA", 2501
"PKP Ursus", 2497
"PAROWCOWA", 2495
"Sasanki", 2493
"POSAG 7 PANIEN", 2489
"Trasa Łazienkowska", 2487
"ŚRENIAWITÓW", 2487
"Gocławska", 2487
"PŁUŻAŃSKA", 2475
"TŁUCHOWSKA", 2474
"TABOROWA", 2472
"WARCHAŁOWSKIEGO", 2471
"SYMPATYCZNA", 2467
"KS. SITNIKA", 2467
"PODLEŚNA-IMIGW", 2461
"Bemowo-Ratusz", 2460
"PARK ZDROJOWY", 2447
"17 STYCZNIA", 2442
"SUZINA", 2442
"MIŃSKA", 2440
"KOMPUTEROWA", 2439
"MACZKA", 2436
"SPALINOWA", 2431
"BOBROWIECKA", 2429
"JURANDA ZE SPYCHOWA-SZKOŁA", 2426
"LAS BIELAŃSKI", 2421
"Tor Stegny", 2420
"LEKTYKARSKA", 2410
"KOMBAJNISTÓW", 2407
"PKP URSUS PŁN.", 2404
"Korotyńskiego", 2394
"POETÓW", 2392
"Elekcyjna", 2387
"URSUS-SANKTUARIUM", 2380
"FORT WAWRZYSZEW", 2374
"KRYNICZNA", 2374
"KANAŁ GOCŁAWSKI", 2361
"BYSTRA", 2351
"TRZYKROTKI", 2345
"ĆWIKLIŃSKIEJ", 2341
"Och-Teatr", 2339
"DĘBOWA", 2339
"Łopuszańska", 2339
"Dickensa", 2337
"OBOZOWA", 2335
"DZIERZGOŃSKA", 2330
"PKP FALENICA", 2325
"JADWISIN", 2320
"POŻAROWA", 2315
"OS. DOMANIEWSKA", 2315
"Konstruktorska", 2314
"Norblin", 2311
"ŁĄCZYNY", 2304
"Kulskiego", 2300
"SUCHA ŻYRARDOWSKA", 2300
"PKP RADOŚĆ", 2299
"pl. Krasińskich", 2287
"WIELISZEW", 2281
"ZAJEZDNIA UTRATA", 2278
"WARSZAWA JEZIORKI", 2276
"PUSTOLA", 2276
"BRATA ALBERTA", 2275
"Młynów", 2274
"GOCŁAWEK WSCHODNI", 2273
"RODŁA", 2272
"SANGUSZKI", 2270
"Park Moczydło", 2269
"Podkowa Leśna Wschodnia", 2248
"OBJAZDOWA", 2238
"WIERTNICZA", 2236
"Zajezdnia Praga", 2235
"Szpital Bródnowski", 2231
"Szwoleżerów", 2230
"RUBINOWA", 2227
"Dolina Służewiecka", 2216
"WIRAŻOWA", 2216
"ORLA", 2215
"OS. DERBY VI", 2209
"PKP GRODZISK MAZOWIECKI", 2207
"GRODZISK MAZ. RADOŃSKA", 2201
"OGRODY DZIAŁKOWE PALUCH", 2198
"KONCERTOWA", 2195
"POMIECHOWSKA", 2194
"Pruszkowska", 2193
"Bartycka", 2193
"KSIĘŻNEJ ANNY", 2190
"Poligonowa", 2189
"TANGO", 2179
"Wspólna Droga", 2178
"POMIECHÓWEK", 2172
"Sady Żoliborskie", 2168
"Popularna", 2168
"NALEWKI-MUZEUM", 2164
"GROSZÓWKA", 2160
"Włościańska", 2157
"św. Bonifacego", 2155
"Śliwice", 2154
"OS. ZIELONY STAW", 2150
"ŁUKOWA", 2149
"Bełdan", 2146
"Park Traugutta", 2146
"RADIOWO", 2146
"AL. PIŁSUDSKIEGO", 2133
"WALEREGO SŁAWKA", 2132
"Czarnomorska", 2131
"SAMARYTANKA", 2131
"DĘBE WIELKIE", 2128
"Szpital Wolski", 2127
"INSTYTUT HEMATOLOGII", 2127
"RADIOSTACJA ŁAZY", 2125
"PORAJÓW", 2123
"WRZECIONO", 2123
"ODESKA", 2119
"JERZEGO", 2117
"Torwar", 2116
"KORSAKA", 2113
"STRZELECKA", 2113
"JAGIELSKA", 2106
"CYKLAMENÓW", 2103
"PRASOWA", 2102
"GEODEZYJNA", 2082
"BOROWA", 2077
"ZACHODNIA", 2072
"Powązki-Cm. Wojskowy", 2067
"Park Kaskada", 2067
"KLAMROWA", 2065
"GONTARSKA", 2064
"Malczewskiego", 2062
"KONWIKTORSKA", 2049
"REMBERTÓW-AKADEMIA", 2044
"Deotymy", 2040
"Szkolna", 2037
"Archimedesa", 2036
"NORWIDA", 2034
"DZIEWANOWSKA", 2033
"ŁYSAKOWSKA", 2028
"OS. BERNARDYŃSKA", 2025
"Warszawa Powiśle", 2025
"MAŁCUŻYŃSKIEGO", 2023
"ALEKSANDRÓW", 2022
"JESIONOWA", 2014
"Targówek-Ratusz", 2013
"Pomnik Lotnika", 2010
"Metro Marymont", 2009
"Kielecka", 2006
"DOSTAWCZA", 2004
"Książęca", 2003
"PRZEBIEG", 2000
"SOCHACZEWSKA", 1996
"ŚWIĘTOJERSKA", 1993
"Konarskiego", 1991
"Bora-Komorowskiego", 1987
"DZIAŁYŃCZYKÓW", 1986
"SIENNICKA", 1986
"Synów Pułku", 1984
"OGÓRKOWA", 1981
"WIELOWIEJSKA", 1977
"KRZYŻANOWSKIEGO", 1977
"DZIEKANÓW LEŚNY", 1976
"KARCZOCHA", 1972
"Dywizjonu 303", 1969
"Hale Banacha", 1965
"SAGALLI", 1965
"DW. GDAŃSKI (RYDYGIERA)", 1963
"Afrykańska", 1946
"Fort Wola", 1942
"CZARNA STRUGA", 1941
"Warszawa Stadion", 1932
"Podkowa Leśna Zachodnia", 1932
"Wspólna", 1929
"Sobieskiego", 1929
"Leżajska", 1929
"św. Wincentego", 1928
"OS. PRZYLESIE", 1927
"MARCELIN", 1924
"SEROKI", 1921
"ZAMENHOFA", 1917
"Wawrzyszewska", 1916
"ZERZEŃ", 1915
"PKP ANIN", 1915
"Płowiecka", 1908
"JARZĄBKA", 1907
"ŁOKIETKA", 1898
"Ratuszowa-ZOO", 1897
"Czumy", 1895
"ZWOLEŃSKA", 1893
"Warszawa Rakowiec", 1889
"MICHAŁÓW-REGINÓW", 1888
"RYBAŁTÓW", 1887
"UROCZA", 1885
"INTERNETOWA", 1884
"Klemensiewicza", 1881
"Włochy-Ratusz", 1873
"Suwak", 1870
"CZARNIECKIEGO", 1863
"KIEPURY", 1860
"Centrum Onkologii", 1859
"OCZAPOWSKIEGO", 1859
"Rogalińska", 1856
"KLIMONTOWSKA", 1850
"Piaski", 1847
"NOWODWORSKA", 1846
"SGGW-Rektorat", 1844
"SOCHACZEW", 1844
"Metro Młociny", 1839
"Rakowiec", 1838
"ASTRONAUTÓW", 1835
"Dobra", 1832
"WRZOSÓW", 1830
"DANUSI", 1826
"DŁUGORZECZNA", 1821
"NOWINY", 1820
"WERSALSKA", 1819
"POMORSKA", 1818
"WENECKA", 1818
"ANNY JAGIELLONKI", 1814
"KANAŁ BRÓDNOWSKI", 1814
"KARCZUNKOWSKA", 1811
"Płytowa", 1809
"KASZTANOWA", 1805
"MAŃKI-WOJDY", 1803
"KOMETY", 1802
"POŻARYSKIEGO", 1802
"POWĄZKI-IV BRAMA", 1800
"DĄBROWSZCZAKÓW", 1798
"pl. Kasztelański", 1794
"DROGOWA", 1789
"CERAMICZNA", 1789
"ŻYRARDÓW", 1787
"Abrahama", 1786
"Hala Wola", 1785
"Szobera", 1785
"ŻYWIECKA", 1783
"Garwolińska", 1783
"NAMYSŁOWSKA", 1782
"BATALIONÓW CHŁOPSKICH", 1781
"RYBNA", 1779
"CHMIELNA", 1775
"Kapitulna", 1773
"KADETÓW-KOŚCIÓŁ", 1772
"BAREI", 1764
"SIEMIEŃSKIEGO", 1760
"KOSAĆCOWA", 1759
"SIEDMIOGRODZKA", 1759
"PKP OKĘCIE", 1755
"Królikarnia", 1754
"NOAKOWSKIEGO", 1753
"POMNIK SAPERA", 1752
"MALINOWA", 1750
"Gocławek", 1746
"Horbaczewskiego", 1745
"ZARUBY", 1742
"PODKOWA LEŚNA GŁÓWNA", 1741
"SZOLC-ROGOZIŃSKIEGO", 1741
"DŁUGA", 1739
"Niska", 1733
"Bogusławskiego", 1732
"os. Majdańska", 1731
"Muranów", 1730
"Rembielińska", 1730
"Mangalia", 1730
"ZEGRZE PŁD.", 1730
"Jesiennych Liści", 1729
"ARMII \"POZNAŃ\"", 1724
"Tarchomin", 1722
"Pileckiego", 1721
"BYSŁAWSKA", 1719
"RUSKOWY BRÓD", 1718
"Mehoffera", 1713
"PRZEWORSKA", 1709
"MIELCZARSKIEGO", 1704
"CZATÓW", 1703
"SZASERÓW", 1702
"pl. Zamkowy", 1699
"WĄWOZOWA", 1697
"Żołny", 1695
"Topiel", 1694
"Koło", 1686
"GRABINA", 1684
"CHĘCIŃSKA", 1684
"Elbląska", 1683
"KOŁBIEL", 1683
"Rzeszotarskiej", 1682
"GRUSZCZYŃSKIEGO", 1679
"STRZYGŁOWSKA", 1678
"JULIANOWSKA-CMENTARZ", 1678
"BELLOTTIEGO", 1672
"SZPITALNA", 1670
"TYLŻYCKA", 1664
"BRODY WARSZAWSKIE", 1662
"SIEDLISKOWA", 1660
"STAROSTWO", 1658
"KOMOROWSKA-HOTEL", 1652
"ZALESINEK", 1649
"OS. WYŻYNY", 1648
"Jadźwingów", 1647
"PIASTA", 1647
"Szancera", 1643
"Grabów", 1641
"BOLEŚĆ", 1635
"GILARSKA", 1633
"SPISKA", 1627
"Ciszewskiego", 1624
"Wał Gocławski", 1622
"PKP JEZIORKI", 1620
"Szpital MSW", 1615
"Kanie Helenowskie", 1615
"JANKI", 1615
"PODOLSKA", 1611
"SIKORSKIEGO", 1610
"URZĄD STATYSTYCZNY", 1605
"WINNICA", 1605
"KOWIEŃSKA", 1602
"CZERWONYCH BERETÓW", 1601
"TRAKT LUBELSKI-LAS", 1601
"MILANÓWEK GRUDÓW", 1598
"Otrębusy", 1596
"CH Promenada", 1595
"Novotel", 1592
"Branickiego", 1591
"ROGOWSKA", 1588
"RYBNICKA", 1587
"BOŻA WOLA", 1586
"AL. SOLIDARNOŚCI", 1585
"Okęcie Business Park", 1584
"PL. POWSTAŃCÓW WARSZAWY", 1581
"Hotel Bristol", 1579
"Metro Pole Mokotowskie", 1578
"Majakowskiego", 1572
"BEŁZY", 1572
"SIENKIEWICZA", 1561
"KOPCIŃSKIEGO", 1561
"MOTYLKOWA", 1555
"Zajezdnia Kleszczowa", 1555
"al. Zieleniecka", 1551
"SUŁKOWICE", 1551
"SIENNA", 1548
"WILLOWA", 1546
"Hołubcowa", 1545
"STEFANA BATOREGO", 1540
"LEŚNA", 1539
"BERENSONA", 1539
"PL. MAŁACHOWSKIEGO", 1535
"Adamieckiego", 1534
"PIELĘGNIAREK", 1532
"Metro Centrum Nauki Kopernik", 1525
"Topograficzna", 1525
"PL. SPORTOWY", 1517
"KOLEJKA PIASECZYŃSKA", 1516
"Szpital Bielański", 1513
"ANNY GERMAN", 1513
"Warszawa Wschodnia", 1507
"NIEPODLEGŁOŚCI", 1504
"KANAŁ NOWE UJŚCIE", 1502
"SPÓŁDZIELNIA NOMA", 1498
"MAGIERA", 1497
"Mennica", 1493
"Zabraniecka", 1493
"SŁOWACKIEGO", 1493
"Umińskiego", 1491
"WOLA GRZYBOWSKA", 1490
"Bródnowska", 1490
"JEZIOROWA", 1489
"Handlowa", 1485
"OBRZEŻNA", 1484
"Conrada", 1479
"PKP Ursus-Niedźwiadek", 1478
"TABITA", 1478
"PIASTOWSKA", 1477
"LISTONOSZY", 1477
"LEŚNEJ POLANKI", 1477
"Toruńska", 1476
"GŁOWACKIEGO", 1475
"SOŁTYKA", 1473
"MOKRY ŁUG", 1468
"FLETNIOWA", 1465
"CHRZĘSNE", 1461
"KRAŃCOWA", 1461
"Mikołajska", 1460
"Smoluchowskiego", 1455
"WAFLOWA", 1455
"GŁOGI", 1454
"PAŁAC", 1452
"PL. OSTREJ BRAMY", 1450
"Cybernetyki", 1449
"OS. ORLIK", 1448
"PKP PŁUDY", 1445
"TERMINAL CARGO", 1442
"STASZICA", 1442
"RONDO GRANZOWA", 1442
"Łagiewnicka", 1439
"PKP WESOŁA", 1439
"Skoroszewska", 1438
"OS. LEWANDÓW II", 1438
"Kazubów", 1437
"INSTYTUT ENERGETYKI", 1437
"Berezyńska", 1434
"WOJSŁAWICKA", 1431
"SOLIDNA", 1430
"CUKROWNICZA", 1430
"CHODKIEWICZA", 1423
"MAGNOLII", 1421
"EUROPEJSKA", 1421
"MARYWILSKA-LAS", 1415
"TOŁSTOJA", 1414
"Poborzańska", 1412
"LOKAJSKIEGO", 1412
"Kinowa", 1411
"Klarysewska", 1410
"BRACI ZAWADZKICH", 1406
"Ordona", 1405
"PANCERA", 1403
"Bartoszka", 1398
"Stępińska", 1398
"GOŚCIERADOWSKA", 1397
"CYTADELA", 1396
"SIERAKOWSKIEGO", 1396
"os. Nowy Mokotów", 1391
"DULAG", 1391
"pl. Inwalidów", 1391
"HANKI ORDONÓWNY", 1383
"BARSZCZEWSKA", 1380
"Gołkowska", 1379
"OKRZEI", 1377
"Strzeleckiego", 1376
"KOSÓW", 1374
"DKS Targówek", 1368
"Warszawa Śródmieście", 1368
"WAŁBRZYSKA-CMENTARZ", 1368
"Dzierżoniowska", 1367
"POŁUDNIOWA", 1365
"Emilii Plater", 1364
"BORKÓW", 1364
"RYDYGIERA", 1363
"OKNICKA", 1362
"SZOSA LUBELSKA", 1359
"SADKOWSKA", 1352
"SIEKIERKOWSKA", 1351
"ZŁOTOKŁOS", 1338
"Królowej Marysieńki", 1327
"RADOM", 1323
"Baleya", 1323
"Faradaya", 1321
"Marynin", 1320
"GRZEGORZEWSKIEJ", 1318
"Warszawa Żwirki i Wigury", 1318
"Banacha-Szpital", 1317
"Batumi", 1316
"Żerań FSO", 1309
"EDISONA", 1307
"WRONIA", 1306
"POGORZEL WARSZAWSKA", 1306
"Nowodwory", 1305
"ORACZY", 1304
"Kościół", 1298
"JURANDA ZE SPYCHOWA", 1298
"Kondratowicza", 1298
"Malichy", 1296
"Budzińskiej-Tylickiej", 1296
"WIĄZANA", 1294
"Głębocka", 1293
"Metro Wilanowska", 1292
"CZACHÓWEK GÓRNY", 1291
"Młynarska", 1290
"Park Postępu", 1290
"Metro Służew", 1289
"Stoicka", 1286
"Domaniewska Office Park", 1285
"CZEKOLADOWA", 1284
"KS. SKORUPKI", 1283
"KORNELIN", 1282
"Ku Wiśle", 1278
"Lubelska", 1278
"OLESIN", 1276
"rondo ks. J. Popiełuszki", 1273
"ŻONKILOWA", 1273
"CM. PÓŁNOCNY-BRAMA PŁD.", 1271
"Piękna", 1269
"Wiejska", 1268
"Warszawa Wesoła", 1268
"ROSOCHATA", 1266
"WOLNOŚCI", 1263
"Lipowczana", 1262
"Żytnia", 1260
"Łojewska", 1259
"Cm. Wawrzyszewski", 1258
"BRYLOWSKA", 1258
"JARA", 1257
"POCZTY GDAŃSKIEJ", 1256
"PODBIAŁOWA", 1255
"POLONEZA", 1252
"AL. BOHATERÓW WRZEŚNIA", 1250
"KATOWICKA", 1250
"ESKULAPÓW", 1249
"ĆMIELOWSKA", 1249
"RYCERSKA", 1248
"św. Hieronima", 1248
"WIOSENNA", 1244
"KLARYSEW", 1243
"PODLEŚNA", 1241
"Grenadierów", 1237
"Nowy Świat", 1237
"ICDS", 1237
"Codzienna", 1233
"RADIOWO-BOCZNICA", 1233
"Figowa", 1232
"Racjonalizacji", 1230
"PADEREWSKIEGO", 1230
"al. Jana Pawła II", 1229
"DOMINIKAŃSKA", 1226
"SIODLARSKA", 1223
"DĘBINA", 1223
"RUDNICKIEGO", 1221
"ESTRADY", 1219
"PARCELACYJNA", 1214
"PKP Włochy", 1212
"Batalionu Platerówek", 1208
"KAFLOWA", 1208
"WIOLINOWA", 1208
"KĄTNE", 1208
"SZPITAL GROCHOWSKI", 1202
"WILKOWIECKA", 1202
"Szwedzka", 1200
"Biblioteka Narodowa", 1200
"BITWY WARSZAWSKIEJ 1920", 1200
"BOHUNA", 1199
"Michalin", 1198
"Solec", 1196
"Wiślicka", 1195
"Perzyńskiego", 1194
"ŁOMIANKI-SZKOŁA", 1194
"Ryżowa", 1189
"Instytut Neurologii", 1185
"KRÓLOWEJ BONY", 1181
"PKP WAWER", 1178
"CEGŁÓW", 1178
"Sokratesa", 1177
"Redutowa", 1175
"Białowiejska", 1174
"Warszawa Wola Grzybowska", 1170
"Dwernickiego", 1169
"Stacja Krwiodawstwa", 1168
"WÓLKA WĘGLOWA", 1166
"Legia-Stadion", 1165
"Wiśniowa", 1162
"ZDZIARSKA", 1158
"Bukowińska", 1151
"WYSPIAŃSKIEGO", 1151
"ANDRUTOWA", 1150
"Kocjana", 1149
"SZAMOCIN", 1146
"PRZEPIÓRKI", 1146
"Podleśna-IMiGW", 1145
"NOWE DĘBE WIELKIE", 1145
"Instytut Lotnictwa", 1143
"OGRODY DZIAŁKOWE WILANÓWKA", 1142
"NIEDZIAŁKOWSKIEGO", 1141
"LOTNISKO CHOPINA-ODLOTY", 1141
"SCHROEGERA", 1140
"Cm. Włoski", 1138
"SZARADY", 1138
"PREFABET", 1138
"PIASKOWA", 1137
"Madalińskiego", 1134
"Zajęcza", 1129
"Miklaszewskiego", 1125
"Metro Wierzbno", 1124
"Żuromińska", 1124
"Piastów Śląskich", 1124
"Cmentarz", 1123
"WARSZAWA ZACISZE - WILNO", 1123
"Milenijna", 1122
"MAŁYCH DĘBÓW", 1122
"OS. KONSTANCJA", 1121
"Bliska", 1120
"KUSOCIŃSKIEGO", 1120
"BRZEZINY", 1118
"Park Skaryszewski", 1116
"Świder", 1116
"os. Leśne", 1115
"SĘKOCIN LAS", 1113
"Długosza", 1111
"Lalki", 1111
"Grenady", 1110
"BRONISZE", 1107
"WARTKA", 1105
"Przy Agorze", 1105
"NASIELSK", 1103
"KOŚCIUSZKI-SZKOŁA", 1099
"WARSZAWA ZOO", 1099
"LEBIODOWA", 1097
"BOHUSZEWICZÓWNY", 1096
"WIERZBOWA", 1095
"GROTY", 1094
"DUCHNÓW", 1093
"CENTRUM ZDROWIA DZIECKA", 1091
"Wałowicka", 1089
"LEGIONOWA", 1089
"gen. Zajączka", 1082
"Dzika", 1081
"SGGW-Klinika", 1081
"LAUROWA", 1081
"OS. LAS", 1080
"RZECZNA", 1077
"Poleczki", 1075
"Stefanika", 1074
"KAMERALNA", 1074
"BIAŁOBRZEGI", 1074
"Kostrzewskiego", 1073
"OS. OLSZYNY", 1073
"ks. Popiełuszki", 1072
"SOSNOWA", 1072
"HUTNICZA", 1068
"CZACHÓWEK PŁD.", 1068
"RYCHNOWSKA", 1066
"BRZEZIŃSKA", 1066
"SZYMANOWSKIEGO", 1062
"CIECHANÓW", 1060
"Malborska", 1055
"Gorzykowska", 1053
"IMUZ", 1053
"OGRODOWA", 1053
"Mokotowska", 1052
"CHEMICZNA", 1051
"PIMot", 1047
"PRZEKORNA", 1044
"OŚRODEK SZKOLENIOWY", 1043
"SZACHOWA", 1042
"Konwaliowa", 1040
"PARZNIEW", 1039
"AGATOWA", 1038
"BARCZĄCA", 1036
"KS Polonia", 1034
"Warszawa Wawer", 1033
"ZAGŁOBY", 1033
"Bogatki", 1031
"WILANOWSKA", 1031
"Człuchowska", 1028
"RADZYMIŃSKA", 1026
"Duracza", 1026
"GOŁKÓW-LETNISKO", 1026
"Noskowskiego", 1025
"SKIBIŃSKIEGO", 1024
"OGRODY DZIAŁKOWE CZERNIAKÓW", 1023
"PRZELOTOWA", 1021
"os. Arbuzowa", 1021
"JASIENICA MAZ.", 1020
"PARK MŁOCIŃSKI", 1019
"CZWARTAKÓW", 1019
"Białołęka-Ratusz", 1018
"INSTRUKTORSKA", 1018
"Piotra Skargi", 1017
"WAWER-RATUSZ", 1017
"SKIERNIEWICE", 1014
"DROBIARSKA", 1012
"PKP GOŁĄBKI", 1011
"Popiela", 1010
"KARTEZJUSZA", 1009
"TATARSKA", 1007
"Bielany-Ratusz", 1006
"PODGÓRNA", 1006
"SPADOWA", 1004
"SIERAKOWSKA", 1004
"Dunikowskiego", 1003
"Kochanowskiego", 1002
"Keniga", 999
"WYGODA", 999
"Areszt Śledczy Służewiec", 998
"Dzieci Warszawy", 997
"BŁOTA", 995
"BRONOWSKA", 995
"MIGDAŁOWA", 994
"LESZNOWOLA-POLE", 994
"URBANISTÓW", 990
"SREBRNYCH ŚWIERKÓW", 989
"Sójki", 988
"Warszawska", 987
"KSAWERÓW", 987
"os. Wilga", 984
"Zakrzewska", 984
"ZAWODOWA", 984
"Wilanów", 984
"Dalibora", 981
"Traugutta", 980
"CHUDOBY", 980
"Warszawa Radość", 977
"CZERUCHY", 977
"Aspekt", 975
"WARSZAWA URSUS NIEDŹWIADEK", 975
"Ciepłownia Wola", 974
"ŚNIADECKICH", 974
"MODRA", 973
"KADETÓW", 972
"Szaserów-Szpital", 969
"KAJETANY", 967
"Fabryczna", 964
"Antka Rozpylacza", 961
"PILCHA", 960
"Kościuszki", 959
"UMIASTOWSKA", 957
"Lazurowa", 956
"Grodzisk Maz. Jordanowice", 955
"GRODZISZCZE MAZ.", 955
"PARKOWA", 954
"Meissnera", 954
"Stare Bemowo", 953
"HETMAŃSKA", 952
"PRZYLEŚNA", 952
"GÓRA KALWARIA", 949
"Łabiszyńska", 948
"Smocza", 947
"DANISZEWSKA", 945
"Warszawa Gdańska", 943
"os. Potok", 942
"Okularowa", 942
"JULIANÓW", 942
"OS. MŁODYCH", 941
"KLAUDYN", 940
"KUŹNICY KOŁŁĄTAJOWSKIEJ", 938
"PL. KOŚCIUSZKI", 937
"ZAWODZIE", 936
"LELEWELA", 936
"IX Poprzeczna", 934
"Do Fortu", 934
"BAJECZNA", 934
"CMENTARZ 1920 R.", 927
"CENTRUM OLIMPIJSKIE", 927
"KUPIECKA", 926
"Kanał Żerański", 925
"pl. Politechniki", 924
"most Siekierkowski", 924
"Polinezyjska", 921
"Bartnicza", 921
"Warszawa Miedzeszyn", 920
"Powsinek", 920
"Leszno", 920
"BURAKÓW", 919
"MAŁEGO RYCERZA", 914
"Stryjeńskich", 913
"PŁUŻNICKA", 910
"MOCHTYŃSKA", 910
"GRUSZY", 909
"OKRĘŻNA", 909
"SMUGOWA", 908
"Okrągła", 907
"NUGAT", 907
"Duchnicka", 905
"WKD Raków", 905
"BACHA", 905
"Braci Wagów", 903
"KAMIŃSKIEGO", 902
"NARODOWA", 902
"SIARCZANA", 900
"Ośrodek Wojskowy", 899
"Fort Blizne", 899
"KRZYWICKIEGO", 899
"Rumiankowa", 898
"JAROSŁAWSKA", 898
"Karolkowa", 895
"gen. Maczka", 892
"Warszawa Międzylesie", 890
"ECHA LEŚNE", 889
"Meksykańska", 887
"Ursynów Zach.", 887
"Zachęta", 886
"Łukaszczyka", 885
"Tużycka", 885
"Truskawiecka", 884
"Łódź Fabryczna", 884
"BLIZNE JASIŃSKIEGO", 882
"OS. RUDA", 882
"MIRKOWSKA", 881
"PROZY", 881
"PASTUSZKÓW", 880
"GRABALÓWKI", 879
"Orlich Gniazd", 879
"Budowlana", 878
"WARSZAWA URSUS", 878
"REBUSOWA", 876
"HRABSKA DROGA", 875
"Iwiczna", 873
"PKP MILANÓWEK", 871
"Śniegockiej", 869
"MAGELLANA", 869
"FRACHTOWA", 869
"GOŁKÓW-WIEŚ", 868
"Energetyczna", 867
"PICASSA", 865
"Al. 3 Maja", 863
"LIPOWA", 862
"Julianowska", 860
"ZACISZE", 858
"Banacha", 857
"RONDO SOLIDARNOŚCI", 856
"Skarbka z Gór", 854
"Cm. Bródnowski", 854
"Przedpole", 853
"Raginisa", 851
"PKP LEGIONOWO-PRZYSTANEK", 850
"Klasyków", 849
"RAABEGO", 848
"Krasickiego", 844
"OS. MARYWILSKA", 844
"Raszyńska", 843
"Wojnicka", 842
"Kickiego", 842
"RUDA TALUBSKA", 839
"Szuberta", 838
"PKP BRWINÓW", 837
"Zaruskiego", 835
"Łukowska", 835
"Na Bateryjce", 834
"Bohaterewicza", 834
"MAŁE SIEKIERKI", 830
"KORBOŃSKIEGO", 830
"Odlewnicza", 829
"GRABÓW N. PILICĄ", 829
"PAŃSKA", 829
"Kwatery Głównej", 827
"Dzielna", 823
"ROKOSOWSKA", 823
"MAJDAN", 821
"Siemiatycka", 820
"KWIATOWA", 820
"PUCHAŁY", 820
"Esperanto", 820
"BUKOWIECKA", 817
"Józefów", 816
"Centrum Targowe", 815
"Teligi", 815
"Maszynowa", 814
"Staniewicka", 812
"RUTY", 811
"Klaudyny", 810
"rondo Żabczyńskiego", 810
"TURMONCKA", 809
"Przybyszewskiego", 807
"PODBIPIĘTY", 806
"OS. BUKOWY DWOREK", 806
"Dąbrówka Wiślana", 805
"Rejtana", 804
"Czerniakowska", 803
"Gwiaździsta", 801
"Młodzieńcza", 801
"POWSIN-PARK KULTURY", 801
"pl. Hallera", 801
"Golędzinów", 800
"UTRATA", 800
"PRUSZKÓW", 798
"POLMO", 798
"OŚRODEK LOK", 797
"Warszawa Centralna", 796
"Obrazkowa", 796
"GARWOLIN", 795
"Kosiarzy", 793
"KACZMARSKIEGO", 792
"Klub Lira", 791
"Francuska", 789
"DZIĘCIOŁA", 789
"Urząd Miasta", 788
"Grodzisk Maz. Piaskowa", 788
"Jórskiego", 788
"KINO BAŚŃ", 782
"POWSTAŃCÓW", 781
"Zajezdnia Żoliborz", 780
"KS Polonez", 778
"3 Maja", 778
"CHYNÓW", 777
"BORYSZEWSKA", 777
"NADARZYŃSKA", 771
"STATKOWSKIEGO", 771
"PKP MIEDZESZYN", 771
"OGRODY DZIAŁKOWE NA SKRAJU", 770
"Reduta Wolska", 769
"Konduktorska", 766
"RACZKIEWICZA", 762
"Wróbla", 761
"KATIUSZY", 761
"INSUREKCJI", 761
"DYREKCJA FSO", 760
"Wał Miedzeszyński", 758
"Kołowa", 758
"Warszawa Gocławek", 758
"WĘDKARSKA", 757
"OLECKA", 756
"KRĘŻEL", 756
"LESZCZYŃSKIEGO", 756
"17 Stycznia", 755
"ZBYSZKA Z BOGDAŃCA", 755
"KOZIELSKA", 752
"Bukowskiego", 751
"Tarnowiecka", 750
"Malinowskiego", 749
"Przasnyska", 749
"1. PRASKIEGO PUŁKU", 746
"Biblioteka Uniwersytecka", 746
"Legionowo", 743
"Spisaka", 743
"PKP Powiśle", 738
"PKP Koło", 736
"PORT NIEPORĘT", 732
"SYTA", 731
"MROZY", 731
"SOKOŁOWSKIEGO", 730
"LUBICZÓW", 730
"PILAWA", 726
"TOMASZEW", 725
"WENUS", 724
"Chłopickiego", 723
"Chłodna", 723
"Parafialna", 722
"OJCA ANICETA", 722
"Podskarbińska", 718
"Małej Łąki", 718
"OSTRÓDZKA-SZKOŁA", 717
"LINDLEYA", 716
"PL. PONIATOWSKIEGO", 714
"GŁOSKÓW-SZKOŁA", 714
"ISKRY", 714
"Górnośląska", 713
"Trawiasta", 712
"Zajezdnia Woronicza", 710
"Nowolipie", 708
"pl. Grzybowski", 708
"Pogodna", 707
"GÓRASZKA", 707
"Magistracka", 707
"Miłobędzka", 705
"ZAUŁEK", 705
"CIEPŁOWNIA KAWĘCZYN", 702
"Radarowa", 702
"Pelikanów", 701
"RKS Orzeł", 701
"WALEWSKA", 698
"PRAŻMOWSKA", 698
"SIELANKOWA", 697
"Żeromskiego", 696
"Drzeworytników", 693
"KOBIAŁKA", 693
"Na Skraju", 692
"KOPIJNIKÓW", 692
"Bielszowicka", 691
"OSMAŃCZYKA", 691
"Herbsta", 690
"CZERWIŃSKA", 690
"STADION", 690
"os. Górczewska", 689
"Siekierki-Sanktuarium", 689
"BIELAŃSKA", 689
"CHYLICZKOWSKA-TECHNIKUM", 688
"Widawska", 686
"Lamina", 685
"Młyn", 684
"WAŁUSZEWSKA", 684
"SALOMEA", 684
"TALAROWA", 678
"os. Derby III", 677
"OS. VICTORIA", 677
"Koźmińska", 677
"Sosnkowskiego", 675
"Samochodowa", 672
"os. Lewandów I", 671
"Ekspresowa", 670
"STEFANÓWKA", 669
"SZYMAŃSKIEGO", 669
"Wapowskiego", 668
"PODKOWIŃSKA", 668
"Krynoliny", 667
"ZAKRĘTOWA", 667
"CHABROWA", 666
"Trakt Lubelski", 665
"Ursus-Ratusz", 664
"Białobrzeska", 664
"ROZŁUCKA", 664
"Drzewieckiego", 663
"KOŃSKI JAR", 661
"Warneńska", 661
"Grodzisk", 661
"Hospicjum Onkologiczne", 660
"Grzybowa", 659
"CZEKANOWSKA", 658
"Odyńca", 658
"CEGLANA", 657
"Bazyliańska", 655
"OSIEDLE", 655
"ODKRYTA", 654
"Warszawa Anin", 653
"Niemcewicza", 653
"Płaskowickiej", 650
"POWOJOWA", 650
"Wojska Polskiego", 649
"GAZOWNIA", 649
"TAWUŁKOWA", 649
"POWSTAŃCÓW WARSZAWY", 649
"TURCZYNEK", 648
"Kompasowa", 645
"JOLIOT-CURIE", 645
"Łazienki Królewskie", 644
"Franciszkańska", 644
"Osmańska", 643
"pl. Teatralny", 643
"MORY", 642
"pl. Tysiąclecia", 640
"NOWE ZAŁUBICE", 640
"Orzechowa", 637
"Patkowskiego", 636
"Czorsztyńska", 636
"pl. Piłsudskiego", 636
"os. Derby", 635
"Podzamcze", 635
"Gocław", 634
"Dw. Wschodni (Kijowska)", 633
"KAMYKOWA", 627
"Nocznickiego", 627
"Techników", 626
"MATUSZEWSKA", 624
"KLEMBÓW", 624
"Lwowska", 624
"Witolin", 623
"STOCER", 623
"ZGODA", 622
"Mołdawska", 622
"LIPY", 622
"KMŁ", 622
"REMBERTÓW-RATUSZ", 622
"ZIELONKI", 621
"Wyścigi", 621
"Gajowa", 617
"Mycielskiego", 617
"SUCHY LAS", 617
"Bytnara", 617
"Tarchomin Kościelny", 616
"PKP Toruńska", 615
"Ursynów Płn.", 615
"WOJCIECHOWSKIEGO", 614
"Limanowskiego", 611
"PRZEJEZDNA", 611
"KOLEJOWA", 610
"TERESIN-NIEPOKALANÓW", 610
"SGGW-Biblioteka", 608
"Marmurowa", 607
"MAJERANKOWA", 607
"pl. Przymierza", 607
"MUZEALNA", 606
"Jeziorko Czerniakowskie", 606
"BANIOCHA", 605
"Metro Natolin", 604
"LESZYCKIEGO", 604
"LIPKÓW-MUZEUM", 603
"Karowa", 602
"CM. OFIAR WOJNY", 602
"FIELDORFA", 601
"PKP MOKRY ŁUG", 600
"1 Sierpnia", 599
"ŁAZY", 598
"Hallera", 597
"Składkowskiego", 595
"WIENIAWSKIEGO", 595
"Rozłogi", 594
"OSTRÓWEK WĘGROWSKI", 593
"IDZIKOWSKIEGO", 593
"KÓRNICKA", 591
"most Gdański", 589
"Metro Racławicka", 589
"SIEDLCE WSCHODNIE", 589
"Zaolziańska", 588
"PEDAGOGICZNA", 587
"most Świętokrzyski", 585
"ARENA LEGIONOWO", 583
"Cm. Prawosławny", 582
"Torfowa", 582
"Starodęby", 581
"MELCERA", 581
"Orzeszkowej", 580
"WRZOSOWA", 580
"Myszkowska", 578
"Śmigielska", 576
"JUHASÓW", 576
"SZPITAL ONKOLOGICZNY", 574
"KĘPA ZAWADOWSKA", 574
"Andersena", 571
"BUCHNIK", 571
"Agrykola", 570
"AKCENT", 570
"Kwitnąca", 570
"Łowcza", 570
"os. Iskra", 568
"Hassa", 567
"INSTALATORÓW-KAM", 567
"OŁÓWKOWA", 567
"MAJDAN-STACJA PALIW", 567
"Kapeli", 566
"Ostródzka", 566
"Działkowa", 566
"CHŁODNIA", 566
"ZEGRZYŃSKA", 566
"PRZY PARKU", 566
"FALENTY-OSIEDLE", 565
"Armatnia", 565
"Sezam", 563
"Jasna", 563
"DS Riviera", 561
"OŚRODEK AZS", 560
"CELESTYNÓW", 559
"KOŚCIELNA", 558
"HARNASIE", 557
"Dąbrowskiego", 556
"Rakowiecka-Sanktuarium", 556
"Warszawa Falenica", 556
"Inowłodzka", 556
"Witebska", 555
"Ateńska", 555
"LESZCZYDÓŁ", 555
"MAŃKOWSKA", 555
"OS. DUDZIARSKA", 554
"MODZELEWSKIEGO", 554
"Metro Imielin", 553
"Brazylijska", 553
"Komputerowa", 553
"NOWY PODOLSZYN", 553
"SKOLIMÓW", 553
"KS. SZULCZYKA", 551
"Tagore'a", 551
"Instytut Reumatologii", 550
"PODKOWY", 550
"Śnieżna", 549
"Zaściankowa", 549
"ZEGARYNKI", 549
"POCZTOWA", 549
"Dąbrówka Szlachecka", 548
"Warszawa Olszynka Grochowska", 548
"WYSZYŃSKIEGO", 548
"NADZIEI", 548
"MOZAIKOWA", 546
"Gruszczyńskiego", 544
"Łowicka", 543
"Sadyba", 543
"OS. PIASKI", 543
"Odrodzenia", 542
"PLUTONU TORPEDY", 542
"Osiedle Młodych", 541
"Mandarynki", 541
"Kościeliska", 539
"Wyszogrodzka", 538
"Grodzisk Maz. Okrężna", 538
"Sobocka", 536
"Brzózki", 536
"PIASTÓW", 536
"Nowoursynowska", 534
"Nałęczowska", 532
"ŻWIROWA", 531
"FORTOWA", 531
"Piechurów", 530
"STARY SĘKOCIN", 530
"Stare Świdry", 529
"OŚRODEK CORA", 528
"ROZCHODNIKOWA", 526
"STARA WIEŚ", 525
"Warchałowskiego", 525
"HUSARSKA", 525
"Stawy", 524
"Trocka", 523
"JAGIELLOŃSKA", 523
"PKP Żerań", 522
"LATCHORZEW", 522
"AUGUSTÓWKA", 521
"Zapustna", 521
"Sternicza", 521
"Maklakiewicza", 520
"PRZEŁĘCZY", 519
"SMOLNA", 517
"DROHICKA", 517
"Warszawa Rembertów", 516
"OTRĘBUSY", 516
"ZGRUPOWANIA AK \"KAMPINOS\"", 515
"CHOPINA", 514
"PROMYKA", 513
"Niedźwiedzia", 512
"OLSZEWNICA STARA", 512
"Polna", 511
"KORKOWA-CMENTARZ", 511
"MIRKÓW-SZKOŁA", 510
"al. Wielkopolski", 509
"Warszawa Choszczówka", 509
"KAMPINOS", 506
"Strumykowa", 505
"CYLICHOWSKA", 505
"GWARNA", 503
"STALOWA", 502
"SZPITAL POWIATOWY", 502
"MERA-PNEFAL", 502
"PRZYJAZNA", 501
"Warszawa Praga", 501
"Kajki", 500
"PKP Pruszków", 500
"BOBROWIEC", 499
"Lercha", 498
"Hala Sportowa Bemowo", 498
"Środkowa", 498
"Perkuna", 497
"Suwalska", 497
"KOLARSKA", 497
"KADETÓW-SZKOŁA", 496
"PORZECZKOWA", 496
"ZAJEZDNIA STALOWA", 496
"Potulicka", 495
"PKP HALINÓW", 494
"WCZASOWA", 493
"Kąty Grodziskie", 492
"SASINA", 492
"Chodakowska", 492
"ŻUBROWA-UKSW", 492
"Rolanda", 490
"PLANETOWA", 489
"Stegny", 488
"BATALIONU WŁOCHY", 487
"Kłobucka", 486
"BUCHALTERYJNA", 486
"Jurajska", 485
"MAŁKINIA", 485
"Park Bródnowski", 483
"OGRÓD BOTANICZNY", 483
"Belgradzka", 481
"Miła", 481
"Budexpo", 478
"Pustelnik", 477
"KOCJANA-SĄDY", 475
"Ogród Działkowy im. Warneńczyka", 474
"TYTUŁOWA", 473
"Markowska", 472
"PALUCH", 472
"Dąbrówka", 472
"Kakowskiego", 471
"MONTAŻOWA", 471
"Radiowa-WAT", 471
"Santocka", 470
"KOLONIA WARSZAWSKA", 469
"INSTYTUT EKOLOGII PAN", 468
"PODCZASZYŃSKIEGO", 467
"pl. Niemena", 466
"SADOWA-DOM OPIEKI", 466
"CH STARA PAPIERNIA", 466
"Fort Bema", 465
"KORDIANA", 465
"OSIEDLE MIRKÓW", 464
"KS. CZARTORYSKIEJ", 464
"TOMASZOWSKA", 463
"MRĄGOWSKA", 463
"KROKWI", 462
"HOSERÓW", 462
"PRZEDPEŁSKIEGO", 461
"Łososiowa", 461
"Potockich", 460
"Telewizja Polska", 460
"Henryków", 460
"Galla Anonima", 459
"CICHA", 458
"Gdecka", 458
"Rezedowa", 457
"KĄPIELOWA", 456
"CM. POŁUDNIOWY-BRAMA PŁD.", 456
"Klasztorna", 455
"Oś Królewska", 454
"HIPODROM", 453
"BENNETTA", 451
"STAROSTWO POWIATOWE", 450
"LANGIEWICZA", 450
"Kocjana-Bocznica", 449
"ZAWADY", 449
"GRANICZKA", 448
"Twardowska", 447
"OBROŃCÓW WARSZAWY", 447
"Łączyny", 444
"GĄSEK", 443
"Dębowa", 441
"Nizinna", 440
"Pięciolinii", 440
"Jaracza", 440
"GĄSOCIŃSKA", 440
"AGRICOOP", 437
"Graniczna", 436
"ROZJAZD OBORSKI", 436
"JASIELSKA", 436
"Narwik", 435
"LESZNOWOLA", 435
"Żupnicza", 434
"Karolin", 433
"Maszewska", 433
"11 Listopada", 433
"Mickiewicza", 433
"Siwińskiego", 432
"Polskie Radio", 432
"Lasek na Kole", 432
"Wodniaków", 431
"Lewinowska", 430
"Sanktuarium", 430
"Dobosza", 430
"Lanciego", 430
"ZALASEK", 429
"OS. PATIO", 429
"Płocka-Szpital", 428
"MOŚCISKA", 428
"WARZELNICZA", 427
"CHYLICZKI", 426
"Ogrody Działkowe Piaski", 426
"Madalińskiego-Szpital", 425
"Dojazdowa", 425
"Ogrody Działkowe Kawęczyn", 424
"Zajezdnia Redutowa", 424
"STRUSIA", 423
"Bursztynowa-Szpital", 423
"Sportowa", 422
"CZOŁGISTÓW", 420
"STRĄKOWA", 419
"WIELISZEW-PLAŻA", 419
"PKP Międzylesie", 418
"PARK SKARBKÓW", 418
"Pancerz", 417
"CZEREMCHOWA", 416
"HOTELOWA", 416
"Metro Stare Bielany", 416
"Opaczewska", 415
"Makolągwy", 415
"PALISADOWA", 415
"STRUGA", 414
"Mińska", 414
"SŁUPNO", 413
"Obozowa", 412
"GOŁASZEWSKA", 412
"Conrada-Szkoła", 411
"Ciołkosza", 411
"PRUSA", 411
"DZIELNICOWA", 410
"Pl. Bernardyński", 409
"Monte Cassino", 409
"ZALESIE DOLNE", 409
"Kobiałka-Szkoła", 407
"KOLUMBA", 407
"DANKOWICKA", 405
"STOKROTKI", 404
"Wirażowa", 404
"TUZINOWA", 402
"Łukowa", 400
"Obrońców Tobruku", 400
"Walecznych", 400
"ROGATKOWA", 399
"Zieleniecka", 399
"Samarytanka", 398
"Świderska", 398
"WIŚNIOWA GÓRA", 398
"Sympatyczna", 398
"Jawczyce", 396
"Olszowa", 396
"PASZKÓW", 396
"OGRODY DZIAŁKOWE BUDOWLANI II", 396
"Sypniewska", 395
"WÓLKA KOSOWSKA", 395
"CELULOZY", 394
"BADYLARSKA", 392
"Janki Małe", 391
"REKRUCKA", 391
"os. Jantar", 390
"Grzymalitów", 390
"ŁUKÓW", 390
"TERESPOLSKA", 390
"Tkaczy", 389
"Zaplecze", 389
"ZŁOTEJ JESIENI", 389
"Cm. Północny-Brama Gł.", 389
"WIDOKOWA", 388
"ŁOCHÓW", 388
"PKP Gocławek", 388
"OSTROŁĘKA", 387
"Henryka Brodatego", 386
"KROKUSÓW", 386
"BARCHÓW", 386
"FLAMENCO", 385
"KLIMATYCZNA", 384
"Wybrzeże Helskie", 384
"Tor Kolarski", 383
"Megasam", 383
"ks. Sitnika", 383
"Dzierzgońska", 382
"Wieruchowska", 380
"MARIEW", 380
"Księżnej Anny", 380
"CEMENTOWNIA", 379
"Pomologiczna", 378
"Peonii", 378
"Trzykrotki", 378
"Mysiadło", 378
"Bartłomieja", 377
"Maczka", 377
"Chodecka", 376
"KORCZAKA", 375
"JEZIORKI PŁN.", 374
"Pałacowa", 374
"Urząd Gminy", 373
"Pomiechowska", 372
"Zwycięzców", 372
"KOSYNIERÓW", 370
"BRZOZOWA", 370
"Inflancka", 370
"Tango", 370
"Taborowa", 369
"Księżycowa", 369
"TROMBITY", 369
"Szarych Szeregów", 367
"PARTYZANTÓW", 366
"WSPÓŁCZESNA", 365
"Adampolska", 365
"Rodła", 364
"Rudzka", 361
"SŁOMCZYN-SZKOŁA", 361
"WOLICA", 360
"NAPOLEONA BONAPARTE", 360
"FARBIARSKA", 359
"KALORYCZNA", 359
"Piasta Kołodzieja", 358
"GWARKÓW", 358
"SKOROCHÓD-MAJEWSKIEGO", 358
"os. Derby VI", 357
"KOLONIA LESZNOWOLA", 357
"ZIELONEJ GĘSI", 356
"al. Wojska Polskiego", 355
"Lucerny", 355
"Pirenejska", 355
"BORZĘCIN DUŻY", 355
"Teatr Komedia", 353
"Ursynów Płd.", 353
"Nowy Sękocin", 353
"Nalewki-Muzeum", 353
"MEBLOWA", 353
"Wołomińska", 352
"WIELKIEGO DĘBU", 352
"Płużańska", 351
"Juranda ze Spychowa-szkoła", 351
"PKP Rembertów", 351
"most Grota-Roweckiego", 351
"DAWIDY", 350
"OS. NAFTA", 350
"PKP Falenica", 350
"Pelcowizna", 348
"Metro Wawrzyszew", 348
"DOM ARTYSTÓW", 348
"os. Domaniewska", 348
"Aluzyjna", 347
"Chomiczówka", 347
"Ogrody Działkowe Paluch", 347
"Metro Stokłosy", 346
"ROMANTYCZNA", 346
"GŁÓWNA", 346
"Jadwisin", 345
"SOSNOWE", 345
"Strzygłowska", 345
"Wiertnicza", 345
"Sanguszki", 344
"JONTKA", 343
"MOKRA WIEŚ", 343
"Władysława Hermana", 341
"ŁADY-SZKOŁA", 341
"Szafarzy", 339
"Szyszkowa", 339
"WASILKOWSKA", 339
"OS. NIEPODLEGŁOŚCI", 337
"Posag 7 Panien", 337
"Pułaskiego", 336
"RUSIEC", 336
"MŁOCHÓW", 336
"FABRYKA POMP", 336
"Krzyżanowskiego", 336
"KOTUŃ", 336
"Rubinowa", 335
"NAUCZYCIELSKA", 335
"Spalinowa", 334
"Hala Znicz", 334
"Radiowo", 333
"PROJEKTOWANA", 333
"LUSIŃSKA", 333
"Łomianki-Centrum", 332
"URLE", 331
"Kanał Gocławski", 330
"REMBELSZCZYZNA", 330
"PKP NIEPORĘT", 329
"Chmielna", 329
"Karczunkowska", 327
"Sulejówek", 326
"Orzycka", 326
"GRUNTOWA", 326
"Wierna", 325
"Suzina", 325
"Urocza", 325
"Kryniczna", 324
"ZYNDRAMA Z MASZKOWIC", 324
"Ursus-Sanktuarium", 323
"Naczelnikowska", 322
"DZIKIEJ RÓŻY", 322
"Jagielska", 320
"RYBIE", 320
"VOGLA-MORYSIN", 320
"Bellottiego", 320
"Objazdowa", 319
"PKP DAWIDY", 319
"VIVALDIEGO", 319
"Odrębna", 318
"Żołnierska", 317
"KRÓTKA", 317
"INSTALATORÓW-KIS", 317
"Geodezyjna", 316
"Wesoła-Ratusz", 316
"Koncertowa", 316
"ANUSINEK", 316
"Nowaka-Jeziorańskiego", 315
"WYBRZEŻE SZCZECIŃSKIE", 315
"Parowcowa", 315
"Śreniawitów", 314
"Bohomolca", 313
"RUCZAJ", 313
"RAFII", 312
"PSZENICZNA", 312
"Kombajnistów", 311
"MŁOCIŃSKA", 311
"Siedmiogrodzka", 310
"Zaruby", 310
"PUSZKINA", 309
"BODYCHA", 309
"GEN. KUTRZEBY", 308
"Tłuchowska", 307
"Prystora", 307
"Warszawa Płudy", 307
"ŁOMNA WSCHÓD", 306
"KAMPINOSKA", 306
"Pożarowa", 305
"TADŻYCKA", 305
"KOŁOBRZESKA", 305
"TEKLIN-SZPITAL", 305
"TARNINY", 305
"ZAMIENIE", 305
"Winnica", 305
"Ogórkowa", 304
"Łysakowska", 304
"Przebieg", 304
"KOSZAŁKA OPAŁKA", 304
"Kazimierówka", 304
"Siennicka", 303
"ŁOWICZ GŁÓWNY", 303
"ZIELONKA BANKOWA", 303
"WARKA", 302
"Poetów", 302
"GEN. ROI", 301
"IŁOWO", 301
"ŁYCZYŃSKA", 301
"Sochaczewska", 301
"Karczocha", 300
"Zamenhofa", 300
"Poloneza", 300
"Ceramiczna", 299
"PKP Okęcie", 299
"Waflowa", 298
"ARCELIN", 298
"WĄSKA", 298
"Bystra", 297
"Instytut Hematologii", 297
"PKP Anin", 297
"BRUSZEWSKA", 297
"Tułowicka", 296
"TUROWICE", 296
"Łokietka", 295
"SABINKA", 295
"Dostawcza", 292
"CZERWONA DROGA", 292
"Buków", 291
"Wielowiejska", 291
"ŁADY", 291
"ZDZIARSKA-KANAŁ", 291
"STARZYŃSKIEGO", 291
"Norwida", 290
"HIPOLITOWSKA", 290
"Wersalska", 288
"Metro Stadion Narodowy", 287
"Parcelacyjna", 287
"Kopcińskiego", 287
"Arbuzowa", 287
"PAROWOZOWA", 286
"CM. PÓŁNOCNY-BRAMA PŁN.", 286
"Kanał Nowe Ujście", 286
"Instytut Kardiologii", 285
"Lektykarska", 285
"THOMME", 285
"Grabina", 283
"PKP Ursus Płn.", 283
"Batalionów Chłopskich", 282
"FALENTY NOWE", 282
"ZALEŚNA", 282
"ODOLANY", 281
"Jarzębinowa", 280
"ZGORZAŁA", 280
"KOLONIA POD LASEM", 279
"Radiostacja Łazy", 278
"Dąbrowszczaków", 278
"Drogowa", 277
"os. Zielony Staw", 277
"SAMORZĄDOWA", 277
"MOCHTYŃSKA-KANAŁ", 277
"NIEŚWIESKA", 277
"Rybałtów", 277
"Wałbrzyska-Cmentarz", 276
"GAWRONIA", 276
"WDW RYNIA", 276
"STANISŁAWÓW", 276
"TURÓW", 276
"Terminal Cargo", 276
"Kanał Bródnowski", 275
"Małcużyńskiego", 274
"Malinowa", 274
"Borowa", 273
"ZABŁUDOWSKA", 273
"SKIERNIEWICE RAWKA", 273
"DĘBLIN", 273
"CM. PÓŁNOCNY-BRAMA ZACH.", 273
"Groszówka", 272
"ZAGÓRZAŃSKA", 272
"KAŁĘCZYN", 272
"Pożaryskiego", 271
"DZIEKANÓW POLSKI WSCHÓD", 271
"Kiepury", 271
"Ćwiklińskiej", 271
"Nowodworska", 270
"Kolejka Piaseczyńska", 270
"DROHOBYCKA", 270
"Walerego Sławka", 270
"WODOCIĄG PŁN.", 269
"Długa", 269
"KOCZARGI STARE", 269
"Prasowa", 269
"OSTROROGA", 268
"MODLIŃSKA", 268
"EKOLOGICZNA", 268
"Pomorska", 267
"Sagalli", 267
"ROLNA", 267
"GRYFITÓW", 267
"POLNYCH KWIATÓW", 266
"DOBKA Z OLEŚNICY", 265
"al. Bohaterów Września", 263
"Urząd Statystyczny", 263
"SZELIGOWSKA-WIADUKT", 262
"Armii Krajowej", 262
"WILCZA GÓRA", 262
"KS. MALINOWSKIEGO", 262
"Ruskowy Bród", 262
"pl. Powstańców Warszawy", 261
"Komety", 261
"Wąwozowa", 261
"Zerzeń", 260
"PKP PRAGA", 260
"Sienna", 260
"PIEŃKÓW-WIEŚ", 259
"OGRODNICZA", 259
"Jarząbka", 259
"os. Przylesie", 259
"KWITNĄCEJ AKACJI", 259
"Fort Wawrzyszew", 259
"Warszawa Żerań", 257
"SAMSONOWSKA", 257
"CZACHÓWEK WSCH.", 257
"ŚWIECKA", 257
"Działyńczyków", 256
"Cukrownicza", 256
"KS. BOGUCKIEGO", 255
"PKP LEGIONOWO PIASKI", 255
"Przeworska", 254
"Brata Alberta", 254
"Dziewanowska", 254
"GRÓDEK", 254
"Wrzeciono", 253
"GOŁOTCZYZNA", 253
"Lokajskiego", 252
"Anny Jagiellonki", 252
"Dw. Gdański (Rydygiera)", 251
"Odeska", 251
"Porajów", 250
"Oczapowskiego", 250
"Świętojerska", 250
"Park Zdrojowy", 249
"Wilkowiecka", 249
"Ursus-Niedźwiadek", 249
"MAZURSKA", 249
"Astronautów", 249
"Bysławska", 248
"Rynek", 248
"PKP Olszynka Grochowska", 248
"Las Bielański", 248
"JASTRZĘBIEC", 248
"Kadetów-Kościół", 248
"Wojsławicka", 247
"Marymont-Potok", 247
"Kasztanowa", 246
"TANECZNA", 246
"ŚW. A. BOBOLI", 246
"Czarnieckiego", 246
"PKP Radość", 245
"os. Bernardyńska", 245
"Internetowa", 245
"HUBALA-DOBRZAŃSKIEGO", 245
"Os. Staszica/Pętla", 244
"Starostwo", 244
"Pustola", 244
"TYMOTKI", 244
"JACHOWICZA", 244
"os. Wyżyny", 244
"SIERAKÓW", 243
"ZBÓJNA GÓRA", 243
"al. Piłsudskiego", 242
"Tabita", 242
"Namysłowska", 242
"Strzelecka", 242
"Marcelin", 241
"ORLĄT LWOWSKICH", 241
"Siedliskowa", 239
"REYMONTA", 239
"ZEGRZYŃSKA-IMGW", 239
"PLANTY", 238
"PKP Zacisze-Wilno", 237
"Korsaka", 237
"pl. Sportowy", 237
"OD LASU", 237
"WIERZCHOWSKIEGO", 237
"Księcia Bolesława", 236
"RATAJA", 236
"Gerbera", 236
"Metro Ursynów", 236
"WIECHY", 236
"DOBIESZYN", 235
"IZBICKA-CMENTARZ", 235
"SPÓŁDZIELNIA", 235
"SOŁECKA", 233
"Spiska", 232
"KORALOWYCH DĘBÓW", 232
"Rybna", 231
"Gontarska", 231
"Sadkowska", 230
"ZABRANIECKA-MAGAZYNY", 230
"MOŚCICKIEGO", 230
"GŁOSKÓW-ZIELONE", 230
"OSIEDLOWA", 230
"Rogowska", 229
"Szpitalna", 229
"RZAKTA", 229
"GÓRKI", 229
"Anny German", 229
"Szaserów", 228
"Lelewela", 228
"RADIÓWEK", 228
"Klimontowska", 227
"BORZĘCIN DUŻY-WIEŚ", 227
"OLCHY", 227
"LUTOSŁAWSKIEGO", 227
"Staszica", 226
"Mańki-Wojdy", 226
"Chodkiewicza", 226
"FALENTY DUŻE", 226
"Tylżycka", 225
"Prefabet", 225
"Długorzeczna", 225
"MILANÓWEK", 225
"1 Praskiego Pułku", 224
"Nowiny", 224
"Jesionowa", 224
"WIESIOŁKA", 224
"POCISK", 224
"Noakowskiego", 223
"BOLESŁAWA KRZYWOUSTEGO", 223
"WYPOCZYNKOWA", 223
"SKALNICOWA", 223
"OS. GRAPA", 222
"Cyklamenów", 222
"PARK MIEJSKI", 222
"Wiolinowa", 221
"Konopacka", 221
"Podolska", 221
"Jerzego", 220
"ZASADOWA", 219
"STOK LACKI", 219
"Michałów-Reginów", 218
"Zwoleńska", 218
"OCHOCZA", 218
"CHYLICE", 217
"ŚWIERCZE", 217
"Cmentarz 1920 r.", 216
"MŁAWA", 216
"Wolności", 215
"ZAJEZDNIA URSUS PŁN.", 215
"rondo Granzowa", 215
"Magiera", 215
"Rydygiera", 214
"Mielczarskiego", 214
"HORTENSJI", 214
"Szolc-Rogozińskiego", 214
"BATALIONU MIOTŁA", 214
"Pratulińska", 213
"MAGDALENKA", 213
"ZSO", 212
"Zalesinek", 212
"PIJARSKA", 212
"MIENIA", 212
"Centrum Mody", 211
"ORĘŻNA", 211
"al. \"Solidarności\"", 211
"CH WÓLKA KOSOWSKA", 211
"Europejska", 210
"Boleść", 210
"Korbońskiego", 209
"Estrady", 209
"CIECISZEW", 209
"ZBARASKA", 209
"ŻABIENIEC", 209
"Instruktorska", 209
"KAPUTY", 208
"ROSY", 208
"KRUSZE", 208
"KACZEŃCÓW", 207
"Grabalówki", 207
"Pałac", 207
"Klamrowa", 206
"ZAKŁADY ZBOŻOWE", 206
"Barei", 205
"JANIN", 205
"Marysin", 204
"Berensona", 204
"SZYSZAKÓW", 203
"SIEDLCE ZACH.", 203
"Sosnowa", 203
"pl. Małachowskiego", 202
"Kamińskiego", 202
"Czekoladowa", 201
"Żywiecka", 201
"PKP ZALESIE GÓRNE", 201
"Mariensztat", 200
"Bobrowiecka", 200
"PÓLKO", 200
"Braci Zawadzkich", 199
"Instytut Energetyki", 199
"BYDGOSKA", 198
"WÓLKA MLĄDZKA", 198
"KONDRACKA", 198
"Ogrody Działkowe Wilanówka", 198
"UMIASTÓW", 197
"Komorowska-Hotel", 197
"Ćmielowska", 197
"Agatowa", 196
"Motylkowa", 196
"Bohuszewiczówny", 196
"Rychnowska", 196
"LEŚNIAKOWIZNA II", 196
"Oknicka", 195
"Orla", 195
"KIEŁPIN-CMENTARZ", 195
"WARYŃSKIEGO", 195
"Janki", 194
"Leśnej Polanki", 194
"MOKRY ŁUG-LEŚNICZÓWKA", 194
"Powązki-IV Brama", 194
"SERWITUCKA", 194
"Polesie", 194
"Czerwonych Beretów", 193
"Wiązana", 193
"Chęcińska", 193
"Sołtyka", 193
"Cytadela", 193
"Solidna", 192
"Brylowska", 191
"KOCZARGI NOWE", 191
"WIERZBIN", 191
"Wenecka", 190
"Siemieńskiego", 190
"Hanki Ordonówny", 189
"Puchały", 189
"Kowieńska", 188
"GŁOSKÓW-LETNISKO", 188
"ŻYZNA", 188
"CHROSNA", 188
"ALEJA BZÓW", 188
"ŁASAKA", 188
"Niepodległości", 187
"LESZCZYNKA", 187
"Borków", 186
"Lotnisko Chopina-Odloty", 186
"Modzelewskiego", 186
"Czatów", 186
"Siekierkowska", 186
"RONDO CUDU NAD WISŁĄ", 186
"WOŁODYJOWSKIEGO", 186
"Rosochata", 185
"Okrzei", 185
"PALMIRY", 185
"Słowackiego", 185
"BOLESŁAWA ŚMIAŁEGO", 185
"Piastowska", 184
"MŁYN MICHLA", 184
"Małych Dębów", 183
"RYNIA", 183
"PIOTRKÓWEK MAŁY", 183
"BALETOWA", 183
"Pancera", 183
"Piasta", 183
"Gościeradowska", 182
"PKP Wawer", 182
"Kusocińskiego", 182
"Edisona", 182
"pl. Ostrej Bramy", 182
"Grzegorzewskiej", 182
"Bohuna", 182
"Szpital Grochowski", 181
"Dominikańska", 181
"AKACJOWA", 181
"ZAGÓRZE-SANATORIUM", 181
"Marywilska-Las", 180
"Rudnickiego", 179
"Radiowo-Bocznica", 179
"Fletniowa", 179
"Magnolii", 179
"Hutnicza", 179
"Bełzy", 179
"Kosaćcowa", 179
"PŁOCK RADZIWIE", 179
"Żonkilowa", 178
"szosa lubelska", 178
"Głowackiego", 178
"NOWY ZJAZD", 178
"PODOLSZYN", 178
"Armii \"Poznań\"", 178
"Metro Kabaty", 178
"Brzezińska", 177
"ERAZMA Z ZAKROCZYMIA", 177
"DZIAŁDOWO", 176
"OLSZYNA ŁYCZYŃSKA", 176
"CZARNÓWKA", 176
"Natolin Płn.", 176
"RADOŚĆ-WODOCIĄG", 176
"EC ŻERAŃ", 176
"os. Lewandów II", 175
"PONIATOWSKIEGO", 175
"LAWINOWA", 174
"ŻYRARDOWSKA", 174
"Krańcowa", 174
"Danusi", 173
"Kartezjusza", 173
"WÓLCZYŃSKA-BOCZNICA", 173
"MROKÓW", 173
"AMBARAS", 173
"Cm. Północny-Brama Płd.", 172
"PKP Piaseczno", 172
"Wyczółki", 172
"PRZEMYSŁAWA II", 172
"SZEWNICA", 172
"MOSTOWA", 172
"Nowe Włochy", 172
"BORYNY", 172
"IZABELIŃSKA", 171
"P+R Al. Krakowska", 170
"DZIEKANÓW NOWY ZACHÓD", 170
"Eskulapów", 170
"MACIERZANKI", 169
"Willowa", 168
"Trakt Lubelski-Las", 168
"Jara", 168
"TOPOLOWA", 168
"STĘŻYCKA", 168
"URZUT", 168
"KWIRYNÓW", 167
"Migdałowa", 166
"Rybnicka", 166
"PRZEBUDZENIA WIOSNY", 166
"DRACENY", 166
"Szymanowskiego", 165
"SKOLIMÓW PÓŁNOCNY", 165
"rondo Solidarności", 165
"Intalatorów-KAM", 165
"BLIZNE ŁASZCZYŃSKIEGO", 165
"Pielęgniarek", 164
"Warszawa Toruńska", 164
"os. Olszyny", 163
"Wólka Węglowa", 163
"SPIRALNA", 163
"BIAŁOŁĘKA-KANAŁ", 163
"Ksawerów", 162
"NOWA WIEŚ", 162
"Katowicka", 162
"ZORZY", 162
"Mochtyńska", 161
"ANTONIEWSKA", 161
"MAJOWA", 161
"Tołstoja", 160
"Pomnik Sapera", 160
"KUTNO", 160
"Rzeczna", 160
"ŻYMIRSKIEGO-PRZYCHODNIA", 160
"DREWNICKA", 159
"Lesznowola-Pole", 159
"Głogi", 159
"JESIONKA", 159
"OSP ZŁOTOKŁOS", 159
"WOLICA K. PŁOCHOCINA", 159
"GLINIANKA", 159
"Przelotowa", 159
"ORCHOWIECKA", 159
"Falenica", 159
"Chemiczna", 159
"Juranda ze Spychowa", 158
"Listonoszy", 158
"MICHALINKI", 158
"BANDURSKIEGO", 158
"DĘBÓWKA", 158
"DZIEKANÓW POLSKI ZACHÓD", 158
"Sikorskiego", 158
"Leśna", 158
"ŚWIDRY MAŁE", 158
"NOWE WĄGRODNO", 158
"Lipowa", 157
"CIEĆWIERZA", 157
"USC", 157
"KĘSZYCE", 156
"Wronia", 156
"os. Konstancja", 155
"CZARNÓW", 155
"RADOM PŁD.", 154
"Krzywickiego", 154
"os. Orlik", 154
"ŁOMNA-LAS", 154
"ŁOMNA-CMENTARZ", 154
"ŁUCZNICZA", 154
"Góraszka", 153
"Tatarska", 153
"Raabego", 152
"Matuszewska", 152
"Szarady", 152
"PUSZCZYKA", 152
"pl. Szwedzki", 152
"NOWA", 152
"STAROWIEJSKA", 152
"Gołków-Letnisko", 152
"Nugat", 152
"Przepiórki", 151
"Królowej Bony", 151
"Jeziorowa", 151
"STUDZIANKI NOWE", 151
"ZABORÓW-SZKOŁA", 151
"NIEPORĘT", 151
"ATRAKCYJNA", 151
"Gocławek Wschodni", 151
"Legionowa", 150
"Małego Rycerza", 150
"ARKADYJSKA", 150
"ZASOBNA", 150
"Barszczewska", 150
"Kuźnicy Kołłątajowskiej", 150
"WARSZAWA WŁOCHY", 150
"LIMBY", 150
"ŁOWICZ GŁ.", 150
"Szamocin", 150
"Frachtowa", 149
"Dzięcioła", 149
"KOTLINY", 149
"GOŚNIEWICE", 149
"Andrutowa", 149
"Oraczy", 148
"Kaflowa", 148
"Sierakowskiego", 148
"BACZYŃSKIEGO", 148
"ZAŁUBICE-SZKOŁA", 148
"Sienkiewicza", 148
"Insurekcji", 147
"Laurowa", 147
"DZIEKANÓW POLSKI CENTRUM", 147
"WIEKOWEJ SOSNY", 147
"STOLBUD", 147
"Podleśna", 146
"Echa Leśne", 146
"Centrum Zdrowia Dziecka", 146
"Schroegera", 146
"KRUSZYNA", 146
"KRAŚNICKA", 146
"POŚREDNIA", 146
"KS. SŁOJEWSKIEGO", 146
"FELIŃSKIEGO", 146
"Kadetów", 146
"KSIĄŻĄT MAZOWIECKICH", 146
"Modra", 145
"Stefana Batorego", 145
"SPICHRZOWA", 145
"Magellana", 144
"Radzymińska", 144
"Stary Sękocin", 144
"Urbanistów", 144
"GASSY-PĘTLA", 144
"Spółdzielnia Noma", 143
"STUDZIENNA", 142
"KAMELIOWA", 142
"Picassa", 141
"Daniszewska", 141
"LEŚNIAKOWIZNA", 141
"KULESZÓWKA", 141
"Czerwińska", 140
"ŚWIDRY WIELKIE", 140
"BRONISŁAWA CZECHA-LAS", 140
"PRZYDROŻNA", 140
"Podbiałowa", 140
"ks. Skorupki", 139
"ŁYCZYN", 139
"Szachowa", 139
"LEOKADIA", 139
"MARKOWSKIEGO", 139
"Bukowiecka", 138
"Wartka", 138
"Kierbedzia", 138
"WÓLCZYŃSKA", 138
"BUŁAWY", 138
"DZIEWULE", 138
"Ośrodek Szkoleniowy", 138
"KAWĘCZYN II", 138
"Poczty Gdańskiej", 138
"Wędkarska", 137
"Spartańska", 137
"FORT RADIOWO", 137
"CZAJKOWSKIEGO", 136
"KORDECKIEGO", 136
"GLEBOWA", 136
"Wiosenna", 136
"LITEWSKA", 136
"NOWE SŁUPNO", 136
"ŁOZISKA", 135
"ROKOKOWA", 135
"TRENÓW-LAS", 135
"Bronisze", 135
"Rycerska", 134
"Siodlarska", 134
"SĘCZKOWA", 134
"JESÓWKA", 134
"Tomaszew", 134
"Centrum Olimpijskie", 132
"WYGLĘDY", 132
"Południowa", 132
"AL. SYBIRAKÓW", 132
"GERBERA", 132
"KĘDZIERÓWKA", 132
"os. Victoria", 131
"Wieniawskiego", 131
"Leszczyńskiego", 131
"ROBOTNICZA", 131
"DWORCOWA", 131
"GOŁĘBIA", 131
"POGROSZEW", 131
"MONIUSZKI", 131
"Parzniew", 130
"STRAŻACKA", 130
"Niedziałkowskiego", 130
"POD KAJETANY", 130
"Łomianki-Szkoła", 130
"MARSA-LAS", 130
"Ogrody Działkowe Czerniaków", 129
"ZAUŁEK-SZKOŁA", 129
"NADWIŚLAŃSKA", 129
"PŁOCK", 129
"Wierzbowa", 128
"Sękocin Las", 128
"Iskry", 128
"Smugowa", 128
"SZLACHECKA", 128
"SIERPC", 128
"WYSZKÓW", 128
"JABŁONIOWA", 128
"BRZÓZEK", 127
"GOK", 127
"WYSZKOWSKA", 127
"Paderewskiego", 127
"PIEŃKÓW-SKLEP", 127
"Srebrnych Świerków", 126
"Syta", 126
"Duchnów", 126
"URZĄD SKARBOWY", 126
"UTRATA-URZĄD CELNY", 126
"Hetmańska", 126
"NADZORCÓWKA", 126
"Spadowa", 125
"Sierakowska", 125
"ZIELONKI-WIEŚ", 125
"Kobiałka", 125
"ANANASOWA", 125
"Wygoda", 124
"Katiuszy", 124
"Blizne Jasińskiego", 124
"DROGOWCÓW", 124
"BORZĘCIN DUŻY-SZKOŁA", 124
"ARONIOWA", 124
"Drobiarska", 123
"Park Młociński", 123
"SZEROKA", 123
"BATOREGO", 123
"Powstańców Warszawy", 122
"Mirkowska", 122
"LESZNO-GS", 122
"ŁAŹNIEWSKA", 122
"Boryszewska", 121
"PKP Płudy", 121
"ZABRANIECKA-BOCZNICA", 121
"Ciepłownia Kawęczyn", 120
"Ogrodowa", 120
"Zaułek", 120
"SZAMOTY", 120
"Buraków", 119
"Pedagogiczna", 119
"KOLONIA HELENÓW", 119
"BORYSZEW", 119
"RADZIWIŁŁÓW MAZ.", 119
"Zawodzie", 119
"PROTAZEGO", 119
"Lebiodowa", 119
"Pańska", 119
"Zielonki", 118
"os. Las", 118
"Czwartaków", 118
"os. Marywilska", 118
"CH BŁĘKITNE", 118
"Zawodowa", 118
"ŁUBNA", 118
"Ruty", 117
"KOSSAKA", 117
"WINOGRONOWA", 117
"GIERDZIEJEWSKIEGO", 116
"Regulska", 116
"Zgoda", 116
"Sielankowa", 115
"Wilanowska", 115
"SKARŻYSKO KAMIENNA", 115
"Wyspiańskiego", 115
"Parkowa", 115
"os. Ruda", 115
"WOLA MROKOWSKA", 115
"KĘPA OKRZEWSKA-CMENTARZ", 114
"Kozielska", 114
"Pilcha", 114
"Wólka Kosowska", 114
"INSTALATORÓW", 114
"Podbipięty", 113
"Buchnik", 113
"POZIOMKOWA", 113
"JACKOWO DWORSKIE", 113
"KAZIMIERZA ODNOWICIELA", 113
"MŁODZIEŻOWA", 113
"ŁOMNA ZACHÓD", 113
"Wasilkowska", 112
"Chabrowa", 112
"Chudoby", 112
"PKP Brwinów", 112
"MICHAŁÓW REGINÓW", 112
"pl. Poniatowskiego", 111
"BARTOSZYCKA", 111
"KONIK NOWY", 111
"OŚRODEK ZDROWIA", 111
"Przyleśna", 110
"NOWOTYSKA", 110
"DĄBKOWIZNA", 110
"PROSTYŃ", 110
"Siarczana", 109
"Klarysew", 109
"ZABORÓWEK-WIEŚ", 109
"Stadion", 109
"ROLNICZA", 109
"WETERANÓW", 109
"Wawer-Ratusz", 108
"KOSODRZEWINY", 108
"Okrężna", 108
"BIELAWA-OSP", 108
"ELSNERÓW", 108
"Zbyszka z Bogdańca", 107
"Lindleya", 107
"DOM RENCISTY PAN", 107
"Kino Baśń", 107
"CZOSNÓW", 107
"Żubrowa-UKSW", 106
"Kameralna", 106
"KOCISZEWSKICH", 106
"KU SŁOŃCU", 106
"Nowy Podolszyn", 106
"Idzikowskiego", 105
"Rebusowa", 105
"Kościelna", 105
"OPŁOTEK", 105
"Gołków-Wieś", 104
"SKŁODOWSKIEJ-CURIE", 104
"Klaudyn", 104
"Umiastowska", 104
"Płużnicka", 104
"Zagłoby", 103
"Zielona", 103
"Narodowa", 103
"CHOTOMOWSKA", 103
"SIWEK", 103
"Sarmacka", 103
"Chyliczkowska-Technikum", 103
"Kajetany", 103
"Turczynek", 103
"KWIATÓW POLNYCH", 103
"PKP Miedzeszyn", 102
"Zdziarska", 102
"Lubiczów", 102
"Bacha", 102
"KABATY-STP", 102
"PĘCLIŃSKA", 102
"Salomea", 101
"Koński Jar", 101
"LATOSZKI", 101
"Znana", 100
"Podgórna", 100
"Ośrodek LOK", 100
"STOCZNIOWCÓW", 100
"Zacisze", 100
"PÓŁNOCNA", 100
"Hrabska Droga", 99
"Prozy", 99
"KIEŁPIN", 99
"KISIELEWSKIEGO", 99
"KILIŃSKIEGO", 99
"KAWĘCZYNEK I", 99
"Piaskowa", 99
"Bajeczna", 98
"PKP WOŁOMIN SŁONECZNA", 98
"Muzealna", 98
"WOJCIESZYN", 98
"ŚWIDER-KOŚCIÓŁ", 98
"Szpital Onkologiczny", 97
"Stara Miłosna", 97
"Stefanówka", 97
"Rokosowska", 97
"WIERUCHÓW", 97
"BOROWINA I", 97
"MILENIUM", 97
"CALOWA", 97
"OKUNIN", 97
"KOSTOWIEC", 97
"Przekorna", 96
"Śniadeckich", 96
"Majdan", 96
"Gruszy", 96
"Widokowa", 96
"PKP Milanówek", 95
"Powstańców", 95
"SPOKOJNA", 95
"METRYCZNA", 95
"Juhasów", 95
"KOMORNICA-SZKOŁA", 95
"MIKA", 95
"Przyjazna", 94
"os. Bukowy Dworek", 94
"Łódź Niciarniana", 94
"Rozłucka", 94
"Kościuszki-Szkoła", 94
"POPŁAWSKA", 94
"KAWĘCZYNEK II", 94
"Melcera", 93
"Kórnicka", 93
"Rembertów-Akademia", 93
"WICHROWA", 93
"Joliot-Curie", 93
"ŁĄKOWA", 92
"Wałuszewska", 92
"GROCHOWA", 92
"Powojowa", 92
"Turmoncka", 92
"Bronowska", 92
"Kopijników", 91
"Latchorzew", 91
"POZNAŃSKA", 91
"Langiewicza", 90
"Wojciechowskiego", 90
"Julianów", 90
"BARTYKI", 90
"Przy Parku", 90
"Wenus", 89
"Podkowińska", 89
"ŁADNA", 89
"Cementownia", 89
"CIECHANÓW PRZEMYSŁ.", 89
"Ojca Aniceta", 88
"Park Skarbków", 88
"Dyrekcja FSO", 88
"Sokołowskiego", 88
"JACHTOWA", 88
"SUCHOCIN", 88
"Walewska", 87
"BASZKÓWKA", 87
"LOKALNA", 87
"ZABOROWSKA", 87
"RUNÓW OSADA", 87
"Badylarska", 86
"Ogrody Działkowe Na Skraju", 86
"Port Nieporęt", 86
"JAŁOWCOWA", 86
"LEGIONÓW", 86
"SĘKOCIN", 86
"Kwiatowa", 86
"SOKOŁÓW", 86
"Statkowskiego", 85
"Chłodnia", 85
"BIAŁOSTOCKA", 85
"PORT PILAWA", 85
"BORKOWSKA", 85
"Tuzinowa", 84
"Majerankowa", 84
"Osmańczyka", 84
"MICHALCZEW", 84
"KOSZEWNICA", 84
"DWORZEC WILEŃSKI - ", 84
"ks. Czartoryskiej", 83
"Tawułkowa", 83
"BOLESŁAWICKA", 83
"KOŁŁĄTAJA", 83
"ŻANĘCIN", 83
"Ostródzka-Szkoła", 83
"Montażowa", 82
"Fortowa", 82
"Terespolska", 82
"PKP ZIELONKA", 82
"WKD OPACZ", 82
"SADOWA", 82
"PARLAMENTARNA", 82
"LEONÓW", 82
"Łazy", 82
"PODRÓŻNA", 82
"ŁAZY-SZKOŁA", 82
"MOSTÓWKA", 81
"Czekanowska", 80
"Wrzosowa", 80
"POPRZECZNA", 80
"CENDROWICE", 80
"BRUZDOWA-KOŚCIÓŁ", 80
"Kadetów-Szkoła", 79
"Rembelszczyzna", 79
"Batalionu Włochy", 79
"KSIĘCIA ZIEMOWITA", 79
"Suchy Las", 79
"CZERSK-ZAMEK", 78
"NOWA WOLA", 78
"SOKOLA", 78
"EC Siekierki", 78
"PKP MICHAŁÓW-REGINÓW", 78
"Lesznowola", 77
"Zakrętowa", 77
"WOLSKA", 77
"WÓLKA ZAŁĘSKA", 77
"TOPÓR", 77
"Ośrodek Cora", 77
"Młocińska", 76
"Osiedle Mirków", 76
"Zegrzyńska", 76
"KOZAKÓW", 76
"CZĄSTKÓW POLSKI WSCHÓD", 76
"Harnasie", 76
"GRZEGORZEWO", 76
"GĄSOCIN", 76
"TYSIĄCLECIA", 76
"Wilcza Góra", 75
"Leszyckiego", 75
"Korkowa-Cmentarz", 75
"Tytułowa", 75
"TEKLIN", 75
"STRZYKUŁY", 75
"Żwirowa", 75
"Drohicka", 75
"Mościska", 75
"Akcent", 74
"Fieldorfa", 74
"Ułanów Jazłowieckich", 74
"DZIEKANÓW NOWY WSCHÓD", 74
"Zgrupowania AK \"Kampinos\"", 74
"Odkryta", 74
"Jagiellońska", 74
"os. Patio", 73
"Planetowa", 73
"Przejezdna", 73
"CIEKSYN", 73
"CZĄSTKÓW MAZOWIECKI", 73
"PIUSA XI", 73
"WILKOWA WIEŚ II", 73
"Fabryka Pomp", 73
"Zielonej Gęsi", 73
"Rekrucka", 73
"MALCANÓW-BOOS", 72
"GRYCZANA", 72
"Zawady", 72
"Stocer", 72
"Pszeniczna", 72
"Zalasek", 71
"KAŁUSZYN", 71
"Wola Grzybowska", 71
"Nieświeska", 71
"PKP DĄBKOWIZNA", 71
"Promyka", 70
"PKP WOŁOMIN", 70
"Kamykowa", 70
"Izbicka-Cmentarz", 70
"Bennetta", 69
"Ośrodek AZS", 69
"Czeremchowa", 69
"GASSY", 69
"Strąkowa", 69
"Osiedle", 68
"STRZYŻYNA", 68
"Prażmowska", 68
"Dankowicka", 68
"os. Piaski", 67
"Ceglana", 67
"BOLESŁAWA PRUSA", 67
"Trombity", 67
"ŻYTKOWICE", 67
"Gołaszewska", 67
"GMINNEJ RADY NARODOWEJ", 67
"BRUKOWA", 67
"Hoserów", 66
"Kolejowa", 66
"Rozchodnikowa", 66
"Teklin-Szpital", 66
"ŁĄCK", 66
"TRAKT KRÓLEWSKI", 66
"TURKAWKI", 66
"DIAMENTOWA", 66
"KĘPA OKRZEWSKA", 66
"Łady", 65
"Farbiarska", 65
"Zdziarska-Kanał", 65
"ks. Szulczyka", 65
"Szymańskiego", 65
"OLSZYNOWA", 65
"ZGK", 65
"ROZWOJOWA", 65
"Pocztowa", 65
"Nauczycielska", 65
"KSIĘCIA JANUSZA", 64
"Hipodrom", 64
"Żyrardowska", 64
"Talarowa", 64
"Małe Siekierki", 64
"WŁADYSŁAWÓW", 64
"Mory", 64
"BOROWIECKA", 64
"JANÓW", 64
"WANILIOWA", 64
"Mańkowska", 64
"SADOWNE WĘGROWSKIE", 64
"RODZINNA", 64
"Mozaikowa", 64
"Kupiecka", 63
"Obrońców Warszawy", 63
"Kolonia Warszawska", 63
"CM. POŁUDNIOWY-BRAMA WSCH.", 63
"CISZYCA II", 63
"Gąsek", 63
"Jontka", 62
"Ołówkowa", 62
"Flamenco", 62
"CZEREŚNIOWA", 62
"WIEJCA I", 62
"Skolimów", 62
"DARWINA", 62
"SASINA-LICEUM", 62
"Puszkina", 62
"św. A. Boboli", 62
"SŁONECZNA", 62
"RZEMIEŚLNICZA", 61
"Kolumba", 61
"JASIONNA ŁOWICKA", 61
"CZAPLINEK I", 61
"WIELICKA", 61
"OWOCOWA", 61
"Porzeczkowa", 61
"BANKOWA", 61
"Współczesna", 60
"Aleksandrów", 60
"SIELSKA", 60
"Zajezdnia Stalowa", 60
"OS. JAGIELLOŃSKA", 60
"SAPIEHY", 60
"Husarska", 59
"ŚWIERK", 59
"DOM KULTURY", 59
"LIPKÓW", 59
"STEFANÓW", 59
"Cm. Ofiar Wojny", 58
"Warszawa ZOO", 58
"Rembertów-Ratusz", 58
"KOMOROWSKA", 58
"OKRZESZYN", 58
"WOLSKA I", 58
"MARZYCIELI", 58
"POD SZCZAKI", 58
"Wyszyńskiego", 58
"ŹRÓDLANA", 58
"Krokwi", 58
"NAPOLEONA", 58
"BENIAMINÓW", 58
"Celulozy", 58
"Arena Legionowo", 57
"Brzozowa", 57
"Prusa", 57
"Przedpełskiego", 57
"Bruszewska", 57
"Partyzantów", 57
"KACZOROWO", 57
"BENIAMINÓWKA", 57
"Kąpielowa", 57
"IMBIROWA", 57
"MYSŁAKÓW", 57
"HENRYKÓW-UROCZE", 57
"Orląt Lwowskich", 57
"Falenty-Osiedle", 56
"Instytut Ekologii PAN", 56
"Przełęczy", 56
"Gąsocińska", 56
"STAWOWA", 56
"Gilarska", 56
"Słupno", 55
"Nadziei", 55
"Górki", 55
"Łódź Widzew", 55
"Kolarska", 55
"22 LIPCA", 55
"MARCINKI", 55
"HARFOWA", 55
"Meblowa", 55
"Klimatyczna", 55
"Vogla-Morysin", 54
"Kosynierów", 54
"DZIECHCINIEC-KOLONIA", 54
"PĘCICE-KOŚCIÓŁ", 54
"Koluszki", 54
"BARTODZIEJE", 54
"Podczaszyńskiego", 54
"BAGNISTA", 54
"Stanisławów", 53
"Ogrody Działkowe Budowlani II", 53
"WDW Rynia", 53
"Thomme", 53
"Cm. Północny-Brama Płn.", 53
"SIERAKÓWEK", 53
"OBORY-PAŁAC", 53
"OS. BUKOWIEC", 53
"LIPOWO", 53
"Palisadowa", 52
"Dzikiej Róży", 52
"HELENÓW", 52
"TULIPANOWA", 52
"RUDKA", 52
"Jeziorki Płn.", 52
"OS. BATOREGO", 52
"C.H. Auchan", 52
"ZBÓJNOGÓRSKA", 52
"KANARKOWA", 52
"HŁASKI", 52
"Zabłudowska", 51
"GROMADZKA", 51
"PISKÓRKA", 51
"DZIECHCINIEC-SKLEP", 51
"Piskórka", 51
"CH Wólka Kosowska", 50
"Hortensji", 50
"SCHRONISKO DLA ZWIERZĄT", 50
"LUCYNÓW", 50
"Taneczna", 50
"STARE GRABIE", 50
"PRZYSZŁOŚĆ", 50
"Słomczyn-Szkoła", 50
"BOROWINA III", 50
"Anusinek", 50
"NAD ŚWIDREM", 50
"WOLSKA II", 50
"Boryny", 49
"Instalatorów", 49
"Struga", 49
"Dzielnicowa", 49
"BIELAWA-PĘTLA", 49
"AL. JEDNOŚCI", 49
"WAWERSKA", 49
"CEDROWA", 49
"CZARNA", 49
"OPACZ-SZKOŁA", 49
"Świecka", 49
"JANOWSKIEGO", 49
"os. Młodych", 48
"Jachowicza", 48
"Złotej Jesieni", 48
"Sasina", 48
"POLFA", 48
"Kocjana-Sądy", 48
"SKRZYNECKIEGO", 48
"KUKUŁCZA", 48
"Gryfitów", 48
"1 PRASKIEGO PUŁKU", 48
"Wodociąg Płn.", 48
"Zyndrama z Maszkowic", 48
"Gwarna", 48
"Hubala-Dobrzańskiego", 48
"Wielkiego Dębu", 47
"gen. Roi", 47
"Rafii", 47
"Czerwona Droga", 47
"Targówek", 47
"PKP MICHALIN", 47
"ZABIEŻKI", 47
"SZKOŁA", 47
"Mochtyńska-Kanał", 47
"Dobka z Oleśnicy", 47
"GIERWATY", 47
"Romantyczna", 47
"Rogów", 47
"PARCELA II", 47
"LIPIŃSKA", 47
"Ekologiczna", 46
"Tomaszowska", 46
"Chopina", 46
"Zgorzała", 46
"Nadarzyńska", 46
"Główna", 46
"Wybrzeże Szczecińskie", 46
"LEŚNYCH BOGINEK", 46
"Ruczaj", 46
"KOZIEBRODY", 46
"PRZYBOROWIE", 46
"POGROSZEW KOLONIA", 46
"TURÓW II", 46
"Piotrkówek Mały", 45
"Dziekanów Polski Wschód", 45
"PATKÓW", 45
"Wczasowa", 45
"Cylichowska", 45
"GMINNA", 45
"JARZĘBIA ŁĄKA", 45
"Mrągowska", 45
"Krokusów", 44
"ZAKAMAREK", 44
"KUBUSIA PUCHATKA", 44
"TOLAK", 44
"FALENCKA", 44
"Samsonowska", 44
"Hotelowa", 44
"AL. \"SOLIDARNOŚCI\"", 44
"Jarosławska", 43
"Graniczka", 43
"KOLIBRA", 43
"WILKOWA WIEŚ I", 43
"Rataja", 43
"Borzęcin Duży-Wieś", 43
"OSSÓW-KRZYŻ", 43
"ŁBISKA-SZKOŁA", 43
"PAROLE", 43
"BORKI", 43
"RYBIENKO", 43
"Topolowa", 43
"ZUS", 43
"CH Stara Papiernia", 43
"Kordiana", 42
"Gwarków", 42
"PKP Legionowo Piaski", 42
"Jasielska", 42
"KRUBIN", 42
"KONOPKI", 42
"BIAŁKI SIEDLECKIE", 42
"Intalatorów-KIS", 42
"Chyliczki", 42
"Parowozowa", 41
"Żymirskiego-Przychodnia", 41
"Plutonu Torpedy", 41
"Zagórze-Sanatorium", 41
"Podkowy", 41
"Zbaraska", 41
"Zegarynki", 41
"Zegrzyńska-IMGW", 41
"Majdan-Stacja Paliw", 41
"OS. WEDEL", 41
"PRĘTOWA", 41
"JODŁOWA", 41
"OSP SKRZESZEW", 41
"Koszałka Opałka", 41
"STRZELCE KUJAWSKIE", 41
"Lutosławskiego", 40
"Trenów-Las", 40
"Orężna", 40
"Glebowa", 40
"Hipolitowska", 40
"OW PROMENADA", 40
"ŚWIĘCICKA", 40
"TEKLIN II", 40
"PKP KOBYŁKA", 40
"CISZYCA", 40
"Tadżycka", 40
"ŚWIERK-SZKOŁA", 40
"Serwitucka", 39
"Kwirynów", 39
"Wólczyńska-Bocznica", 39
"ks. Boguckiego", 39
"Samorządowa", 39
"Kondracka", 39
"RĘCZAJSKA", 39
"HABDZIN II", 39
"WOLA KRAKOWIAŃSKA", 39
"ŁAWKI", 39
"Calowa", 39
"Żyzna", 39
"Lipy", 38
"Bartyki", 38
"Wiesiołka", 38
"Dawidy", 38
"UWIELINY-SZKOŁA", 38
"LESZCZYNOWA", 38
"ZŁOTA", 38
"Paszków", 38
"PKP Legionowo", 38
"Habdzin II", 37
"Mroków", 37
"Kampinoska", 37
"Projektowana", 37
"Stalowa", 37
"Bolesława Śmiałego", 37
"BEDNARY", 37
"Poniatowskiego", 37
"Lusińska", 37
"TEOFILÓW", 37
"Koralowych Dębów", 37
"Krótka", 37
"Vivaldiego", 37
"GNIEWKOWSKA", 37
"OPOLSKA", 37
"Łomna Wschód", 37
"Gruntowa", 36
"Szyszaków", 36
"ŁĘG", 36
"ZIMORODKA", 36
"Zaleśna", 36
"NOWINEK", 36
"Kaputy", 36
"Tolak", 36
"PKP OŻARÓW MAZOWIECKI", 36
"XXI WIEKU", 36
"Buchalteryjna", 36
"Przyjaciół", 35
"Wieliszew-Plaża", 35
"Kołobrzeska", 35
"Konwiktorska", 35
"Stokrotki", 35
"Książąt Mazowieckich", 35
"KOSMOWSKA I", 35
"WIEJCA III", 35
"MAŁA", 35
"PKP NOWA IWICZNA", 35
"Reymonta", 35
"Rusiec", 35
"GRZYBOWSKA", 35
"DOBIESZ II", 35
"MIEJSKI DOM KULTURY", 35
"Rybie", 35
"PKP ŚRÓDBORÓW", 35
"Gazownia", 34
"Zakłady Zbożowe", 34
"Rogatkowa", 34
"Polnych Kwiatów", 34
"Orchowiecka", 34
"WOLA ROWSKA", 34
"PĘCICE-MAJĄTEK", 34
"PASCHALISA-JAKUBOWICZA", 34
"MORAWICZA", 34
"BRZEŚCE", 34
"Rolna", 34
"JAWORÓWKA", 34
"Kolonia Helenów", 34
"Umiastów", 34
"Turowice", 33
"Borzęcin Duży", 33
"Dziekanów Nowy Zachód", 33
"Ogrodnicza", 33
"Drogowców", 33
"Warzelnicza", 33
"Bodycha", 33
"Łady-Szkoła", 33
"Kolonia Lesznowola", 33
"Koczargi Stare", 33
"Waryńskiego", 33
"RADZYMIN", 33
"ZAPŁOCIE", 33
"Park Miejski", 32
"Zaborówek-Wieś", 32
"Dębówka", 32
"PILASZKÓW", 32
"PKP Nieporęt", 32
"Starowiejska", 32
"NOWE BABICE", 32
"Wierzchowskiego", 32
"Przemysława II", 32
"STADIONOWA", 32
"Kilińskiego", 31
"Pocisk", 31
"Zalesie Dolne", 31
"Mirków-Szkoła", 31
"Łyczyńska", 31
"Pogroszew", 31
"Puszczyka", 31
"Skorosze", 31
"ROZWADOWSKIEGO", 31
"BOROWINA II", 31
"Protazego", 31
"Glinianka", 31
"STAREGO DĘBU", 31
"Sieraków", 31
"SOLIDARNOŚCI", 31
"DUCZKI-SZKOŁA", 31
"Moniuszki", 31
"OS. WITUŚ", 30
"Łasaka", 30
"Majowa", 30
"Bandurskiego", 30
"JANCZEWICE", 30
"ŁĄKI", 30
"CYGAŃSKA", 30
"PRZEBIŚNIEGÓW", 30
"BRONIEWSKIEGO", 30
"KRAKUSA", 30
"Planty", 30
"Gródek", 30
"BIEDRONKI", 30
"Kędzierówka", 30
"ŁBISKA", 30
"ZAGOŚCINIEC-SZKOŁA", 30
"PKP Dawidy", 30
"Kwitnącej Akacji", 30
"ŚWIERKOWA", 30
"ŁOMNA-KOŚCIÓŁ", 30
"BIELAWA I", 30
"SIEDZIKÓWNY \"INKI\"", 29
"Olchy", 29
"Gawronia", 29
"Pieńków-Sklep", 29
"Skalnicowa", 29
"Wąska", 29
"PRABUTY GÓRY", 29
"SŁOWICZA", 29
"WARECKA", 29
"PARTYZANTÓW-SZKOŁA", 29
"SARNAKI", 29
"Falenty Duże", 29
"Łucznicza", 29
"KOSIORKI", 29
"Zasobna", 29
"TATRZAŃSKA", 29
"PKP JÓZEFÓW", 28
"Jesówka", 28
"Łyczyn", 28
"Korczaka", 28
"Skorochód-Majewskiego", 28
"Marsa-Las", 28
"Zasadowa", 28
"Czołgistów", 28
"Kolonia Pod Lasem", 28
"PRZEMYSŁOWA", 28
"HENRYKA PROBUSA", 28
"CYNKOWA", 28
"MOCZYDŁÓW", 28
"RUNÓW OSADA II", 28
"ZAŁUBICE-POCZTA", 28
"WITWICKIEGO", 28
"PONIATOWSKIEGO-PRZYCHODNIA", 28
"SASANKOWA", 28
"Olecka", 28
"Arkadyjska", 28
"NARCYZOWA", 28
"Wilkowa Wieś II", 27
"Leśniakowizna", 27
"Wolica", 27
"os. Nafta", 27
"Od Lasu", 27
"Litewska", 27
"Międzylesie", 27
"Cynamonowa", 27
"ZABORÓWEK-OSIEDLE", 27
"TRENÓW", 27
"FRONOŁÓW", 27
"Nowotyska", 27
"SOSENKOWA", 27
"WÓLKA", 27
"CZEREMCHA", 27
"Kępa Okrzewska", 26
"Falenty Nowe", 26
"Starzyńskiego", 26
"Batalionu Miotła", 26
"Świdry Wielkie", 26
"al. Sybiraków", 26
"Dziechciniec-Kolonia", 26
"Wólka Mlądzka", 26
"LESIÓW", 26
"PKP ZAGOŚCINIEC", 26
"WAGONOWNIA", 26
"KRAKOWIANY", 26
"Przebudzenia Wiosny", 26
"PRZYJACIÓŁ", 26
"Lawinowa", 26
"Przydrożna", 26
"Wólczyńska", 25
"Jachtowa", 25
"Rozjazd Oborski", 25
"Nowa Wola", 25
"Olszyna Łyczyńska", 25
"Bydgoska", 25
"Parlamentarna", 25
"os. Grapa", 25
"Tysiąclecia", 25
"CZARNY LAS", 25
"BĄKÓWKA", 25
"Cicha", 25
"PIŁSUDSKIEGO-KOŚCIÓŁ", 25
"BYSTRZYCKA", 25
"WRÓBLEWSKIEGO", 25
"Leszczynka", 25
"OS. KWIATOWA", 25
"OPACZ", 25
"Nowe Wągrodno", 24
"Tymotki", 24
"Cieciszew", 24
"Drohobycka", 24
"Mościckiego", 24
"Zabraniecka-Magazyny", 24
"Głosków-Szkoła", 24
"Zaborów-Szkoła", 24
"ks. Malinowskiego", 24
"Zabraniecka-Bocznica", 24
"Nowy Zjazd", 24
"ARESZT ŚLEDCZY GROCHÓW", 24
"MYSZCZYN", 24
"os. Niepodległości", 24
"Podolszyn", 24
"BABOSZEWO", 24
"Sęczkowa", 24
"CZĄSTKÓW POLSKI", 24
"Żanęcin", 24
"Nowe Słupno", 24
"Spółdzielnia", 23
"Władysławów", 23
"Zamienie", 23
"Batorego", 23
"Wólka", 23
"Baletowa", 23
"CH Błękitne", 23
"Dom Rencisty PAN", 23
"Baszkówka", 23
"Urząd Skarbowy", 23
"Urzut", 23
"HORNÓWEK", 23
"ŁASKARZEW PRZYSTANEK", 23
"Utrata-Urząd Celny", 23
"ZALESIE", 23
"Groty", 23
"Zajezdnia Ursus Płn.", 23
"Dom Artystów", 23
"WOJCIESZYN-GÓRKI", 23
"SYCZE", 23
"ROZALIN", 23
"Tarniny", 23
"Pieńków-Wieś", 22
"Studzienna", 22
"Stężycka", 22
"Stoczniowców", 22
"Limby", 22
"Turkawki", 22
"Skolimów Północny", 22
"Chylice", 22
"STARA", 22
"POD GŁOSKÓW", 22
"NARZYM", 22
"Izabelińska", 22
"Napoleona Bonaparte", 22
"Załubice-Szkoła", 22
"Mazurska", 22
"DZIECHCINIEC", 22
"STARE KABATY", 22
"CZERNIDŁA", 22
"Zorzy", 22
"Legionów", 22
"KĘPA OBORSKA II", 21
"Jabłoniowa", 21
"Żabieniec", 21
"Szpital Powiatowy", 21
"Ochocza", 21
"Port Pilawa", 21
"Łomna-Cmentarz", 21
"KAWĘCZYN", 21
"Kiełpin", 21
"KRZESIWA", 21
"Antoniewska", 21
"JAZGARZEW-SZKOŁA", 21
"NOWE LIPINY", 21
"BĄKOWIEC", 21
"Białobrzegi", 21
"MARIANKI", 21
"TRAMWAJOWA", 21
"Kociszewskich", 20
"Białołęka-Kanał", 20
"Kraśnicka", 20
"Spiralna", 20
"Koczargi Nowe", 20
"Macierzanki", 20
"Ostroroga", 20
"Kiełpin-Cmentarz", 20
"DĘBÓWKA II", 20
"Osiedlowa", 20
"Stolbud", 20
"Michalinki", 20
"ŁOMNA-SZKOŁA", 20
"Zagórzańska", 20
"Spokojna", 20
"GOLFOWA", 20
"ŁUBINOWA", 20
"KAWĘCZYN DOLNY", 20
"Cząstków Mazowiecki", 19
"Borowina II", 19
"Łomna-Las", 19
"Księcia Ziemowita", 19
"Gołębia", 19
"Buławy", 19
"Konik Nowy", 19
"Bolesława Krzywoustego", 19
"KRYMSKA", 19
"PODŁĘCZE", 19
"WILANÓWKA", 19
"KAZIMIERZOWSKA", 19
"WOJCIESZYN-ARiMR", 19
"Nowa", 19
"Wiechy", 19
"BIAŁY ŁUG", 19
"WKD Opacz", 19
"Pośrednia", 18
"Borzęcin Duży-Szkoła", 18
"Palmiry", 18
"Tulipanowa", 18
"Młyn Michla", 18
"Draceny", 18
"Aleja Bzów", 18
"Dw. Wschodni (Lubelska)", 18
"Blizne Łaszczyńskiego", 18
"DALANÓWEK", 18
"Dziekanów Polski Zachód", 18
"Darwina", 18
"Zachodnia", 18
"Spichrzowa", 18
"SUE RYDER", 18
"Cm. Południowy-Brama Wsch.", 18
"RUNOWSKA", 18
"MIEJSKI OŚRODEK KULTURY", 18
"Suchocin", 17
"Wieruchów", 17
"Ku Słońcu", 17
"Ambaras", 17
"Kossaka", 17
"Al. Jedności", 17
"Mokry Ług-Leśniczówka", 17
"Czarnówka", 17
"Wypoczynkowa", 17
"Kawęczynek II", 17
"Świerk", 17
"Kaloryczna", 17
"KĘPA OBORSKA I", 17
"WOLA KARCZEWSKA", 17
"Głosków-Letnisko", 17
"Ładna", 17
"SŁOMCZYN", 17
"PIONKI", 17
"SŁOMCZYN-KOŚCIÓŁ", 17
"PAROLE-PĘTLA", 17
"HUBALA", 17
"PIONKI ZACHODNIE", 17
"CZARNEJ OLCHY", 17
"Zielonki-Wieś", 17
"Kordeckiego", 17
"Dziekanów Nowy Wschód", 17
"Sołecka", 17
"gen. Kutrzeby", 17
"Kuleszówka", 17
"ROGOŻEW", 16
"Ciećwierza", 16
"Popławska", 16
"Marcinki", 16
"Magdalenka", 16
"Augustówka", 16
"Łoziska", 16
"SKRZYNNO", 16
"Łąki", 16
"PARCELA I", 16
"INTALATORÓW-KAM", 16
"CYRANECZKI", 16
"Pijarska", 15
"Radość-Wodociąg", 15
"Opolska", 15
"Robotnicza", 15
"Erazma z Zakroczymia", 15
"Szlachecka", 15
"Kosodrzewiny", 15
"ŁANOWA", 15
"JEDLNIA LETNISKO", 15
"EC Żerań", 15
"ŻYCZYN", 15
"ZADĘBIE", 15
"WINCENTÓW I", 15
"Gminnej Rady Narodowej", 15
"Pęclińska", 15
"Ławki", 15
"Beniaminów", 15
"OSSÓW-SZKOŁA", 15
"Nadwiślańska", 15
"Bartoszycka", 15
"PKP Mokry Ług", 15
"ks. Słojewskiego", 14
"Świdry Małe", 14
"Modlińska", 14
"Rokokowa", 14
"Kawęczyn II", 14
"Wola Mrokowska", 14
"Janin", 14
"Skłodowskiej-Curie", 14
"Bolesławicka", 14
"WIŚLANA", 14
"GARBATKA", 14
"PODŁĘCZE II", 14
"LESZCZYŃSKA", 14
"Wiekowej Sosny", 14
"PUSTELNICKA", 14
"Gierdziejewskiego", 14
"WKRA", 14
"Bronisława Czecha-Las", 14
"KRUCZKOWSKIEGO", 14
"ZAWIDZ", 14
"Trakt Królewski", 14
"OBÓRKI-WAŁ", 14
"MŁAWA MIASTO", 14
"WYSZYNY", 14
"Golfowa", 13
"Felińskiego", 13
"Kisielewskiego", 13
"Nowa Wieś", 13
"Markowskiego", 13
"Latoszki", 13
"GARBATKA LETNISKO", 13
"SĄGI", 13
"PĘCHERY", 13
"Pólko", 13
"Bąkówka", 13
"PONIATÓW", 13
"Strażacka", 13
"REJA", 13
"PŁOCK TRZEPOWO", 13
"Bruzdowa-Kościół", 13
"Kaczeńców", 12
"Sokołów", 12
"Atrakcyjna", 12
"Gryczana", 12
"Głosków-Zielone", 12
"POD Szczaki", 12
"Winogronowa", 12
"Dziechciniec-Sklep", 12
"POGONOWSKIEGO", 12
"MIESZKA I", 12
"PASIEKI", 12
"Okrzeszyn", 12
"JASTRZĄB", 12
"Szeroka", 12
"SZYMANÓW", 12
"KALINOWA DROGA", 12
"Wołodyjowskiego", 12
"GÓRNA", 12
"Zaborówek-Osiedle", 11
"Brześce", 11
"Krymska", 11
"Stara Wieś", 11
"Słoneczna", 11
"Zaborowska", 11
"POD Kajetany", 11
"Nadzorcówka", 11
"Rozwadowskiego", 11
"Błota", 11
"Skrzyneckiego", 11
"Boryszew", 11
"Zagościniec-Szkoła", 11
"Okunin", 11
"Miejski Dom Kultury", 11
"Bolesława Prusa", 11
"Rolnicza", 11
"Jodłowa", 11
"Lipowo", 11
"STUPSK MAZOWIECKI", 11
"Kotliny", 11
"SZCZAKI", 11
"LIPOWE POLE", 11
"os. Batorego", 11
"Łubna", 11
"Broniewskiego", 11
"Łąkowa", 11
"Cząstków Polski Wschód", 11
"CHRZANÓW", 11
"OKRZEWSKA I", 11
"Poznańska", 11
"OBORY", 11
"STRUŻAŃSKA", 11
"ANDRZEJA", 11
"Borkowska", 10
"Kałuszyn", 10
"Mostowa", 10
"22 Lipca", 10
"Baczyńskiego", 10
"PKP Michałów-Reginów", 10
"KRZYMOSZE", 10
"Sadowa-Dom Opieki", 10
"Sosenkowa", 10
"Lipińska", 10
"Lokalna", 10
"Okrzewska I", 10
"Kruczkowskiego", 10
"Ossów-Krzyż", 10
"Zegrze Płd.", 10
"Komorowska", 10
"Pęcice-Kościół", 10
"Przebiśniegów", 10
"Brukowa", 10
"OS. WOLNOŚCI", 10
"ZYGMUNTÓW", 10
"SZUMIĄCYCH TRAW", 10
"PĘCLIN", 10
"OKRZESZYN II", 10
"Dom Kultury", 10
"JEDLNIA KOŚCIELNA", 10
"ZAWADZKA", 10
"Czajkowskiego", 10
"PKP Wołomin Słoneczna", 10
"CENTRUM REHABILITACJI", 10
"os. Kabaty", 10
"ŁUKASIŃSKIEGO", 9
"MARECKA", 9
"Jazgarzew-Szkoła", 9
"Święcicka", 9
"Marzycieli", 9
"Narcyzowa", 9
"Czosnów", 9
"Rozalin", 9
"Ciszyca I", 9
"Północna", 9
"Pilaszków", 9
"Siwek", 9
"Leszno-GS", 9
"Milenium", 9
"Ananasowa", 9
"PĘCZKOWSKIEGO", 9
"WOLA BIERWIECKA", 9
"WIEJCA II", 9
"OS. WALENDIA", 9
"PKP ZIELONKA (ZOSINEK)", 9
"Rozwojowa", 9
"LIPINKI", 9
"Ossów-Szkoła", 9
"Rosy", 9
"INTALATORÓW-KIS", 9
"Prętowa", 9
"RÓŻANA", 9
"ZAŁUSKIEGO-SZKOŁA", 9
"Brzózek", 9
"Wyszkowska", 9
"Schroniska dla Zwierząt", 9
"ZYGMUNTOWO MAZ.", 9
"Młodzieżowa", 8
"Marianki", 8
"Dworcowa", 8
"Łomna Zachód", 8
"Beniaminówka", 8
"Leszczynowa", 8
"Teklin II", 8
"PKP Legionowo-Przystanek", 8
"Chotomowska", 8
"Wolska", 8
"Owocowa", 8
"Poziomkowa", 8
"Runów Osada", 8
"Rudka", 8
"CIECISZEW-OSP", 8
"WÓLKA DWORSKA", 8
"ROBERCIN", 8
"Rodzinna", 8
"NOWE GRABIE I", 8
"WAWRZYNA", 8
"ORSZAGHA", 8
"Henryków-Urocze", 8
"Teklin", 8
"Napoleona", 8
"ROKITNIA STARA", 8
"Kameliowa", 8
"Helenów", 8
"MORDY MIASTO", 7
"PL. WOLNOŚCI", 7
"Krakusa", 7
"Hornówek", 7
"Zakamarek", 7
"Łaźniewska", 7
"Białostocka", 7
"Wyględy", 7
"Łomna-Szkoła", 7
"Czersk-Zamek", 7
"Piusa XI", 7
"Weteranów", 7
"Pęclin", 7
"RADOMYŚL", 7
"SMOGORZÓW PRZYSUSKI", 7
"WOJEWÓDZKA", 7
"LININ-OSIEDLE", 7
"Wolska II", 7
"ROŻKI", 7
"Podróżna", 7
"Czereśniowa", 7
"PKP Zielonka", 7
"XXI Wieku", 7
"Bielawa I", 7
"Wierzbin", 7
"SOBIKÓW", 7
"PL. JANA PAWŁA II", 6
"PRZETYCZ", 6
"Metryczna", 6
"Górna", 6
"Dziekanów Polski Centrum", 6
"Strzykuły", 6
"Solidarności", 6
"Kazimierza Odnowiciela", 6
"Wichrowa", 6
"Ręczajska", 6
"Warecka", 6
"Łbiska-Szkoła", 6
"Borowiecka", 6
"Pogonowskiego", 6
"Stawowa", 6
"Opłotek", 6
"KOŃCZYCE RADOMSKIE", 6
"LNIANA", 6
"BORKI KOSY", 6
"Strużańska", 6
"Lipków-Muzeum", 6
"Przyszłość", 6
"CISZYCA I", 6
"STARE GRABIE-SZKOŁA", 6
"Przyborowie", 6
"Czaplinek I", 6
"Kostowiec", 6
"Biedronki", 6
"Areszt Śledczy Grochów", 6
"KRZAKI CZAPLINKOWSKIE", 6
"Anemonów", 6
"Świerk-Szkoła", 5
"Kubusia Puchatka", 5
"Złota", 5
"Akacjowa", 5
"Pieczyska", 5
"Falencka", 5
"Kozaków", 5
"Wolska I", 5
"Janowskiego", 5
"Uwieliny-Szkoła", 5
"Gromadzka", 5
"Imbirowa", 5
"Waniliowa", 5
"Kawęczynek I", 5
"Słowicza", 5
"Polfa", 5
"Kanarkowa", 5
"Zbójnogórska", 5
"Kawęczyn Dolny", 5
"Ogińskiego", 5
"Obory-Pałac", 5
"ANEMONÓW", 5
"PIONIERSKA", 5
"GĄSAWY PLEBAŃSKIE", 5
"PLATANOWA", 5
"FLORIANA", 5
"PRZYSUCHA", 5
"OS. BELINA", 5
"OBRĘB II", 5
"SŁONECZNIKÓW", 5
"PIASECZYŃSKA", 5
"Szymanów", 5
"Parcela II", 5
"DRZEWICA", 5
"Harfowa", 5
"Wawerska", 5
"Cyraneczki", 5
"Kwiatów Polnych", 5
"Czarna", 5
"Pęcice-Majątek", 5
"WOLANÓW", 5
"SIKORECZKI", 5
"BIELINY OPOCZYŃSKIE", 5
"Mała", 5
"Ośrodek Zdrowia", 5
"Świerkowa", 4
"Bociana Czarnego", 4
"Starego Dębu", 4
"Leszczyńska", 4
"Piłsudskiego-Kościół", 4
"PKP Praga", 4
"Borowina I", 4
"Stefanów", 4
"Leśniakowizna II", 4
"os. Kwiatowa", 4
"Dziechciniec", 4
"OW Promenada", 4
"Wiejca I", 4
"Wilkowa Wieś I", 4
"Aroniowa", 4
"PKP WOŁOMIN (LASKOWA)", 4
"Nowe Babice", 4
"AZORY", 4
"Łęg", 4
"Grzybowska", 4
"Sasina-Liceum", 4
"CZAPLINEK II", 4
"WÓLKA PĘCHERSKA", 4
"GOWOROWO", 4
"GOZDOWO", 4
"Armii Poznań", 4
"Kiełpin Cmentarz", 4
"Wola Krakowiańska", 4
"Wielicka", 4
"Stara", 4
"HABDZIN I", 4
"WARSZAWA KOŁO", 4
"Gassy", 4
"Mieszka I", 4
"Cynkowa", 4
"ZAWIDZ KOŚCIELNY", 4
"Turystyczna/Kolejowa", 4
"PKP KOBYŁKA-OSSÓW", 4
"Ciszyca", 4
"TUROWSKA", 3
"Szczaki", 3
"Wólka Załęska", 3
"Sikoreczki", 3
"Paschalisa-Jakubowicza", 3
"Cendrowice", 3
"Zalesie", 3
"Nad Świdrem", 3
"PKP Jeziorki", 3
"Kosmowska I", 3
"os. Bukowiec", 3
"Pilawa", 3
"Jałowcowa", 3
"Cygańska", 3
"Krubin", 3
"Floriana", 3
"Mostówka", 3
"Sadowa", 3
"Obórki-Wał", 3
"Zapłocie", 3
"PKP Ożarów Mazowiecki", 3
"Bielawa-OSP", 3
"Teofilów", 3
"Przemysłowa", 3
"Garbatka", 3
"Chotomów", 3
"Utrata", 3
"Runów Osada II", 3
"Witwickiego", 3
"Kępa Zawadowska", 3
"KOLONIA SOBIKÓW", 3
"OBÓRKI", 3
"KOSMOWSKA II", 3
"GOSTYNIN", 3
"SIEMIATYCZE", 3
"DOBIESZ", 3
"RACIĄŻ", 3
"Olszynowa", 3
"SCHRONISKA DLA ZWIERZĄT", 3
"OBRĘB", 3
"Poprzeczna", 3
"Partyzantów-Szkoła", 3
"Bagnista", 3
"Cedrowa", 3
"Łazy-Szkoła", 3
"Nadma", 3
"Szamoty", 3
"SZYDŁOWIEC", 3
"Czarnej Olchy", 3
"NADMA", 3
"CHRONÓW", 2
"BORZĘCIN MAŁY", 2
"WIENIAWA", 2
"RUDA WIELKA", 2
"Łbiska", 2
"Wojcieszyn-ARiMR", 2
"Moczydłów", 2
"Wróblewskiego", 2
"Sapiehy", 2
"Leśnych Boginek", 2
"Hubala", 2
"Zimorodka", 2
"Borki", 2
"Parole", 2
"Lipków", 2
"Załuskiego-Szkoła", 2
"Janów", 2
"Wojewódzka", 2
"Wiejca II", 2
"Andrzeja", 2
"PROBOSZCZEWICE PŁOCKIE", 2
"Morawicza", 2
"SOBOLEW", 2
"Kalinowa Droga", 2
"Szkoła", 2
"RACIBORÓW KUTNOWSKI", 2
"Starostwo Powiatowe", 2
"os. Jagiellońska", 2
"Poniatów", 2
"Sielska", 2
"Bystrzycka", 2
"PIECZYSKA", 2
"ZDOBYWCÓW KOSMOSU", 2
"WOJCIESZYN-ARIMR", 2
"WOJSKA POLSKIEGO-WIADUKT", 2
"Sasankowa", 2
"CZAPLIN", 2
"os. Wedel", 2
"Czernidła", 2
"ALEJA RÓŻ", 2
"STARE LIPINY", 2
"Pęczkowskiego", 2
"Słomczyn", 2
"Czaplin", 2
"Henryka Probusa", 2
"Diamentowa", 2
"WOLA LIPIENIECKA", 2
"Źródlana", 2
"Cieciszew-OSP", 2
"Piaseczyńska", 2
"Opacz-Szkoła", 2
"OBRĘB I", 2
"LININ", 1
"MORDY", 1
"PROSTA", 1
"KRÓLIKA", 1
"NURZEC", 1
"Cząstków Polski", 1
"Kępa Oborska I", 1
"Wojcieszyn-Górki", 1
"Sągi", 1
"Obory", 1
"Rembertów-Kolonia", 1
"Wiślana", 1
"Kępa Oborska II", 1
"Łanowa", 1
"Wawrzyna", 1
"Cm. Południowy-Brama Płd.", 1
"os. Belina", 1
"Reja", 1
"Załubice-Poczta", 1
"POD Głosków", 1
"Okrzewska II", 1
"Obórki", 1
"Ogród Botaniczny", 1
"Orszagha", 1
"Jaworówka", 1
"Łomna-Kościół", 1
"Pogroszew Kolonia", 1
"Radiówek", 1
"Malcanów-BOOS", 1
"Centrum Rehabilitacji", 1
"Trenów", 1
"Miejski Ośrodek Kultury", 1
"Krakowiany", 1
"Pęchery", 1
"Obręb", 1
"Kolibra", 1
"Hłaski", 1
"Nowe Lipiny", 1
"NOWE GRABIE II", 1
"Sobików", 1
"Tramwajowa", 1
"Tatrzańska", 1
"OSP Złotokłos", 1
"Stare Kabaty", 1
"ANUSIN", 1
"PLATERÓW", 1
"OKRZEWSKA II", 1
"os. Walendia", 1
"JESIOTROWA", 1
"Wojcieszyn", 1
"DALEKIE", 1
"OBORSKA", 1
"PŁOŃSK", 1
"SZPRUCH", 1
"Krzesiwa", 1
"Linin-Osiedle", 1
"Słoneczników", 1
"GÓRECKA", 1
"Nowe Grabie I", 1
"Runowska", 1
"Łomianki Dolne", 1
"Sękocin", 1
"Kazimierzowska", 1
"Wólka Pęcherska", 1
"Nowinek", 1
"BOCIANA CZARNEGO", 1
"PKP Kobyłka", 1
"Czaplinek II", 1
"Borowina III", 1
