"DW. CENTRALNY", 283408
"CENTRUM", 209669
"METRO POLITECHNIKA", 164227
"RONDO UNII EUROPEJSKIEJ", 142778
"WARSZAWA OCHOTA", 130067
"METRO MŁOCINY", 127505
"RONDO DASZYŃSKIEGO", 118337
"METRO ŚWIĘTOKRZYSKA", 115883
"METRO RATUSZ ARSENAŁ", 109282
"WARSZAWA ZACHODNIA", 108502
"RONDO \"RADOSŁAWA\"", 105222
"KRUCZA", 95723
"OKOPOWA", 88258
"PL. STARYNKIEWICZA", 88073
"METRO POLE MOKOTOWSKIE", 88008
"METRO KABATY", 87396
"RONDO ONZ", 86486
"WARSZAWA LOTNISKO CHOPINA", 85544
"PL. WILSONA", 83310
"PL. GRUNWALDZKI", 81811
"METRO WILANOWSKA", 81034
"WIATRACZNA", 80912
"KOSZYKOWA", 79377
"DW. GDAŃSKI", 77485
"PL. ZAWISZY", 76950
"PARK PRASKI", 75976
"KINO FEMINA", 72820
"METRO SŁUŻEW", 72520
"TERMINAL AUTOKAROWY", 69291
"PL. KONSTYTUCJI", 67631
"P+R AL. KRAKOWSKA", 65992
"RONDO ZESŁAŃCÓW SYBERYJSKICH", 65401
"WARSZAWA POWIŚLE", 65295
"METRO RACŁAWICKA", 63921
"WARSZAWA WSCHODNIA", 60891
"DWORKOWA", 59946
"NOWOWIEJSKA", 57931
"DW. ZACHODNI", 56663
"PKP KASPRZAKA", 55873
"MOST PONIATOWSKIEGO", 55702
"OS. GÓRCZEWSKA", 55449
"RAKOWIECKA", 55106
"DW. WILEŃSKI", 54554
"METRO MARYMONT", 53051
"RONDO WASZYNGTONA", 52389
"PL. TRZECH KRZYŻY", 52085
"SIELCE", 51271
"METRO WIERZBNO", 51141
"BITWY WARSZAWSKIEJ 1920 R.", 50070
"GRZYMAŁY-SOKOŁOWSKIEGO", 49675
"UNIWERSYTET", 49660
"ZĄBKOWSKA", 49565
"DOMANIEWSKA", 49288
"WARSZAWA STADION", 47622
"MUZEUM NARODOWE", 46895
"WORONICZA", 46732
"PL. ZBAWICIELA", 46089
"HALA KOPIŃSKA", 45975
"NOWODWORY", 45122
"WAWELSKA", 44754
"WARSZAWA ŚRÓDMIEŚCIE WKD", 44716
"UNIWERSYTET MEDYCZNY", 44249
"SASKA", 44237
"METRO IMIELIN", 43744
"MUZEUM POWSTANIA WARSZAWSKIEGO", 43334
"PRAGA-PŁD. -RATUSZ", 43158
"ORDYNACKA", 42636
"CH MARKI", 41876
"HOŻA", 41820
"LEGIONOWO PRZYSTANEK", 41477
"METRO NATOLIN", 41436
"PRUSZKOWSKA", 40688
"PL. NA ROZDROŻU", 40682
"SPACEROWA", 40219
"WOLA-RATUSZ", 40150
"PL. NARUTOWICZA", 39984
"WARSZAWA AL. JEROZOLIMSKIE", 39706
"WILANÓW", 39609
"CH BLUE CITY", 38820
"OS. WOLSKA", 38816
"DW. WSCHODNI (KIJOWSKA)", 38031
"BANACHA", 37997
"KIJOWSKA", 37838
"PL. UNII LUBELSKIEJ", 37695
"WARSZAWA ŚRÓDMIEŚCIE", 37688
"ZAJEZDNIA OSTROBRAMSKA", 37368
"BOKSERSKA", 37097
"ARCHIMEDESA", 37027
"POSTĘPU", 36702
"NOWE BEMOWO", 36683
"BRANICKIEGO", 36661
"WARSZAWA LOTN. CHOPINA", 36242
"INŻYNIERSKA", 35564
"ŚWIDER", 35221
"PL. PIŁSUDSKIEGO", 35192
"ŚRÓDBORÓW", 35141
"METRO URSYNÓW", 35078
"HALA MIROWSKA", 34882
"GRODKOWSKA", 34181
"ROZBRAT", 33837
"KRÓLEWSKA", 33753
"DWORZEC WILEŃSKI", 33673
"ŚMIGŁOWCA", 33419
"PARK DRESZERA", 33308
"ZAMIENIECKA", 33225
"PL. BANKOWY", 32885
"MARSZAŁKOWSKA", 32539
"MURANOWSKA", 32432
"ANIELEWICZA", 32131
"STARE MIASTO", 32121
"AL. LOTNIKÓW", 31526
"OCHOTA-RATUSZ", 31397
"RONDO STARZYŃSKIEGO", 31237
"PKP RAKOWIEC", 31194
"LEGIONOWO PIASKI", 31107
"PKP SŁUŻEWIEC", 31049
"METRO STOKŁOSY", 30586
"GÓRALSKA", 30517
"MYŚLIBORSKA", 30355
"WARSZAWA GDAŃSKA", 30237
"GOCŁAWEK", 30175
"HYNKA", 30070
"CHEŁMSKA", 29337
"WARSZAWA WILEŃSKA", 29151
"MŁOCINY-UKSW", 29127
"BASENY INFLANCKA", 29071
"PL. SZEMBEKA", 29046
"SOWIŃSKIEGO", 28878
"ZAJEZDNIA PRAGA", 28863
"WARSZAWA SŁUŻEWIEC", 28812
"ŚLIWICE", 28798
"RADIOWA", 28749
"PKP WKD AL. JEROZOLIMSKIE", 28230
"SZCZĘŚLIWICKA", 27860
"STARE BEMOWO", 27608
"GUS", 27525
"MORSKIE OKO", 27448
"PŁOCKA", 27281
"METRO STARE BIELANY", 27131
"FOKSAL", 27097
"JANA OLBRACHTA", 27049
"KIELECKA", 27016
"MŁYNÓW", 27005
"GOCŁAW", 26924
"DOLNA", 26829
"VOGLA", 26811
"CENTRUM NAUKI KOPERNIK", 26781
"W-WA WESOŁA", 26630
"CZAPELSKA", 26471
"TORWAR", 26416
"ZNANA", 26328
"ZAJEZDNIA WOLA", 26260
"ŻÓŁKIEWSKIEGO", 26223
"STAWKI", 26219
"SULEJÓWEK MIŁOSNA", 26148
"SGGW-REKTORAT", 26117
"DOBRA", 26051
"GORASZEWSKA", 25925
"KRAKOWIAKÓW", 25806
"AL. WITOSA", 25678
"OCH-TEATR", 25537
"RONDO ŻABA", 25374
"BERESTECKA", 25298
"MIĘDZYBORSKA", 25187
"CH TARGÓWEK", 25091
"POŁCZYŃSKA-PARKING P+R", 24836
"MICHALIN", 24836
"INSTYTUT FIZYKI", 24610
"ELEKCYJNA", 24546
"AL. REYMONTA", 24534
"PKP URSUS", 24363
"KAWĘCZYŃSKA-BAZYLIKA", 24148
"WYŚCIGI", 24126
"WOŁOSKA", 24100
"MIĘDZYNARODOWA", 24058
"ŻERAŃ FSO", 23935
"KOROTYŃSKIEGO", 23891
"TRASA ŁAZIENKOWSKA", 23785
"BEMOWO-RATUSZ", 23690
"Warszawa Reduta Ordona", 23543
"WROCŁAWSKA", 23538
"PŁOCHOCIŃSKA", 23381
"WARSZAWA ŻWIRKI I WIGURY", 23316
"ESPERANTO", 23315
"IWICKA", 23148
"DICKENSA", 23015
"SOKOŁOWSKA", 22976
"SZPITAL BIELAŃSKI", 22942
"SZCZĘŚLIWICE", 22891
"WARSZAWA RAKOWIEC", 22821
"WARSZAWA WAWER", 22721
"PARK MOCZYDŁO", 22702
"JADŹWINGÓW", 22480
"CISZEWSKIEGO", 22422
"POMNIK LOTNIKA", 22296
"CM. ŻYDOWSKI", 22052
"WARSZAWA CENTRALNA", 22033
"ŚWIĘTOKRZYSKA", 22030
"PRZYCZÓŁEK GROCHOWSKI", 22015
"PARK OLSZYNA", 21988
"POWĄZKOWSKA", 21768
"OGRODY DZIAŁKOWE BEMOWO", 21675
"TOPOGRAFICZNA", 21666
"BARTYCKA", 21628
"DOLINA SŁUŻEWIECKA", 21622
"WARSZAWA MIEDZESZYN", 21501
"SZKOLNA", 21321
"PŁYTOWA", 21316
"PARK KASKADA", 21158
"SADYBA", 21130
"NOWOLIPKI", 21078
"WŁOŚCIAŃSKA", 21024
"HOTEL BRISTOL", 20981
"GOCŁAWSKA", 20903
"SADY ŻOLIBORSKIE", 20869
"KOŁO", 20843
"TOR STEGNY", 20780
"ŚWIĄTYNIA OPATRZNOŚCI BOŻEJ", 20763
"SGGW-KLINIKA", 20741
"ANNOPOL", 20700
"PARK TRAUGUTTA", 20682
"BRÓDNO-PODGRODZIE", 20676
"SASANKI", 20664
"KONARSKIEGO", 20642
"PLATERÓWEK", 20588
"SZPITAL BRÓDNOWSKI", 20518
"METRO WAWRZYSZEW", 20493
"DYWIZJONU 303", 20477
"SZPITAL WOLSKI", 20376
"BORA-KOMOROWSKIEGO", 20333
"JÓZEFÓW", 20260
"RAKOWIEC", 20204
"SZPITAL MSW", 20111
"POLIGONOWA", 20103
"WSPÓLNA DROGA", 20018
"CZARNOMORSKA", 19789
"ZALESIE GÓRNE", 19663
"METRO SŁODOWIEC", 19478
"GOTARDA", 19465
"PIASKI", 19394
"ŚW. BONIFACEGO", 19305
"KULSKIEGO", 19275
"KRÓLIKARNIA", 19178
"BANACHA-SZPITAL", 19121
"WŁOCHY-RATUSZ", 19059
"RATUSZOWA-ZOO", 18951
"WARSZAWA RADOŚĆ", 18642
"TARCHOMIN", 18642
"STADION NARODOWY", 18571
"WAWRZYSZEWSKA", 18522
"SARMACKA", 18420
"MALCZEWSKIEGO", 18354
"FORT WOLA", 18336
"DW. WSCHODNI (LUBELSKA)", 18270
"WSPÓLNA", 18221
"OTWOCK", 18200
"KLEMENSIEWICZA", 18181
"PŁOCHOCIN", 18151
"DEOTYMY", 18047
"SZWOLEŻERÓW", 17953
"ŁOPUSZAŃSKA", 17904
"AFRYKAŃSKA", 17798
"TARGÓWEK-RATUSZ", 17794
"PL. KASZTELAŃSKI", 17783
"NORBLIN", 17642
"KONSTRUKTORSKA", 17627
"HALE BANACHA", 17503
"CZUMY", 17445
"POWĄZKI-CM. WOJSKOWY", 17252
"WITOLIN", 17168
"MEHOFFERA", 17101
"WARSZAWA MIĘDZYLESIE", 17085
"MODLIN", 17084
"ŚW. WINCENTEGO", 16994
"BRÓDNOWSKA", 16959
"TOPIEL", 16833
"HALA WOLA", 16831
"PL. ZAMKOWY", 16776
"WARSZAWA ANIN", 16738
"WARSZAWA FALENICA", 16668
"SOBIESKIEGO", 16577
"STARA MIŁOSNA", 16551
"LEŻAJSKA", 16530
"WARSZAWA GOŁĄBKI", 16503
"BOGUSŁAWSKIEGO", 16382
"NISKA", 16323
"URSYNÓW PŁN.", 16311
"ADAMIECKIEGO", 16265
"KSIĄŻĘCA", 16258
"OS. MAJDAŃSKA", 16242
"PŁOWIECKA", 16203
"PL. HALLERA", 16190
"POPULARNA", 16177
"AL. ZIELENIECKA", 16130
"SYNÓW PUŁKU", 16095
"WARSZAWA WESOŁA", 16077
"KOCJANA", 16068
"WARSZAWA REMBERTÓW", 16032
"REMBIELIŃSKA", 16021
"RZYMOWSKIEGO", 16007
"STRZELECKIEGO", 16007
"BEŁDAN", 15959
"W-WA WOLA GRZYBOWSKA", 15618
"GRODZISK MAZ.", 15618
"ABRAHAMA", 15600
"AWF", 15525
"SZOBERA", 15513
"GARWOLIŃSKA", 15502
"ELBLĄSKA", 15458
"WIŚLICKA", 15436
"NOWY ŚWIAT", 15245
"DKS TARGÓWEK", 15245
"DW. ZACHODNI (TUNELOWA)", 15075
"HORBACZEWSKIEGO", 15062
"WAŁ GOCŁAWSKI", 15029
"UMIŃSKIEGO", 14995
"ROGALIŃSKA", 14942
"PKP URSUS-NIEDŹWIADEK", 14894
"SKOROSZEWSKA", 14846
"NOVOTEL", 14826
"JAKTORÓW", 14824
"SZANCERA", 14817
"ZIELONKA", 14707
"CH PROMENADA", 14700
"TORUŃSKA", 14598
"MODLIN LOTNISKO", 14598
"WOŁOMIN SŁONECZNA", 14528
"CENTRUM ONKOLOGII", 14506
"MAJAKOWSKIEGO", 14493
"LEGIA-STADION", 14492
"KOMORÓW", 14456
"ORDONA", 14401
"GWIAŹDZISTA", 14395
"PRZY AGORZE", 14390
"HALINÓW", 14337
"PODLEŚNA-IMiGW", 14335
"KAZUBÓW", 14292
"PŁOCKA-SZPITAL", 14251
"Warszawa Salomea", 14216
"MANGALIA", 14180
"RZESZOTARSKIEJ", 14106
"SUWAK", 14097
"MURANÓW", 14091
"NOWY ŚWIAT-UNIWERSYTET", 14042
"CM. WAWRZYSZEWSKI", 13976
"WIŚNIOWA", 13944
"WAT", 13902
"PIASECZNO", 13857
"ŁOJEWSKA", 13855
"BATUMI", 13838
"METRO CENTRUM NAUKI KOPERNIK", 13797
"CHOMICZÓWKA", 13791
"DĄBRÓWKA WIŚLANA", 13754
"BEREZYŃSKA", 13697
"BIBLIOTEKA NARODOWA", 13607
"CONRADA", 13525
"KINOWA", 13437
"CIEPŁOWNIA WOLA", 13396
"HANDLOWA", 13388
"CHOTOMÓW", 13329
"SZWEDZKA", 13302
"KOBYŁKA-OSSÓW", 13255
"LEGIONOWO", 13180
"CM. WŁOSKI", 13169
"KONDRATOWICZA", 13139
"KLARYSEWSKA", 13131
"ŻOŁNY", 13036
"Warszawa Raków", 12891
"STĘPIŃSKA", 12881
"MENNICA", 12852
"ZAJĘCZA", 12848
"STEGNY", 12803
"MARYNIN", 12724
"ZAJEZDNIA KLESZCZOWA", 12719
"PL. SZWEDZKI", 12656
"WARSZAWA OKĘCIE", 12645
"WARSZAWA GOCŁAWEK", 12634
"CH REDUTA", 12515
"BLISKA", 12450
"CM. WOLSKI", 12361
"KRÓLOWEJ MARYSIEŃKI", 12359
"JESIENNYCH LIŚCI", 12358
"PL. TEATRALNY", 12320
"PKP PIASECZNO", 12266
"RYŻOWA", 12251
"ŻERAŃ WSCHODNI", 12236
"BROWARNA", 12202
"GRENADIERÓW", 12200
"OS. DERBY", 12155
"MIŃSK MAZ. ANIELINA", 12041
"LUBELSKA", 11973
"POBORZAŃSKA", 11934
"ŚW. HIERONIMA", 11833
"GRABÓW", 11828
"KAPITULNA", 11823
"ŻYTNIA", 11815
"FALENICA", 11809
"MADALIŃSKIEGO", 11804
"INSTYTUT NEUROLOGII", 11796
"WARSZAWA WOLA GRZYBOWSKA", 11790
"DWERNICKIEGO", 11772
"UKSW", 11768
"SOKRATESA", 11759
"PL. INWALIDÓW", 11704
"EMILII PLATER", 11677
"KOŚCIÓŁ", 11664
"WITEBSKA", 11570
"WAŁ MIEDZESZYŃSKI", 11561
"BALEYA", 11484
"SMOLUCHOWSKIEGO", 11463
"BEETHOVENA", 11454
"PIASTÓW ŚLĄSKICH", 11276
"URSYNÓW ZACH.", 11257
"BIAŁOWIEJSKA", 11211
"PILECKIEGO", 11204
"REZEDOWA", 11196
"RACJONALIZACJI", 11123
"FIGOWA", 11089
"STACJA KRWIODAWSTWA", 11044
"KENIGA", 10985
"PARK SKARYSZEWSKI", 10923
"PIMOT", 10848
"CODZIENNA", 10733
"ORLA", 10732
"STOICKA", 10729
"NOWE WŁOCHY", 10708
"KU WIŚLE", 10695
"SOLEC", 10677
"HOŁUBCOWA", 10638
"RAKOWIECKA-SANKTUARIUM", 10607
"TRAUGUTTA", 10599
"URSUS-RATUSZ", 10579
"MŁYNARSKA", 10568
"KS. POPIEŁUSZKI", 10484
"DZIKA", 10439
"BUKOWIŃSKA", 10436
"PKP WŁOCHY", 10436
"PIOTRA SKARGI", 10412
"WARSZAWA PRAGA", 10412
"GOŁKOWSKA", 10385
"CZŁUCHOWSKA", 10382
"POLECZKI", 10345
"WIEJSKA", 10331
"GOLĘDZINÓW", 10322
"DZIERŻONIOWSKA", 10312
"SZASERÓW-SZPITAL", 10306
"WOŁOMIN", 10246
"MILENIJNA", 10238
"ZĄBKI", 10184
"MIKOŁAJSKA", 10183
"PIĘKNA", 10117
"OS. WILGA", 10073
"RECHNIEWSKIEGO", 10020
"ŁAGIEWNICKA", 9957
"WARSZAWA CHOSZCZÓWKA", 9940
"OŚRODEK WOJSKOWY", 9935
"PERZYŃSKIEGO", 9884
"KONWALIOWA", 9870
"WARSZAWSKA", 9861
"DALIBORA", 9832
"KS POLONIA", 9763
"PARK POSTĘPU", 9751
"MARYSIN", 9750
"DZIECI WARSZAWY", 9739
"ŻUROMIŃSKA", 9721
"ZARUSKIEGO", 9696
"ORLICH GNIAZD", 9667
"MALBORSKA", 9634
"ARMII KRAJOWEJ", 9565
"LESZNO", 9555
"LIPOWCZANA", 9549
"BRACI WAGÓW", 9536
"ŁABISZYŃSKA", 9534
"CMENTARZ", 9521
"MIKLASZEWSKIEGO", 9517
"KOSTRZEWSKIEGO", 9497
"ASPEKT", 9470
"ZAKRZEWSKA", 9428
"OŻARÓW MAZ.", 9419
"WARSZAWA TORUŃSKA", 9394
"AL. JANA PAWŁA II", 9394
"ROMASZEWSKIEGO", 9390
"GRENADY", 9390
"WARSZAWA PŁUDY", 9386
"MEISSNERA", 9377
"PL. POLITECHNIKI", 9371
"OKULAROWA", 9367
"CISIE", 9350
"FABRYCZNA", 9300
"INSTYTUT LOTNICTWA", 9299
"Warszawa Ochota WKD", 9296
"WITANÓW", 9290
"CYBERNETYKI", 9247
"NA BATERYJCE", 9246
"DOMANIEWSKA OFFICE PARK", 9240
"STEFANIKA", 9235
"OS. POTOK", 9225
"GŁĘBOCKA", 9203
"SULEJÓWEK", 9193
"NOWY DWÓR MAZ.", 9161
"GORZYKOWSKA", 9153
"OS. NOWY MOKOTÓW", 9150
"PODSKARBIŃSKA", 9144
"MOKOTOWSKA", 9103
"BOGATKI", 9062
"REDUTOWA", 9039
"DŁUGOSZA", 9024
"BIELANY-RATUSZ", 8976
"URZĄD MIASTA", 8973
"ZACHĘTA", 8969
"PUSTELNIK", 8964
"TUŻYCKA", 8951
"RONDO KS. J. POPIEŁUSZKI", 8951
"OS. ARBUZOWA", 8939
"ARESZT ŚLEDCZY SŁUŻEWIEC", 8927
"JULIANOWSKA", 8882
"FORT BLIZNE", 8882
"BIAŁOŁĘKA-RATUSZ", 8867
"CM. BRÓDNOWSKI", 8861
"KOCHANOWSKIEGO", 8826
"TRUSKAWIECKA", 8762
"POPIELA", 8746
"GEN. ZAJĄCZKA", 8731
"SMOCZA", 8712
"FARADAYA", 8697
"RUMIANKOWA", 8647
"NOSKOWSKIEGO", 8604
"WRÓBLA", 8517
"MIĘDZYLESIE", 8514
"ANTKA ROZPYLACZA", 8504
"OKRĄGŁA", 8502
"TELIGI", 8492
"MOST SIEKIERKOWSKI", 8411
"KWATERY GŁÓWNEJ", 8404
"LALKI", 8329
"KANAŁ ŻERAŃSKI", 8324
"OS. LEŚNE", 8321
"ARMATNIA", 8321
"KAROLKOWA", 8300
"WARSZAWA URSUS PŁN.", 8290
"GEN. MACZKA", 8265
"Warszawa Al. Jerozolimskie", 8264
"BŁONIE", 8236
"CHŁOPICKIEGO", 8185
"KIERBEDZIA", 8164
"REDUTA WOLSKA", 8160
"WAŁOWICKA", 8139
"TUŁOWICKA", 8132
"LAZUROWA", 8122
"RAGINISA", 8049
"KLUB LIRA", 7976
"PL. NIEMENA", 7973
"DUNIKOWSKIEGO", 7963
"SGGW-BIBLIOTEKA", 7930
"BUDZIŃSKIEJ-TYLICKIEJ", 7898
"SKARBKA Z GÓR", 7892
"PKP KOŁO", 7879
"MEKSYKAŃSKA", 7833
"KOŚCIUSZKI", 7800
"MARYMONT-POTOK", 7800
"MIŃSK MAZ.", 7796
"AL. 3 MAJA", 7735
"PARAFIALNA", 7732
"ZABRANIECKA", 7722
"DO FORTU", 7716
"REJTANA", 7636
"IWICZNA", 7619
"MŁODZIEŃCZA", 7614
"JÓRSKIEGO", 7609
"KS POLONEZ", 7591
"EKSPRESOWA", 7566
"BARTNICZA", 7558
"PKP TORUŃSKA", 7554
"KRYNOLINY", 7549
"MARIENSZTAT", 7539
"FRANCISZKAŃSKA", 7464
"POLINEZYJSKA", 7462
"USTANÓWEK", 7445
"REMBERTÓW-KOLONIA", 7433
"PKP POWIŚLE", 7426
"SPARTAŃSKA", 7384
"WAPOWSKIEGO", 7375
"BUKOWSKIEGO", 7374
"SIEKIERKI-SANKTUARIUM", 7365
"DRZEWIECKIEGO", 7287
"SPISAKA", 7280
"ZAJEZDNIA ŻOLIBORZ", 7253
"IX POPRZECZNA", 7245
"SZUBERTA", 7242
"KOŁOWA", 7212
"KLAUDYNY", 7203
"KICKIEGO", 7200
"SOSNKOWSKIEGO", 7191
"BUDOWLANA", 7144
"DZIELNA", 7125
"ŚNIEGOCKIEJ", 7021
"ENERGETYCZNA", 7008
"OBRAZKOWA", 6996
"KRASICKIEGO", 6990
"WYCZÓŁKI", 6990
"PKP OLSZYNKA GROCHOWSKA", 6965
"POGODNA", 6945
"TARGÓWEK", 6933
"RASZYŃSKA", 6916
"SÓJKI", 6909
"3 MAJA", 6870
"STANIEWICKA", 6858
"NOWOURSYNOWSKA", 6832
"DUCHNICKA", 6826
"ŻEROMSKIEGO", 6822
"KONDUKTORSKA", 6820
"MASZYNOWA", 6812
"ZAJEZDNIA WORONICZA", 6811
"KOSIARZY", 6776
"CM. PÓŁNOCNY-BRAMA GŁ.", 6768
"WOJNICKA", 6755
"ZIELONA", 6749
"KOBYŁKA", 6740
"MOST GDAŃSKI", 6716
"ŁUKOWSKA", 6689
"URSYNÓW PŁD.", 6673
"POWSINEK", 6671
"CZERNIAKOWSKA", 6663
"PIECHURÓW", 6648
"TARNOWIECKA", 6645
"SIEMIATYCKA", 6639
"PRZEDPOLE", 6600
"MYCIELSKIEGO", 6587
"PRZYBYSZEWSKIEGO", 6578
"OS. DERBY III", 6561
"LAMINA", 6561
"RADAROWA", 6540
"TRAWIASTA", 6533
"KLASYKÓW", 6527
"PL. GRZYBOWSKI", 6520
"URSUS-NIEDŹWIADEK", 6517
"BOHATEREWICZA", 6513
"KOMITETU OBRONY ROBOTNIKÓW", 6509
"OS. KABATY", 6501
"PODZAMCZE", 6498
"BIELSZOWICKA", 6479
"OS. LEWANDÓW I", 6469
"SIEDLCE", 6456
"OKĘCIE BUSINESS PARK", 6441
"PL. KRASIŃSKICH", 6419
"KAROLIN", 6414
"BAZYLIAŃSKA", 6404
"ROZŁOGI", 6379
"SAMOCHODOWA", 6355
"ŁOWICKA", 6327
"OS. STASZICA/PĘTLA", 6312
"OS. ISKRA", 6300
"GRZYBOWA", 6298
"LIMANOWSKIEGO", 6277
"REGULSKA", 6269
"FRANCUSKA", 6268
"SEZAM", 6196
"HOSPICJUM ONKOLOGICZNE", 6184
"MAŁEJ ŁĄKI", 6179
"STARODĘBY", 6179
"WIDAWSKA", 6155
"RKS ORZEŁ", 6153
"ODLEWNICZA", 6130
"TRAKT LUBELSKI", 6109
"MŁYN", 6101
"OGIŃSKIEGO", 6086
"JASNA", 6071
"ANDERSENA", 6067
"KWITNĄCA", 6036
"1 SIERPNIA", 6028
"ATEŃSKA", 6023
"PRZASNYSKA", 6020
"MAGISTRACKA", 6017
"GÓRNOŚLĄSKA", 5991
"WKD RAKÓW", 5983
"SKOROSZE", 5973
"INOWŁODZKA", 5971
"MALINOWSKIEGO", 5951
"WARSZAWA OLSZYNKA GROCH.", 5931
"ŁUKASZCZYKA", 5907
"NOWOLIPIE", 5904
"WARSZAWA DAWIDY", 5885
"PŁASKOWICKIEJ", 5875
"METRO STADION NARODOWY", 5867
"PEONII", 5858
"WARNEŃSKA", 5853
"WARSZAWA OLSZYNKA GROCHOWSKA", 5850
"LWOWSKA", 5849
"BYTNARA", 5844
"TORFOWA", 5755
"MANDARYNKI", 5753
"JANÓWEK", 5745
"NIEMCEWICZA", 5703
"SUWALSKA", 5700
"DRZEWORYTNIKÓW", 5700
"ORZESZKOWEJ", 5667
"PKP PRUSZKÓW", 5629
"CHŁODNA", 5605
"PKP ZACISZE-WILNO", 5585
"DĄBROWSKIEGO", 5583
"ORZECHOWA", 5549
"KAJKI", 5531
"JEZIORKO CZERNIAKOWSKIE", 5513
"CM. PRAWOSŁAWNY", 5509
"KOMPASOWA", 5502
"RONDO ŻABCZYŃSKIEGO", 5480
"CZYNSZOWA", 5471
"BIBLIOTEKA UNIWERSYTECKA", 5469
"MIŁOBĘDZKA", 5465
"SOBOCKA", 5439
"ZAGOŚCINIEC", 5407
"HENRYKÓW", 5381
"TAGORE'A", 5356
"AGRYKOLA", 5344
"GALLA ANONIMA", 5331
"Opacz", 5313
"OSMAŃSKA", 5309
"TWARDOWSKA", 5286
"ZAPUSTNA", 5286
"MOŁDAWSKA", 5253
"RADIOWA-WAT", 5250
"CZORSZTYŃSKA", 5242
"KLASZTORNA", 5231
"MOST ŚWIĘTOKRZYSKI", 5230
"HERBSTA", 5219
"ORZYCKA", 5208
"PL. TYSIĄCLECIA", 5196
"NAŁĘCZOWSKA", 5191
"NOCZNICKIEGO", 5177
"PELIKANÓW", 5162
"GAJOWA", 5153
"MARMUROWA", 5130
"BRAZYLIJSKA", 5112
"HALA SPORTOWA BEMOWO", 5111
"MYSZKOWSKA", 5095
"ZAOLZIAŃSKA", 5092
"KĄTY GRODZISKIE", 5085
"PATKOWSKIEGO", 5079
"OSIEDLE MŁODYCH", 5073
"ŁAZIENKI KRÓLEWSKIE", 5064
"TARCHOMIN KOŚCIELNY", 5034
"WYSZOGRODZKA", 5023
"MICKIEWICZA", 5002
"STARE ŚWIDRY", 5001
"ODYŃCA", 4983
"PARK BRÓDNOWSKI", 4972
"OGRODY DZIAŁKOWE KAWĘCZYN", 4954
"RYNEK", 4941
"KAPELI", 4940
"SKŁADKOWSKIEGO", 4936
"WYBRZEŻE HELSKIE", 4928
"STRYJEŃSKICH", 4861
"TOR KOLARSKI", 4859
"KAROWA", 4831
"CENTRUM MODY", 4801
"ROLANDA", 4799
"HALLERA", 4796
"CHODAKOWSKA", 4771
"PRATULIŃSKA", 4768
"ŚNIEŻNA", 4759
"NA SKRAJU", 4749
"ŻOŁNIERSKA", 4744
"INFLANCKA", 4739
"WOJSKA POLSKIEGO", 4733
"PL. PRZYMIERZA", 4728
"INSTYTUT REUMATOLOGII", 4727
"ODRĘBNA", 4720
"BIAŁOBRZESKA", 4706
"DĄBRÓWKA SZLACHECKA", 4683
"PKP ŻERAŃ", 4671
"WODNIAKÓW", 4661
"DZIAŁKOWA", 4659
"CENTRUM TARGOWE", 4657
"Nowa Wieś Warszawska", 4656
"Michałowice", 4653
"OSTRÓDZKA", 4624
"WARSZAWA MOKRY ŁUG", 4600
"TECHNIKÓW", 4590
"ODESKA", 4583
"ODRODZENIA", 4568
"AL. WIELKOPOLSKI", 4536
"DS RIVIERA", 4533
"STERNICZA", 4526
"GDECKA", 4515
"ŚMIGIELSKA", 4498
"DOJAZDOWA", 4497
"CHOSZCZÓWKA", 4493
"ZAŚCIANKOWA", 4486
"PKP FALENICA", 4468
"KOCJANA-BOCZNICA", 4466
"MONTE CASSINO", 4457
"OŚ KRÓLEWSKA", 4453
"DOBCZYN", 4452
"ŚWIDERSKA", 4449
"ŁOSOSIOWA", 4421
"NARWIK", 4399
"ARBUZOWA", 4387
"HENRYKA BRODATEGO", 4369
"POTOCKICH", 4348
"TROCKA", 4345
"ZAJEZDNIA REDUTOWA", 4340
"STAWY", 4324
"ZWYCIĘZCÓW", 4316
"NIEDŹWIEDZIA", 4316
"MAKLAKIEWICZA", 4314
"BURSZTYNOWA-SZPITAL", 4302
"CONRADA-SZKOŁA", 4302
"ŁOWCZA", 4298
"KOŹMIŃSKA", 4285
"MIĘDZYBORÓW", 4254
"GRANICZNA", 4243
"POTULICKA", 4233
"ZAPLECZE", 4226
"SZAFARZY", 4219
"PKP RADOŚĆ", 4211
"KAKOWSKIEGO", 4199
"OPACZEWSKA", 4180
"STRUMYKOWA", 4168
"Reguły", 4151
"LERCHA", 4147
"HASSA", 4141
"WARSZAWA ŻERAŃ", 4137
"KOŚCIELISKA", 4112
"PIĘCIOLINII", 4102
"MASZEWSKA", 4098
"MAKOLĄGWY", 4095
"SZARYCH SZEREGÓW", 4086
"OBROŃCÓW TOBRUKU", 4084
"ŚRODKOWA", 4071
"PKP GOCŁAWEK", 4062
"NOWA IWICZNA", 4053
"SYPNIEWSKA", 4052
"KOŁBIEL", 4048
"NIK", 4040
"REMBERTÓW-AON", 4030
"OSMAŃSKA-DHL", 4020
"BUDEXPO", 4013
"MOST GROTA-ROWECKIEGO", 3999
"ŻUPNICZA", 3968
"RUDZKA", 3966
"PKP REMBERTÓW", 3948
"CICHA", 3943
"DOBOSZA", 3914
"KONWIKTORSKA", 3913
"NIZINNA", 3892
"MADALIŃSKIEGO-SZPITAL", 3887
"POLSKIE RADIO", 3871
"ŚWIĘTOJERSKA", 3863
"SANGUSZKI", 3859
"DĄBRÓWKA", 3850
"TKACZY", 3841
"POLNA", 3840
"TEATR KOMEDIA", 3836
"Warszawa Zachodnia WKD", 3836
"WYNALAZEK", 3829
"WIERUCHOWSKA", 3822
"CYKLAMENÓW", 3820
"POMIECHOWSKA", 3806
"PERKUNA", 3803
"BOERNEROWO", 3799
"BUKÓW", 3796
"MIŁA", 3793
"OGRODY DZIAŁKOWE PIASKI", 3792
"WESOŁA-RATUSZ", 3779
"TELEWIZJA POLSKA", 3761
"ADAMPOLSKA", 3754
"MEGASAM", 3746
"MARKOWSKA", 3735
"BOHOMOLCA", 3725
"SIWIŃSKIEGO", 3724
"SPORTOWA", 3721
"OBRZEŻNA", 3711
"WIELOWIEJSKA", 3696
"NACZELNIKOWSKA", 3694
"FORT BEMA", 3685
"PRYSTORA", 3675
"TŁUSZCZ", 3643
"ZIELENIECKA", 3619
"SANTOCKA", 3618
"MYSIADŁO", 3614
"URZĄD GMINY", 3573
"POMOLOGICZNA", 3561
"BELGRADZKA", 3557
"WOŁOMIŃSKA", 3548
"CYNAMONOWA", 3543
"LAS BIELAŃSKI", 3539
"KSIĘŻYCOWA", 3536
"KOBIAŁKA-SZKOŁA", 3533
"PIASTA KOŁODZIEJA", 3530
"NOWY SĘKOCIN", 3525
"Centrum", 3523
"BIAŁOŁĘKA DWORSKA", 3522
"PIASECZNICA", 3514
"MIŃSKA", 3512
"CHODECKA", 3479
"LUCERNY", 3478
"GRODZISK", 3474
"OLSZOWA", 3459
"KONOPACKA", 3459
"LANCIEGO", 3458
"BARTŁOMIEJA", 3444
"PKP ANIN", 3435
"KŁOBUCKA", 3430
"OGRÓD DZIAŁKOWY IM. WARNEŃCZYKA", 3429
"DZIAŁYŃCZYKÓW", 3424
"LASEK NA KOLE", 3420
"LEWINOWSKA", 3420
"WIRAŻOWA", 3415
"POSAG 7 PANIEN", 3413
"JARACZA", 3403
"SYMPATYCZNA", 3402
"WALECZNYCH", 3394
"PKP URSUS PŁN.", 3394
"CIOŁKOSZA", 3394
"JERZEGO", 3385
"GRZYMALITÓW", 3384
"PKP LEGIONOWO", 3384
"PIRENEJSKA", 3383
"Dw. Centralny", 3345
"PKP MIĘDZYLESIE", 3324
"ALUZYJNA", 3324
"ŁYSAKOWSKA", 3314
"WŁADYSŁAWA HERMANA", 3309
"KRASNOWOLA", 3300
"JARZĘBINOWA", 3295
"rondo Zesłańców Syberyjskich", 3277
"RODŁA", 3271
"PELCOWIZNA", 3264
"SANKTUARIUM", 3257
"PAŁACOWA", 3240
"ŁUKOWA", 3237
"OS. JANTAR", 3226
"KOMPUTEROWA", 3208
"POETÓW", 3205
"WIERNA", 3193
"JAWCZYCE", 3188
"DĘBOWA", 3180
"NATOLIN PŁN.", 3171
"SZYSZKOWA", 3167
"DĘBE WIELKIE", 3163
"PUŁASKIEGO", 3139
"KLIMONTOWSKA", 3137
"KOMBAJNISTÓW", 3115
"PL. BERNARDYŃSKI", 3106
"TABOROWA", 3097
"JAROSŁAWSKA", 3092
"BOROWA", 3090
"ZAMENHOFA", 3082
"SUZINA", 3056
"11 LISTOPADA", 3050
"LEKTYKARSKA", 3045
"ŚRENIAWITÓW", 3033
"AL. WOJSKA POLSKIEGO", 3029
"TRZYKROTKI", 3023
"OBOZOWA", 3021
"SUCHA ŻYRARDOWSKA", 3019
"Terminal Autokarowy", 3018
"JANKI MAŁE", 3012
"JURAJSKA", 3008
"NOWAKA-JEZIORAŃSKIEGO", 3003
"KANAŁ GOCŁAWSKI", 3000
"INSTYTUT HEMATOLOGII", 2993
"KONCERTOWA", 2992
"ŁĄCZYNY", 2981
"BRATA ALBERTA", 2954
"RONDO DASZYŃSKIEGO - ", 2951
"KS. SITNIKA", 2944
"PŁUŻAŃSKA", 2936
"JADWISIN", 2935
"JAGIELSKA", 2930
"Tworki", 2925
"WIELISZEW", 2918
"MACZKA", 2913
"URSUS-SANKTUARIUM", 2912
"BOBROWIECKA", 2909
"OS. DOMANIEWSKA", 2903
"PRASOWA", 2902
"SPALINOWA", 2901
"SREBRNYCH ŚWIERKÓW", 2900
"HALA ZNICZ", 2898
"JESIONOWA", 2893
"BOLEŚĆ", 2869
"EC SIEKIERKI", 2866
"ŁOMIANKI-CENTRUM", 2846
"OBJAZDOWA", 2838
"TANGO", 2836
"NALEWKI-MUZEUM", 2820
"SZPITALNA", 2819
"Pruszków WKD", 2818
"JURANDA ZE SPYCHOWA-SZKOŁA", 2813
"KSIĘCIA BOLESŁAWA", 2807
"WIERTNICZA", 2802
"POMIECHÓWEK", 2786
"ZERZEŃ", 2764
"OS. DERBY VI", 2756
"MICHAŁÓW-REGINÓW", 2751
"TŁUCHOWSKA", 2739
"GRODZISK MAZ. RADOŃSKA", 2734
"GEODEZYJNA", 2728
"PARK ZDROJOWY", 2726
"KRYNICZNA", 2723
"DZIERZGOŃSKA", 2722
"PKP GRODZISK MAZOWIECKI", 2712
"PRZEBIEG", 2710
"INSTYTUT KARDIOLOGII", 2708
"Koszykowa", 2707
"OS. ZIELONY STAW", 2702
"SOCHACZEWSKA", 2701
"OGÓRKOWA", 2696
"DW. GDAŃSKI (RYDYGIERA)", 2696
"SZASERÓW", 2695
"ANNY JAGIELLONKI", 2692
"NORWIDA", 2686
"WRZOSÓW", 2679
"WRZECIONO", 2676
"RUBINOWA", 2673
"GROSZÓWKA", 2672
"JARZĄBKA", 2672
"PKP OKĘCIE", 2671
"PUSTOLA", 2670
"BYSTRA", 2655
"KARCZOCHA", 2651
"POŻAROWA", 2649
"KSIĘŻNEJ ANNY", 2644
"ĆWIKLIŃSKIEJ", 2641
"OGRODY DZIAŁKOWE PALUCH", 2619
"ZAJEZDNIA UTRATA", 2619
"WARSZAWA JEZIORKI", 2603
"PORAJÓW", 2598
"CZARNIECKIEGO", 2597
"Podkowa Leśna Wschodnia", 2594
"SIEMIEŃSKIEGO", 2587
"MARCELIN", 2581
"STEFANA BATOREGO", 2578
"PAROWCOWA", 2571
"CZATÓW", 2571
"INTERNETOWA", 2561
"OS. BERNARDYŃSKA", 2550
"SIENNICKA", 2548
"Krucza", 2545
"pl. Starynkiewicza", 2538
"UROCZA", 2537
"PKP MIEDZESZYN", 2533
"SEROKI", 2529
"POGORZEL WARSZAWSKA", 2520
"MIELCZARSKIEGO", 2518
"ALEKSANDRÓW", 2512
"MAŁCUŻYŃSKIEGO", 2503
"Podkowa Leśna Zachodnia", 2497
"AL. PIŁSUDSKIEGO", 2479
"RADIOWO", 2472
"OCZAPOWSKIEGO", 2468
"KASZTANOWA", 2468
"DZIEKANÓW LEŚNY", 2454
"CHMIELNA", 2434
"GOCŁAWEK WSCHODNI", 2432
"KLAMROWA", 2425
"TYLŻYCKA", 2423
"RYBAŁTÓW", 2417
"DZIEWANOWSKA", 2411
"BYSŁAWSKA", 2403
"GRABINA", 2398
"NOAKOWSKIEGO", 2388
"CHODKIEWICZA", 2386
"KOPCIŃSKIEGO", 2386
"SOCHACZEW", 2385
"NOWINY", 2383
"KANAŁ NOWE UJŚCIE", 2369
"FORT WAWRZYSZEW", 2367
"SAMARYTANKA", 2363
"DŁUGORZECZNA", 2362
"PRZEWORSKA", 2362
"MAŃKI-WOJDY", 2356
"BELLOTTIEGO", 2349
"SOLIDNA", 2348
"WĄWOZOWA", 2345
"Warszawa Lotnisko Chopina", 2344
"POŻARYSKIEGO", 2341
"KORSAKA", 2334
"POMORSKA", 2333
"POMNIK SAPERA", 2332
"WOJSŁAWICKA", 2332
"DOSTAWCZA", 2326
"RYBNICKA", 2325
"KARCZUNKOWSKA", 2308
"GONTARSKA", 2307
"RADIOSTACJA ŁAZY", 2306
"KADETÓW-KOŚCIÓŁ", 2305
"STRZELECKA", 2304
"ŻYRARDÓW", 2299
"OS. WYŻYNY", 2298
"MOKRY ŁUG", 2294
"CERAMICZNA", 2292
"ZWOLEŃSKA", 2288
"WAWER-RATUSZ", 2280
"RYBNA", 2268
"ASTRONAUTÓW", 2260
"WALEREGO SŁAWKA", 2251
"KANAŁ BRÓDNOWSKI", 2247
"CZARNA STRUGA", 2245
"NADZIEI", 2244
"SIEDLISKOWA", 2241
"POWĄZKI-IV BRAMA", 2239
"ŁOKIETKA", 2238
"Hala Kopińska", 2237
"NAMYSŁOWSKA", 2223
"OS. PRZYLESIE", 2223
"URZĄD STATYSTYCZNY", 2219
"WINNICA", 2202
"STAROSTWO", 2195
"Kanie Helenowskie", 2193
"SAGALLI", 2192
"PODKOWA LEŚNA GŁÓWNA", 2189
"WENECKA", 2178
"MOTYLKOWA", 2160
"DANUSI", 2158
"KRZYŻANOWSKIEGO", 2139
"BATALIONÓW CHŁOPSKICH", 2134
"ZALESINEK", 2134
"NOWODWORSKA", 2129
"RUSKOWY BRÓD", 2123
"TRAKT LUBELSKI-LAS", 2123
"CZERWONYCH BERETÓW", 2118
"BORKÓW", 2117
"CENTRUM OLIMPIJSKIE", 2116
"MAGIERA", 2115
"BEŁZY", 2115
"BAREI", 2114
"CEGŁÓW", 2109
"KOLEJKA PIASECZYŃSKA", 2108
"DROGOWA", 2107
"ZACHODNIA", 2105
"ZARUBY", 2103
"SPISKA", 2098
"PKP WAWER", 2094
"PODOLSKA", 2094
"ANNY GERMAN", 2083
"CM. PÓŁNOCNY-BRAMA PŁD.", 2073
"KOWIEŃSKA", 2071
"rondo ONZ", 2064
"STRZYGŁOWSKA", 2062
"LISTONOSZY", 2061
"KIEPURY", 2058
"PIELĘGNIAREK", 2047
"LOKAJSKIEGO", 2044
"JEZIOROWA", 2035
"Park Praski", 2034
"SIENNA", 2026
"INSTYTUT ENERGETYKI", 2023
"SZACHOWA", 2016
"MALINOWA", 2014
"STASZICA", 2009
"DŁUGA", 2002
"BRODY WARSZAWSKIE", 1998
"WERSALSKA", 1996
"WOLA GRZYBOWSKA", 1994
"JANKI", 1991
"KOMOROWSKA-HOTEL", 1990
"ESTRADY", 1981
"BITWY WARSZAWSKIEJ 1920", 1974
"INSTRUKTORSKA", 1973
"BERENSONA", 1967
"PIASTA", 1966
"OKNICKA", 1966
"ARMII \"POZNAŃ\"", 1966
"SIEKIERKOWSKA", 1954
"PKP Kasprzaka", 1946
"MILANÓWEK GRUDÓW", 1940
"PL. POWSTAŃCÓW WARSZAWY", 1939
"Metro Ratusz Arsenał", 1932
"CYTADELA", 1914
"PKP PŁUDY", 1909
"RZECZNA", 1909
"ŻYWIECKA", 1908
"SIERAKOWSKIEGO", 1908
"AL. SOLIDARNOŚCI", 1902
"KĄTNE", 1878
"ROGOWSKA", 1877
"FLETNIOWA", 1876
"RACZKIEWICZA", 1874
"rondo Unii Europejskiej", 1867
"SOŁTYKA", 1865
"OKRZEI", 1861
"TABITA", 1861
"SIEDMIOGRODZKA", 1861
"PAŁAC", 1860
"KOSAĆCOWA", 1859
"SADKOWSKA", 1854
"AL. BOHATERÓW WRZEŚNIA", 1849
"CHRZĘSNE", 1849
"EDISONA", 1849
"BOŻA WOLA", 1848
"TERMINAL CARGO", 1846
"BURAKÓW", 1846
"OGRODY DZIAŁKOWE WILANÓWKA", 1846
"WAFLOWA", 1842
"WIĄZANA", 1833
"OS. LEWANDÓW II", 1832
"ŻONKILOWA", 1825
"MARYWILSKA-LAS", 1825
"CZWARTAKÓW", 1818
"GILARSKA", 1817
"CHĘCIŃSKA", 1808
"ZEGRZE PŁD.", 1806
"KORNELIN", 1803
"SIKORSKIEGO", 1800
"CENTRUM ZDROWIA DZIECKA", 1792
"GARWOLIN", 1784
"SUŁKOWICE", 1783
"PADEREWSKIEGO", 1777
"KACZMARSKIEGO", 1776
"Otrębusy", 1773
"WILLOWA", 1767
"JARA", 1766
"KRAŃCOWA", 1766
"AGATOWA", 1763
"WIOSENNA", 1758
"NIEDZIAŁKOWSKIEGO", 1755
"LEŚNA", 1748
"TOŁSTOJA", 1746
"Grzymały-Sokołowskiego", 1744
"BARCZĄCA", 1744
"CUKROWNICZA", 1742
"WOLNOŚCI", 1742
"SIENKIEWICZA", 1741
"NIEPODLEGŁOŚCI", 1740
"PIASTOWSKA", 1737
"SŁOWACKIEGO", 1735
"KLARYSEW", 1732
"WAŁBRZYSKA-CMENTARZ", 1732
"BARSZCZEWSKA", 1728
"OS. ORLIK", 1725
"ESKULAPÓW", 1724
"REMBERTÓW-AKADEMIA", 1717
"ĆMIELOWSKA", 1701
"GŁOGI", 1698
"PARCELACYJNA", 1691
"JULIANOWSKA-CMENTARZ", 1689
"SZELIGOWSKA-WIADUKT", 1688
"PANCERA", 1688
"EUROPEJSKA", 1683
"ZŁOTOKŁOS", 1682
"RONDO GRANZOWA", 1680
"SIODLARSKA", 1677
"SPÓŁDZIELNIA NOMA", 1674
"RADOM", 1671
"SZOSA LUBELSKA", 1668
"Malichy", 1650
"GŁOWACKIEGO", 1650
"WARSZAWA ZOO", 1644
"PODLEŚNA", 1643
"HANKI ORDONÓWNY", 1635
"NOWE DĘBE WIELKIE", 1633
"JURANDA ZE SPYCHOWA", 1633
"HETMAŃSKA", 1632
"PODBIAŁOWA", 1628
"ZAWODOWA", 1621
"WYSPIAŃSKIEGO", 1619
"HUTNICZA", 1619
"PL. OSTREJ BRAMY", 1616
"SZOLC-ROGOZIŃSKIEGO", 1616
"LEŚNEJ POLANKI", 1613
"NASIELSK", 1595
"BOHUNA", 1589
"KATOWICKA", 1586
"WĄSKA", 1582
"MAŁYCH DĘBÓW", 1577
"KUSOCIŃSKIEGO", 1567
"GOŚCIERADOWSKA", 1561
"WRONIA", 1560
"POŁUDNIOWA", 1559
"RYCERSKA", 1558
"RYDYGIERA", 1556
"BRYLOWSKA", 1547
"WYBRZEŻE SZCZECIŃSKIE", 1546
"PKP JEZIORKI", 1542
"rondo \"Radosława\"", 1539
"BRACI ZAWADZKICH", 1538
"KOSÓW", 1535
"WIOLINOWA", 1531
"POLONEZA", 1529
"SCHROEGERA", 1510
"GRZEGORZEWSKIEJ", 1506
"LAUROWA", 1502
"BRONOWSKA", 1500
"PKP WESOŁA", 1484
"WIERZBOWA", 1480
"RUTY", 1478
"RUDNICKIEGO", 1470
"SZARADY", 1468
"SPADOWA", 1466
"pl. Grunwaldzki", 1463
"DĘBINA", 1455
"PL. SPORTOWY", 1449
"DOMINIKAŃSKA", 1445
"CZACHÓWEK GÓRNY", 1444
"SOSNOWA", 1434
"DROBIARSKA", 1433
"OŚRODEK SZKOLENIOWY", 1426
"WILKOWIECKA", 1421
"KSAWERÓW", 1418
"KRÓLOWEJ BONY", 1417
"LEBIODOWA", 1413
"BOHUSZEWICZÓWNY", 1413
"TATARSKA", 1413
"LEGIONOWA", 1411
"KAJETANY", 1409
"PODBIPIĘTY", 1406
"Ząbkowska", 1405
"KADETÓW", 1402
"WÓLKA WĘGLOWA", 1400
"ROSOCHATA", 1400
"OS. LAS", 1399
"KOŚCIUSZKI-SZKOŁA", 1397
"POWSIN-PARK KULTURY", 1396
"PODGÓRNA", 1385
"PRZEPIÓRKI", 1383
"BRONISZE", 1383
"RAABEGO", 1377
"OLESIN", 1375
"NUGAT", 1374
"GRODZISZCZE MAZ.", 1369
"PREFABET", 1369
"RYCHNOWSKA", 1357
"RZEMIEŚLNICZA", 1356
"KS. SKORUPKI", 1355
"BRZEZINY", 1352
"WILANOWSKA", 1340
"RADZYMIŃSKA", 1338
"POCZTY GDAŃSKIEJ", 1338
"BIELAŃSKA", 1335
"CMENTARZ 1920 R.", 1332
"PILAWA", 1329
"MAGELLANA", 1328
"GRABÓW N. PILICĄ", 1326
"KATIUSZY", 1325
"WARSZAWA ZACISZE - WILNO", 1324
"ANDRUTOWA", 1323
"PL. MAŁACHOWSKIEGO", 1316
"OS. OLSZYNY", 1316
"CZACHÓWEK PŁD.", 1314
"Berestecka", 1309
"PIASKOWA", 1309
"CHUDOBY", 1305
"DUCHNÓW", 1304
"OS. KONSTANCJA", 1300
"SZAMOCIN", 1297
"BŁOTA", 1293
"LOTNISKO CHOPINA-ODLOTY", 1293
"ORACZY", 1291
"KRZYWICKIEGO", 1286
"KAFLOWA", 1280
"WARCHAŁOWSKIEGO", 1278
"SZPITAL GROCHOWSKI", 1275
"RADIOWO-BOCZNICA", 1274
"WARTKA", 1274
"PICASSA", 1273
"SZYMANOWSKIEGO", 1269
"SKIBIŃSKIEGO", 1266
"GOŁKÓW-LETNISKO", 1265
"MAŁEGO RYCERZA", 1264
"CIECHANÓW", 1261
"GOŁKÓW-WIEŚ", 1260
"KAMIŃSKIEGO", 1257
"MIGDAŁOWA", 1254
"Kino Femina", 1251
"BRZEZIŃSKA", 1250
"OKRĘŻNA", 1244
"GRUSZY", 1243
"BIAŁOBRZEGI", 1243
"DULAG", 1241
"WYGODA", 1240
"KARTEZJUSZA", 1238
"PARK MŁOCIŃSKI", 1224
"GROTY", 1223
"BAJECZNA", 1222
"KWIATOWA", 1211
"PRZYLEŚNA", 1211
"CZERUCHY", 1210
"WĘDKARSKA", 1210
"ZDZIARSKA", 1208
"CHEMICZNA", 1203
"Okopowa", 1202
"MAGNOLII", 1200
"PKP MILANÓWEK", 1198
"ŚWIDER-KOŚCIÓŁ", 1196
"JASIENICA MAZ.", 1196
"ŁOMIANKI-SZKOŁA", 1196
"ŚNIADECKICH", 1194
"ICDS", 1191
"CZEKOLADOWA", 1187
"pl. Zawiszy", 1186
"Warszawa Ochota", 1186
"MATUSZEWSKA", 1177
"UMIASTOWSKA", 1171
"OS. RUDA", 1167
"PRZELOTOWA", 1166
"POWSTAŃCÓW", 1162
"Wiatraczna", 1160
"CHYNÓW", 1160
"GRABALÓWKI", 1160
"SMUGOWA", 1154
"GÓRA KALWARIA", 1153
"KOMETY", 1151
"OGRÓD BOTANICZNY", 1151
"CZEKANOWSKA", 1150
"OLECKA", 1147
"LELEWELA", 1138
"PŁUŻNICKA", 1137
"OGRODOWA", 1128
"OGRODY DZIAŁKOWE CZERNIAKÓW", 1127
"PKP GOŁĄBKI", 1124
"MOCHTYŃSKA", 1118
"PARKOWA", 1113
"PUCHAŁY", 1113
"JULIANÓW", 1110
"KUPIECKA", 1110
"ROZŁUCKA", 1106
"ZAWODZIE", 1099
"OŚRODEK LOK", 1099
"KUŹNICY KOŁŁĄTAJOWSKIEJ", 1094
"POWOJOWA", 1093
"LIPOWA", 1090
"Zajezdnia Praga", 1087
"SĘKOCIN LAS", 1084
"PARZNIEW", 1080
"Grodzisk Maz. Jordanowice", 1079
"MAJDAN", 1077
"PRZEKORNA", 1077
"PKP BRWINÓW", 1072
"IMUZ", 1068
"SMOLNA", 1064
"SIARCZANA", 1059
"PILCHA", 1058
"REMBERTÓW-RATUSZ", 1058
"ZAKRĘTOWA", 1057
"PL. KOŚCIUSZKI", 1055
"LINDLEYA", 1051
"ROGATKOWA", 1051
"DANISZEWSKA", 1048
"TURMONCKA", 1038
"PASTUSZKÓW", 1035
"ZAGŁOBY", 1031
"KOŚCIELNA", 1028
"NOWE ZAŁUBICE", 1028
"FRACHTOWA", 1028
"SIERAKOWSKA", 1025
"most Poniatowskiego", 1020
"PROZY", 1019
"MAŁE SIEKIERKI", 1016
"KRĘŻEL", 1009
"Grodzisk Maz. Piaskowa", 1008
"ROKOSOWSKA", 1008
"rondo Starzyńskiego", 1007
"ZBYSZKA Z BOGDAŃCA", 1002
"RUDA TALUBSKA", 1002
"Inżynierska", 1001
"REBUSOWA", 1000
"KINO BAŚŃ", 995
"ZACISZE", 995
"TAWUŁKOWA", 993
"pl. Konstytucji", 992
"Hoża", 991
"POWSTAŃCÓW WARSZAWY", 989
"NARODOWA", 985
"PAŃSKA", 980
"STEFANÓWKA", 979
"Warszawa Zachodnia", 978
"STATKOWSKIEGO", 977
"MIRKOWSKA", 969
"BLIZNE JASIŃSKIEGO", 966
"CM. PÓŁNOCNY-BRAMA ZACH.", 963
"DYREKCJA FSO", 962
"IDZIKOWSKIEGO", 962
"LESZCZYŃSKIEGO", 961
"SZYMAŃSKIEGO", 961
"MROZY", 960
"ECHA LEŚNE", 959
"ZAUŁEK", 952
"Dw. Wileński", 950
"KOBIAŁKA", 949
"INSTALATORÓW-KAM", 945
"BUKOWIECKA", 943
"STOCER", 943
"SKIERNIEWICE", 938
"PODKOWY", 937
"NADARZYŃSKA", 931
"Łódź Fabryczna", 930
"PEDAGOGICZNA", 930
"MONTAŻOWA", 929
"RONDO SOLIDARNOŚCI", 925
"OGRODY DZIAŁKOWE NA SKRAJU", 923
"LIPY", 921
"CELESTYNÓW", 916
"PKP LEGIONOWO-PRZYSTANEK", 914
"STARY SĘKOCIN", 914
"TURCZYNEK", 909
"SYTA", 908
"LESZNOWOLA-POLE", 907
"KOZIELSKA", 906
"HRABSKA DROGA", 905
"WIENIAWSKIEGO", 903
"WAŁUSZEWSKA", 903
"WRZOSOWA", 896
"DZIĘCIOŁA", 896
"MUZEALNA", 895
"WYSZYŃSKIEGO", 894
"BACHA", 894
"SIELANKOWA", 893
"MOKRA", 890
"OSMAŃCZYKA", 889
"ODKRYTA", 888
"KLAUDYN", 887
"KOLEJOWA", 887
"ISKRY", 881
"JUHASÓW", 878
"SIEDLCE WSCHODNIE", 876
"OJCA ANICETA", 874
"OS. MARYWILSKA", 871
"SOKOŁOWSKIEGO", 871
"INSUREKCJI", 868
"KOŃSKI JAR", 867
"MODRA", 863
"Kijowska", 863
"RUCZAJ", 861
"SALOMEA", 856
"KORBOŃSKIEGO", 856
"Sielce", 846
"Muzeum Narodowe", 846
"Spacerowa", 845
"ZGODA", 843
"KÓRNICKA", 837
"JAGIELLOŃSKA", 837
"TALAROWA", 836
"OS. MŁODYCH", 833
"Dw. Zachodni", 832
"STADION", 831
"Legionowo Piaski", 831
"OS. VICTORIA", 829
"rondo Daszyńskiego", 828
"OSTRÓDZKA-SZKOŁA", 826
"URBANISTÓW", 825
"WALEWSKA", 822
"LUBICZÓW", 817
"CHYLICZKOWSKA-TECHNIKUM", 813
"MAJERANKOWA", 812
"PORT NIEPORĘT", 809
"DREWNICKA", 808
"Szczęśliwicka", 806
"AUGUSTÓWKA", 806
"TERESIN-NIEPOKALANÓW", 805
"BORYSZEWSKA", 799
"pl. Bankowy", 796
"KOPIJNIKÓW", 793
"MAJDAN-STACJA PALIW", 792
"rondo Waszyngtona", 790
"ZIELONKI", 790
"JOLIOT-CURIE", 786
"Metro Świętokrzyska", 782
"NOWY PODOLSZYN", 782
"KORKOWA-CMENTARZ", 776
"OS. BUKOWY DWOREK", 771
"MERA-PNEFAL", 771
"KS. SZULCZYKA", 771
"CH STARA PAPIERNIA", 763
"Żółkiewskiego", 762
"CIEPŁOWNIA KAWĘCZYN", 762
"KROKWI", 761
"OSIEDLE", 758
"FORTOWA", 758
"CZERWIŃSKA", 758
"KLEMBÓW", 755
"MELCERA", 753
"CHABROWA", 751
"ŻWIROWA", 750
"MOZAIKOWA", 749
"SUCHY LAS", 748
"GÓRASZKA", 743
"KĘPA ZAWADOWSKA", 743
"Zamieniecka", 742
"OŚRODEK AZS", 742
"DROHICKA", 737
"PL. PONIATOWSKIEGO", 735
"CEGLANA", 735
"HUSARSKA", 734
"GŁOSKÓW-SZKOŁA", 729
"LIPKÓW-MUZEUM", 726
"PRZEŁĘCZY", 724
"FIELDORFA", 723
"KORDIANA", 723
"Domaniewska", 722
"BUCHNIK", 720
"AKCENT", 718
"Brzózki", 713
"KOLONIA WARSZAWSKA", 713
"Grodkowska", 710
"STAROSTWO POWIATOWE", 710
"Saska", 708
"BANIOCHA", 707
"PRZEDPEŁSKIEGO", 706
"PRAŻMOWSKA", 704
"KAMYKOWA", 703
"STARA WIEŚ", 694
"AGRICOOP", 690
"REKRUCKA", 686
"KAMERALNA", 685
"MORY", 681
"MRĄGOWSKA", 680
"POCZTOWA", 676
"WOJCIECHOWSKIEGO", 676
"OS. PIASKI", 676
"ZEGRZYŃSKA", 676
"Wawelska", 675
"GWARNA", 675
"os. Wolska", 675
"ŁAZY", 673
"TOMASZEW", 672
"KOLARSKA", 672
"KADETÓW-SZKOŁA", 671
"Metro Politechnika", 670
"CZOŁGISTÓW", 669
"CELULOZY", 669
"LESZYCKIEGO", 669
"Wola-Ratusz", 665
"KAMPINOS", 662
"PRZY PARKU", 661
"OSTRÓWEK WĘGROWSKI", 660
"Dworkowa", 659
"ROZCHODNIKOWA", 653
"SZPITAL ONKOLOGICZNY", 652
"KMŁ", 652
"OBROŃCÓW WARSZAWY", 651
"BATALIONU WŁOCHY", 650
"LESZCZYDÓŁ", 649
"SZPITAL POWIATOWY", 648
"PLANETOWA", 645
"PODKOWIŃSKA", 644
"PLUTONU TORPEDY", 643
"Stare Miasto", 641
"PALISADOWA", 639
"KOCJANA-SĄDY", 639
"CYLICHOWSKA", 638
"Bitwy Warszawskiej 1920 r.", 635
"PORZECZKOWA", 635
"GWARKÓW", 628
"PKP HALINÓW", 627
"HOTELOWA", 627
"BANKOWA", 627
"pl. Teatralny", 626
"CH Targówek", 622
"BUCHALTERYJNA", 619
"ARENA LEGIONOWO", 618
"Grodzisk Maz. Okrężna", 618
"SKOLIMÓW", 618
"MAŁKINIA", 615
"CM. POŁUDNIOWY-BRAMA PŁD.", 615
"rondo Żaba", 614
"KĄPIELOWA", 614
"HIPODROM", 613
"PRZEJEZDNA", 613
"TOMASZOWSKA", 612
"pl. Szembeka", 611
"PALUCH", 610
"Krakowiaków", 608
"PKP Rakowiec", 606
"GAZOWNIA", 606
"ZGRUPOWANIA AK \"KAMPINOS\"", 605
"ŻUBROWA-UKSW", 603
"pl. Zbawiciela", 603
"Bokserska", 602
"Zajezdnia Ostrobramska", 599
"VOGLA-MORYSIN", 599
"WCZASOWA", 598
"Rakowiecka", 597
"Goraszewska", 596
"Muranowska", 595
"GĄSEK", 595
"WIELISZEW-PLAŻA", 594
"Baseny Inflancka", 592
"HARNASIE", 590
"Radiowa", 588
"Płochocińska", 587
"ZEGARYNKI", 586
"ZAJEZDNIA STALOWA", 586
"ZIELONEJ GĘSI", 585
"Góralska", 584
"PROMYKA", 584
"Woronicza", 584
"pl. Wilsona", 583
"Park Dreszera", 581
"Szkolna", 581
"GRUNTOWA", 580
"CHROSNA", 580
"GOŁASZEWSKA", 578
"CM. OFIAR WOJNY", 576
"WSPÓŁCZESNA", 574
"POLMO", 573
"CHŁODNIA", 572
"WIDOKOWA", 568
"WASILKOWSKA", 565
"ŁOCHÓW", 563
"Vogla", 559
"TERESPOLSKA", 558
"GĄSOCIŃSKA", 558
"BRZOZOWA", 555
"ZDZIARSKA-KANAŁ", 555
"CZEREMCHOWA", 554
"FARBIARSKA", 554
"LANGIEWICZA", 554
"Myśliborska", 552
"STRĄKOWA", 552
"ZŁOTEJ JESIENI", 551
"Warszawa Stadion", 550
"MOŚCISKA", 550
"WÓLKA KOSOWSKA", 549
"SŁOMCZYN-SZKOŁA", 549
"KS. CZARTORYSKIEJ", 547
"PKP NIEPORĘT", 547
"TROMBITY", 547
"JONTKA", 546
"Dolina Służewiecka", 545
"OŚRODEK CORA", 545
"Nowe Bemowo", 544
"Na Bateryjce", 543
"DANKOWICKA", 543
"Muzeum Powstania Warszawskiego", 542
"Szpital Bródnowski", 542
"LATCHORZEW", 541
"BADYLARSKA", 539
"CHOPINA", 538
"FABRYKA POMP", 535
"Ochota-Ratusz", 533
"OSIEDLE MIRKÓW", 532
"INSTYTUT EKOLOGII PAN", 532
"Wrocławska", 531
"KLIMATYCZNA", 531
"Ratuszowa-ZOO", 529
"Metro Młociny", 525
"Świątynia Opatrzności Bożej", 524
"OSTROŁĘKA", 524
"Bemowo-Ratusz", 524
"Międzynarodowa", 523
"al. Lotników", 522
"Park Traugutta", 521
"WARZELNICZA", 519
"WENUS", 519
"SASINA", 518
"BOBROWIEC", 515
"Śmigłowca", 514
"pl. Na Rozdrożu", 512
"STALOWA", 511
"PODCZASZYŃSKIEGO", 511
"OŁÓWKOWA", 510
"CEMENTOWNIA", 509
"Płocka", 508
"KAMPINOSKA", 507
"Czapelska", 506
"GRANICZKA", 506
"Rembielińska", 502
"TYTUŁOWA", 502
"ROZJAZD OBORSKI", 501
"WOLICA", 500
"TYMOTKI", 500
"TUROWICE", 499
"OS. DUDZIARSKA", 498
"ŁUKÓW", 498
"Rzeszotarskiej", 497
"KORCZAKA", 496
"PRZYJAZNA", 495
"Bora-Komorowskiego", 494
"Hala Mirowska", 494
"KOLUMBA", 494
"OS. PATIO", 492
"pl. Narutowicza", 491
"Mehoffera", 490
"JEZIORKI PŁN.", 489
"Wspólna Droga", 488
"SABINKA", 487
"DZIELNICOWA", 484
"Dw. Gdański", 483
"Instytut Fizyki", 482
"Park Moczydło", 481
"KOTUŃ", 480
"NAPOLEONA BONAPARTE", 480
"TUZINOWA", 479
"SŁUPNO", 479
"BENNETTA", 475
"DĘBLIN", 475
"PKP Ursus", 474
"OS. NAFTA", 474
"STRUSIA", 474
"Chełmska", 473
"TADŻYCKA", 473
"PASZKÓW", 472
"KOSYNIERÓW", 469
"Szwedzka", 468
"ŁADY", 468
"ANUSINEK", 468
"OTRĘBUSY", 468
"św. Bonifacego", 467
"Park Olszyna", 464
"MEBLOWA", 464
"REMBELSZCZYZNA", 464
"CHYLICZKI", 462
"WARKA", 462
"Hynka", 462
"PRUSA", 461
"Powązkowska", 459
"STOKROTKI", 458
"LESZNOWOLA", 456
"Królewska", 455
"al. Reymonta", 455
"OGRODY DZIAŁKOWE BUDOWLANI II", 455
"Korotyńskiego", 454
"GŁÓWNA", 453
"Umińskiego", 452
"KS. MALINOWSKIEGO", 452
"KOŁOBRZESKA", 451
"JASIELSKA", 451
"Dolna", 450
"Postępu", 449
"NAUCZYCIELSKA", 449
"ŁADY-SZKOŁA", 448
"KAŁĘCZYN", 447
"STRUGA", 446
"ARCELIN", 445
"SOSNOWE", 445
"BARCHÓW", 444
"KWITNĄCEJ AKACJI", 444
"ZAWADY", 444
"św. Wincentego", 443
"Sasanki", 443
"WIELKIEGO DĘBU", 443
"pl. Unii Lubelskiej", 442
"ZALASEK", 442
"FALENTY-OSIEDLE", 442
"MAZURSKA", 442
"ZYNDRAMA Z MASZKOWIC", 440
"Park Kaskada", 439
"FLAMENCO", 438
"PKP WKD Al. Jerozolimskie", 437
"ROMANTYCZNA", 437
"Przyczółek Grochowski", 435
"RAFII", 434
"Jana Olbrachta", 432
"Żerań FSO", 431
"Marszałkowska", 431
"PROJEKTOWANA", 430
"KRÓTKA", 430
"PKP MICHALIN", 429
"Targówek-Ratusz", 428
"STANISŁAWÓW", 428
"HOSERÓW", 428
"Uniwersytet Medyczny", 428
"SADOWA-DOM OPIEKI", 426
"BRUSZEWSKA", 426
"URLE", 426
"ZGORZAŁA", 426
"Anielewicza", 426
"ZALESIE DOLNE", 425
"DAWIDY", 424
"Kazimierówka", 424
"JACHOWICZA", 424
"THOMME", 424
"ZAGÓRZAŃSKA", 423
"SKOROCHÓD-MAJEWSKIEGO", 420
"TARNINY", 416
"ZBÓJNA GÓRA", 414
"TANECZNA", 414
"Pruszkowska", 412
"Morskie Oko", 409
"KROKUSÓW", 409
"MAŃKOWSKA", 409
"Klemensiewicza", 408
"PARK MIEJSKI", 408
"HIPOLITOWSKA", 408
"Elekcyjna", 407
"ZABŁUDOWSKA", 406
"VIVALDIEGO", 406
"HUBALA-DOBRZAŃSKIEGO", 404
"DOBIESZYN", 404
"WDW RYNIA", 403
"Ogrody Działkowe Bemowo", 401
"Bogusławskiego", 401
"PSZENICZNA", 401
"al. Zieleniecka", 400
"ZAMIENIE", 400
"Zajezdnia Wola", 400
"GOŁOTCZYZNA", 399
"KOLONIA LESZNOWOLA", 399
"Dw. Wschodni (Lubelska)", 398
"STARZYŃSKIEGO", 398
"Konarskiego", 397
"MARIEW", 397
"Praga-Płd. -Ratusz", 396
"WILCZA GÓRA", 396
"MIRKÓW-SZKOŁA", 394
"OLSZEWNICA STARA", 394
"LUSIŃSKA", 392
"DOM ARTYSTÓW", 391
"PKP JÓZEFÓW", 390
"NIEŚWIESKA", 389
"Pancerz", 389
"Młynów", 388
"ZIELONKA BANKOWA", 388
"Wawrzyszewska", 388
"Włochy-Ratusz", 387
"PUSZKINA", 387
"TEKLIN-SZPITAL", 384
"CH WÓLKA KOSOWSKA", 383
"PLANTY", 381
"Kościół", 380
"św. Hieronima", 380
"BODYCHA", 380
"Sady Żoliborskie", 378
"BORZĘCIN DUŻY", 378
"GEN. ROI", 378
"Wspólna", 376
"CZACHÓWEK WSCH.", 376
"OSTROROGA", 376
"Płowiecka", 376
"BORZĘCIN DUŻY-WIEŚ", 375
"ARONIOWA", 375
"Włościańska", 373
"Deotymy", 373
"Rozbrat", 373
"Afrykańska", 372
"CHYLICE", 372
"Płytowa", 371
"Metro Marymont", 371
"Sobieskiego", 371
"Czumy", 370
"RUSIEC", 370
"Poligonowa", 369
"Traugutta", 369
"ZAJEZDNIA URSUS PŁN.", 369
"Nowolipki", 368
"Czarnomorska", 368
"OLCHY", 368
"CZERWONA DROGA", 368
"Sowińskiego", 367
"RADIÓWEK", 367
"Wołoska", 367
"MŁAWA", 366
"Piotra Skargi", 364
"Warszawa Wschodnia", 364
"PKP Ursus-Niedźwiadek", 363
"WIŚNIOWA GÓRA", 363
"GAWRONIA", 362
"PARTYZANTÓW", 361
"ŻYZNA", 359
"Bartycka", 359
"IZBICKA-CMENTARZ", 358
"Toruńska", 357
"RZAKTA", 357
"ODOLANY", 355
"UTRATA-URZĄD CELNY", 354
"ŁOMNA WSCHÓD", 354
"JANIN", 354
"DKS Targówek", 354
"ŚW. A. BOBOLI", 353
"OCHOCZA", 352
"Lubelska", 350
"pl. Kasztelański", 349
"KS. BOGUCKIEGO", 348
"pl. Trzech Krzyży", 347
"JACKOWO DWORSKIE", 347
"Bródnowska", 347
"RATAJA", 346
"GEN. KUTRZEBY", 346
"MOCHTYŃSKA-KANAŁ", 345
"SPIRALNA", 345
"Dickensa", 344
"CH Promenada", 343
"OS. NIEPODLEGŁOŚCI", 342
"MŁOCHÓW", 341
"Malczewskiego", 341
"Nowowiejska", 340
"Białowiejska", 340
"Rakowiec", 339
"Ordynacka", 339
"ZALEŚNA", 339
"Piaski", 338
"Nowodwory", 338
"STOK LACKI", 338
"ROLNA", 337
"MŁOCIŃSKA", 337
"Trasa Łazienkowska", 336
"PKP DAWIDY", 336
"OGRODNICZA", 336
"PKP PRAGA", 336
"ORLĄT LWOWSKICH", 336
"Międzyborska", 334
"Emilii Plater", 334
"Horbaczewskiego", 333
"BARTYKI", 333
"Uniwersytet", 333
"FALENTY NOWE", 332
"MOKRA WIEŚ", 332
"Stawki", 331
"Torwar", 331
"Szpital Wolski", 331
"Warszawa Wesoła", 330
"Tarchomin", 330
"RYBIE", 329
"Szancera", 328
"ZABRANIECKA-MAGAZYNY", 328
"WODOCIĄG PŁN.", 327
"CIECISZEW", 327
"ŚWIERCZE", 326
"Kinowa", 325
"Hala Wola", 324
"UMIASTÓW", 324
"DOBKA Z OLEŚNICY", 324
"INSTALATORÓW-KIS", 324
"KOCZARGI STARE", 323
"MIENIA", 323
"Warszawa Centralna", 322
"Batumi", 322
"PRZEMYSŁAWA II", 322
"Gerbera", 322
"Kazubów", 321
"ZASADOWA", 320
"pl. Hallera", 320
"Ordona", 319
"POLNYCH KWIATÓW", 318
"Noskowskiego", 316
"Królowej Marysieńki", 316
"IŁOWO", 316
"PODOLSZYN", 315
"ZAGÓRZE-SANATORIUM", 315
"Kondratowicza", 313
"PKP Włochy", 313
"Skoroszewska", 312
"Fort Wola", 312
"Połczyńska-parking P+R", 312
"Codzienna", 311
"Gocławek", 311
"WIERZCHOWSKIEGO", 311
"MOŚCICKIEGO", 310
"PARK SKARBKÓW", 309
"KACZEŃCÓW", 309
"Warszawa Rembertów", 308
"ORĘŻNA", 308
"Dywizjonu 303", 307
"PÓLKO", 306
"POCISK", 306
"Och-Teatr", 306
"SAMORZĄDOWA", 305
"REYMONTA", 305
"PKP LEGIONOWO PIASKI", 305
"CZARNÓWKA", 304
"Gorzykowska", 304
"KALORYCZNA", 304
"NOWY ZJAZD", 303
"PONIATOWSKIEGO", 303
"Cm. Żydowski", 303
"WIESIOŁKA", 302
"KORALOWYCH DĘBÓW", 302
"Iwicka", 301
"Kielecka", 300
"DZIEKANÓW POLSKI WSCHÓD", 300
"SKALNICOWA", 300
"KOSZAŁKA OPAŁKA", 300
"SIEDLCE ZACH.", 300
"Śliwice", 299
"Warszawa Powiśle", 299
"ŁOWICZ GŁ.", 298
"Metro Wilanowska", 297
"Ciepłownia Wola", 297
"Popularna", 297
"SAMSONOWSKA", 297
"KOCZARGI NOWE", 297
"SKIERNIEWICE RAWKA", 296
"Kanał Żerański", 294
"Fabryczna", 294
"WOLICA K. PŁOCHOCINA", 293
"al. Witosa", 292
"Sokołowska", 291
"Żuromińska", 291
"SZYSZAKÓW", 291
"pl. Małachowskiego", 290
"Wał Gocławski", 290
"SPÓŁDZIELNIA", 290
"MODLIŃSKA", 288
"Instytut Neurologii", 287
"Poborzańska", 287
"os. Majdańska", 287
"GÓRKI", 287
"LUTOSŁAWSKIEGO", 287
"OSIEDLOWA", 287
"Szobera", 286
"BALETOWA", 285
"ORCHOWIECKA", 285
"Królikarnia", 284
"GRYFITÓW", 284
"RYNIA", 283
"Conrada", 282
"Pomnik Lotnika", 282
"Ryżowa", 282
"DZIAŁDOWO", 282
"ks. Popiełuszki", 281
"DROHOBYCKA", 281
"Dalibora", 280
"Jasna", 279
"Dwernickiego", 279
"Cm. Wawrzyszewski", 279
"KAPUTY", 279
"Łabiszyńska", 279
"BATALIONU MIOTŁA", 278
"gen. Zajączka", 277
"Klarysewska", 277
"ŁOWICZ GŁÓWNY", 277
"DZIKIEJ RÓŻY", 276
"Abrahama", 276
"Leżajska", 276
"PIEŃKÓW-WIEŚ", 275
"Nowy Świat", 275
"Warszawska", 274
"PIOTRKÓWEK MAŁY", 274
"BUŁAWY", 274
"ROSY", 273
"HORTENSJI", 273
"OS. GRAPA", 273
"JAŁOWCOWA", 273
"Garwolińska", 273
"Hale Banacha", 272
"Łojewska", 272
"CM. PÓŁNOCNY-BRAMA PŁN.", 272
"Łopuszańska", 272
"Tużycka", 271
"PALMIRY", 271
"ŁYCZYŃSKA", 271
"Krynoliny", 270
"Synów Pułku", 270
"Handlowa", 269
"Gotarda", 269
"Stefanika", 268
"Elbląska", 268
"SIERPC", 267
"KOLONIA POD LASEM", 267
"ZBARASKA", 267
"Adamieckiego", 266
"ZAKŁADY ZBOŻOWE", 265
"Warszawa Wola Grzybowska", 265
"Novotel", 265
"Perzyńskiego", 264
"LAWINOWA", 263
"PKP ZALESIE GÓRNE", 263
"os. Potok", 262
"RONDO CUDU NAD WISŁĄ", 260
"SIERAKÓW", 260
"BOLESŁAWA KRZYWOUSTEGO", 259
"Mangalia", 259
"AMBARAS", 259
"Wróbla", 258
"Młynarska", 258
"Książęca", 257
"Stępińska", 257
"Grenadierów", 257
"BYDGOSKA", 257
"TURÓW", 256
"Konstruktorska", 256
"ŚWIDRY MAŁE", 256
"Bełdan", 255
"Warszawa Międzylesie", 255
"KRUSZYNA", 254
"Koło", 253
"WÓLCZYŃSKA-BOCZNICA", 253
"KIEŁPIN-CMENTARZ", 253
"Majakowskiego", 252
"MROKÓW", 252
"Urząd Miasta", 252
"KOSSAKA", 252
"Szwoleżerów", 251
"KWIRYNÓW", 251
"Keniga", 250
"Cm. Włoski", 250
"OD LASU", 249
"KOSODRZEWINY", 248
"LEOKADIA", 248
"PKP Służewiec", 247
"Gocławska", 247
"Piastów Śląskich", 247
"os. Wilga", 245
"MŁODZIEŻOWA", 245
"KONDRACKA", 244
"Energetyczna", 244
"Kostrzewskiego", 243
"Tor Stegny", 243
"PAROWOZOWA", 243
"BOLESŁAWA ŚMIAŁEGO", 243
"WYPOCZYNKOWA", 242
"ZEGRZYŃSKA-IMGW", 241
"Szaserów-Szpital", 240
"ŁYCZYN", 240
"DĘBÓWKA", 240
"Orlich Gniazd", 240
"Metro Wierzbno", 239
"Raginisa", 238
"ŻYMIRSKIEGO-PRZYCHODNIA", 238
"Milenijna", 238
"NOWA", 238
"GOŚNIEWICE", 237
"TOPOLOWA", 237
"Julianowska", 236
"EKOLOGICZNA", 235
"SOŁECKA", 233
"KSIĄŻĄT MAZOWIECKICH", 233
"OLSZYNA ŁYCZYŃSKA", 232
"ŁASAKA", 232
"NOWE SŁUPNO", 231
"PRZEBUDZENIA WIOSNY", 230
"MAGDALENKA", 230
"GŁOSKÓW-ZIELONE", 230
"DZIEKANÓW POLSKI CENTRUM", 229
"GIERDZIEJEWSKIEGO", 229
"PKP MOKRY ŁUG", 229
"Jesiennych Liści", 228
"ARKADYJSKA", 228
"MOKRY ŁUG-LEŚNICZÓWKA", 228
"GRÓDEK", 228
"Szpital MSW", 227
"Warszawa Wawer", 227
"RADZIWIŁŁÓW MAZ.", 227
"Okrągła", 227
"JASTRZĘBIEC", 226
"MACIERZANKI", 226
"KONIK NOWY", 225
"AL. SYBIRAKÓW", 225
"TRENÓW-LAS", 225
"Baleya", 225
"Młodzieńcza", 224
"3 Maja", 224
"Cm. Bródnowski", 224
"GŁOSKÓW-LETNISKO", 223
"PŁOCK RADZIWIE", 223
"MOSTOWA", 223
"Dzieci Warszawy", 223
"Kulskiego", 222
"Wapowskiego", 222
"ERAZMA Z ZAKROCZYMIA", 222
"ŁUCZNICZA", 222
"LIMBY", 222
"Aspekt", 221
"Wałowicka", 221
"Cmentarz", 221
"Konwaliowa", 221
"Niska", 220
"AKACJOWA", 220
"Rogalińska", 220
"BLIZNE ŁASZCZYŃSKIEGO", 220
"ZASOBNA", 219
"POD KAJETANY", 219
"SERWITUCKA", 219
"Metro Służew", 218
"Malborska", 218
"Rejtana", 217
"Dzierżoniowska", 217
"SADOWA", 216
"PIJARSKA", 216
"ŻYRARDOWSKA", 215
"MAJOWA", 215
"gen. Maczka", 214
"Romaszewskiego", 213
"Armatnia", 213
"os. Arbuzowa", 213
"KOSTOWIEC", 213
"Jadźwingów", 212
"FALENTY DUŻE", 212
"Wiejska", 211
"Topiel", 211
"Radarowa", 211
"Metro Centrum Nauki Kopernik", 210
"Warszawa Rakowiec", 210
"Sokratesa", 209
"Człuchowska", 209
"ELSNERÓW", 209
"Polesie", 209
"JACHTOWA", 209
"KĘDZIERÓWKA", 209
"Przy Agorze", 209
"KRUSZE", 208
"CH BŁĘKITNE", 208
"Iwiczna", 208
"Łagiewnicka", 207
"PĘCLIŃSKA", 207
"Stacja Krwiodawstwa", 207
"Truskawiecka", 206
"BORZĘCIN DUŻY-SZKOŁA", 206
"Ursynów Płn.", 206
"Odeska", 205
"Stoicka", 205
"Warszawa Żwirki i Wigury", 203
"Redutowa", 203
"JESIONKA", 202
"STĘŻYCKA", 202
"WÓLKA MLĄDZKA", 202
"Powązki-Cm. Wojskowy", 201
"BANDURSKIEGO", 201
"JESÓWKA", 201
"Jarosławska", 199
"PIEŃKÓW-SKLEP", 199
"ZORZY", 199
"Kołowa", 198
"Gocław", 198
"Mennica", 198
"Szpital Bielański", 198
"INSTALATORÓW", 198
"KS. SŁOJEWSKIEGO", 197
"Zajezdnia Kleszczowa", 197
"Orzechowa", 197
"STARA", 196
"NIEPORĘT", 196
"Pustelnik", 196
"ATRAKCYJNA", 196
"Szuberta", 195
"WYGLĘDY", 195
"SKŁODOWSKIEJ-CURIE", 195
"Ogrody Działkowe Kawęczyn", 194
"ZABORÓW-SZKOŁA", 194
"WŁADYSŁAWÓW", 194
"WARYŃSKIEGO", 193
"SZLACHECKA", 193
"Zajezdnia Żoliborz", 192
"most Siekierkowski", 192
"Banacha", 192
"RADOM PŁD.", 192
"EC ŻERAŃ", 192
"Marynin", 192
"GLINIANKA", 192
"pl. Inwalidów", 192
"WÓLCZYŃSKA", 191
"Maszynowa", 191
"Lipowczana", 191
"USC", 191
"PRZYDROŻNA", 191
"Norblin", 191
"Nowoursynowska", 190
"Żołnierska", 190
"Okularowa", 190
"Centrum Onkologii", 190
"ŻABIENIEC", 190
"Golędzinów", 189
"Muranów", 189
"Głębocka", 189
"Fort Blizne", 188
"Warszawa Śródmieście", 188
"Franciszkańska", 187
"Park Skaryszewski", 187
"Żołny", 186
"Ośrodek Wojskowy", 186
"Dojazdowa", 186
"Żytnia", 186
"PORT PILAWA", 186
"Torfowa", 186
"Pileckiego", 185
"NADZORCÓWKA", 185
"URZUT", 185
"Hallera", 184
"Lalki", 184
"KOLONIA HELENÓW", 184
"KRAŚNICKA", 183
"SZEWNICA", 183
"Rozłogi", 183
"Pomologiczna", 182
"Kwatery Głównej", 182
"PROTAZEGO", 182
"Wilanów", 182
"ŚWIECKA", 182
"PKP Radość", 181
"Klub Lira", 181
"Grzybowa", 181
"STAROWIEJSKA", 181
"ROBOTNICZA", 181
"MARSA-LAS", 181
"Bielany-Ratusz", 180
"Budowlana", 180
"POŚREDNIA", 180
"SKOLIMÓW PÓŁNOCNY", 180
"PKP Powiśle", 180
"RADOŚĆ-WODOCIĄG", 180
"Antka Rozpylacza", 180
"Bartnicza", 179
"NOWOTYSKA", 179
"GASSY-PĘTLA", 179
"Michalin", 179
"Racjonalizacji", 178
"KIEŁPIN", 178
"Sanguszki", 178
"Meissnera", 178
"Spisaka", 177
"WOŁODYJOWSKIEGO", 177
"ZABRANIECKA-BOCZNICA", 177
"Miklaszewskiego", 177
"DROGOWCÓW", 177
"IX Poprzeczna", 176
"Młyn", 176
"Esperanto", 176
"Staniewicka", 175
"Figowa", 175
"SZEROKA", 175
"BIAŁOŁĘKA-KANAŁ", 175
"ZAŁUBICE-SZKOŁA", 175
"Kocjana", 174
"ZAUŁEK-SZKOŁA", 174
"Lwowska", 174
"Chłopickiego", 173
"PUSZCZYKA", 172
"Bukowińska", 172
"Kajki", 171
"Bazyliańska", 171
"MICHAŁÓW REGINÓW", 171
"KABATY-STP", 171
"Kochanowskiego", 170
"Starodęby", 170
"DZIEKANÓW POLSKI ZACHÓD", 170
"Mokra", 170
"FELIŃSKIEGO", 170
"Wojska Polskiego", 169
"Braci Wagów", 169
"Areszt Śledczy Służewiec", 169
"LEŚNIAKOWIZNA", 169
"CZOSNÓW", 168
"al. Jana Pawła II", 168
"KULESZÓWKA", 168
"IZABELIŃSKA", 168
"MONIUSZKI", 168
"Grenady", 167
"Kościuszki", 167
"Lamina", 167
"WOLSKA", 167
"CIEKSYN", 167
"KĘPA OKRZEWSKA-CMENTARZ", 167
"Foksal", 167
"Rumiankowa", 166
"PKP Toruńska", 166
"Polinezyjska", 166
"os. Iskra", 166
"KĘSZYCE", 166
"MICHALINKI", 166
"Al. 3 Maja", 166
"BORYNY", 166
"CIEĆWIERZA", 165
"Branickiego", 165
"NOWE WĄGRODNO", 165
"Warszawa Olszynka Grochowska", 164
"WYSZKOWSKA", 164
"LATOSZKI", 164
"BATOREGO", 163
"KUTNO", 163
"Stegny", 163
"Cybernetyki", 163
"Podzamcze", 163
"Świder", 162
"Biblioteka Narodowa", 162
"Orzeszkowej", 162
"POZNAŃSKA", 162
"Poleczki", 161
"Warszawa Praga", 161
"Chmielna", 161
"GROCHOWA", 160
"pl. Piłsudskiego", 160
"BRONISŁAWA CZECHA-LAS", 160
"LESZCZYNKA", 160
"Cm. Północny-Brama Gł.", 159
"Szachowa", 159
"KOCISZEWSKICH", 159
"LITEWSKA", 159
"Podleśna-IMiGW", 158
"Bukowskiego", 158
"Metro Pole Mokotowskie", 158
"Niedźwiedzia", 157
"Parafialna", 157
"WIEKOWEJ SOSNY", 157
"PŁOCK", 157
"Berezyńska", 156
"KS Polonia", 156
"Komitetu Obrony Robotników", 156
"CALOWA", 156
"METRYCZNA", 156
"BORKOWSKA", 156
"STOLBUD", 156
"Dw. Wschodni (Kijowska)", 156
"OKUNIN", 156
"Łukowa", 155
"KORDECKIEGO", 155
"Tarnowiecka", 155
"Bliska", 155
"Pogodna", 154
"Obrazkowa", 154
"PIMot", 154
"Konduktorska", 153
"Wiślicka", 153
"Siemiatycka", 153
"KAMELIOWA", 153
"KAWĘCZYN II", 153
"Suwak", 153
"os. Górczewska", 152
"STUDZIANKI NOWE", 152
"KSIĘCIA JANUSZA", 152
"Dzika", 151
"DZIEWULE", 151
"Jórskiego", 151
"KS Polonez", 150
"POGROSZEW", 150
"Kąty Grodziskie", 149
"BARTOSZYCKA", 149
"SPOKOJNA", 149
"MŁYN MICHLA", 149
"Magistracka", 149
"Hala Sportowa Bemowo", 149
"Kwitnąca", 149
"Sezam", 148
"SPICHRZOWA", 148
"Banacha-Szpital", 148
"Reduta Wolska", 148
"Sosnkowskiego", 147
"Dąbrowskiego", 147
"WIECHY", 147
"Trawiasta", 147
"Trakt Lubelski", 147
"Wojnicka", 147
"Madalińskiego", 147
"CIECHANÓW PRZEMYSŁ.", 147
"ŁOMNA-LAS", 147
"Hołubcowa", 146
"Ku Wiśle", 146
"SĘCZKOWA", 146
"NADWIŚLAŃSKA", 146
"ZABORÓWEK-WIEŚ", 146
"PKP Falenica", 146
"ANTONIEWSKA", 145
"BENIAMINÓWKA", 145
"Piechurów", 145
"MARECKA", 145
"WOLA MROKOWSKA", 145
"Popiela", 144
"Warszawa Miedzeszyn", 143
"Wąska", 143
"KOTLINY", 143
"Wenecka", 143
"Urząd Gminy", 143
"os. Derby III", 143
"ZABIEŻKI", 142
"PARLAMENTARNA", 142
"Dąbrówka Wiślana", 142
"DZIEKANÓW NOWY ZACHÓD", 142
"SĘKOCIN", 142
"Bohaterewicza", 141
"Długosza", 141
"Klaudyny", 141
"Smoluchowskiego", 141
"ZSO", 141
"WIERUCHÓW", 141
"KOMORNICA-SZKOŁA", 141
"WETERANÓW", 141
"WINCENTÓW II", 140
"Warszawa Służewiec", 140
"POZIOMKOWA", 140
"Zajezdnia Woronicza", 140
"NOWA WOLA", 140
"ROLNICZA", 140
"Hotel Bristol", 140
"Teligi", 140
"Strzeleckiego", 139
"Zakrzewska", 139
"DWORCOWA", 139
"STRAŻACKA", 139
"GMINNA", 139
"Łukowska", 139
"Ursus-Ratusz", 138
"CZARNÓW", 138
"Konopacka", 138
"Podskarbińska", 137
"Potockich", 137
"Topograficzna", 137
"KAWĘCZYNEK II", 137
"Witolin", 136
"Smocza", 136
"PKP Koło", 136
"STRZYŻYNA", 136
"DRACENY", 136
"Limanowskiego", 135
"Magnolii", 135
"os. Derby", 135
"Patkowskiego", 135
"ŁUBNA", 135
"Odrębna", 134
"os. Lewandów I", 134
"GOŁĘBIA", 134
"Samochodowa", 134
"Łódź Niciarniana", 133
"Potulicka", 133
"Wiśniowa", 133
"Markowska", 132
"Zaplecze", 132
"SKARŻYSKO KAMIENNA", 132
"JABŁONIOWA", 132
"Czorsztyńska", 132
"WYSZKÓW", 132
"OSP ZŁOTOKŁOS", 131
"WIERZBIN", 131
"KILIŃSKIEGO", 131
"Karolkowa", 130
"Metro Imielin", 130
"Graniczna", 130
"Archimedesa", 130
"FORT RADIOWO", 130
"Mycielskiego", 130
"Kickiego", 130
"Składkowskiego", 129
"Ateńska", 129
"BRUZDOWA-KOŚCIÓŁ", 129
"BOROWIECKA", 129
"Wyszogrodzka", 129
"Bytnara", 129
"PÓŁNOCNA", 129
"Mikołajska", 128
"Platerówek", 128
"Krasickiego", 128
"CZĄSTKÓW MAZOWIECKI", 128
"PATKÓW", 128
"ROKOKOWA", 128
"WIELICKA", 128
"Radiowa-WAT", 128
"KĘPA OKRZEWSKA", 128
"Przybyszewskiego", 127
"Lazurowa", 127
"Warszawa Gocławek", 127
"PKP Pruszków", 127
"Klimontowska", 126
"Siwińskiego", 126
"PKP Żerań", 126
"LOKALNA", 126
"ZIELONKI-WIEŚ", 126
"MYSŁAKÓW", 126
"os. Leśne", 126
"Mickiewicza", 126
"Zapustna", 126
"Witebska", 125
"BENIAMINÓW", 125
"Instytut Lotnictwa", 125
"CENDROWICE", 125
"SIWEK", 125
"TOPÓR", 125
"SUCHOCIN", 125
"SZAMOTY", 125
"PONIATOWSKIEGO-PRZYCHODNIA", 125
"ŹRÓDLANA", 125
"Miłobędzka", 124
"Henryka Brodatego", 124
"CM. POŁUDNIOWY-BRAMA WSCH.", 124
"Trocka", 124
"Klasyków", 124
"Marmurowa", 123
"Park Bródnowski", 123
"Sportowa", 123
"Warneńska", 123
"Zajęcza", 123
"DĄBKOWIZNA", 123
"Gdecka", 123
"Osmańska", 122
"Andersena", 122
"Wołomińska", 121
"1 Sierpnia", 121
"Kościeliska", 121
"Warszawa Anin", 121
"Płaskowickiej", 121
"Brazylijska", 121
"Legia-Stadion", 121
"GLEBOWA", 121
"ŁOZISKA", 121
"ALEJA BZÓW", 121
"BACZYŃSKIEGO", 121
"Drzewieckiego", 121
"Pelcowizna", 120
"Osiedle Młodych", 120
"SOKOŁÓW", 120
"Rzemieślnicza", 120
"STUDZIENNA", 120
"PKP Anin", 119
"Solec", 119
"KAZIMIERZA ODNOWICIELA", 119
"BASZKÓWKA", 119
"ŚWIDRY WIELKIE", 119
"Sójki", 119
"JANOWSKIEGO", 119
"Grabów", 118
"Dobra", 118
"Mołdawska", 118
"ŁADNA", 118
"Białołęka-Ratusz", 118
"Działyńczyków", 117
"ANANASOWA", 117
"Ursynów Zach.", 117
"KOSZEWNICA", 117
"Park Postępu", 117
"PKP Miedzeszyn", 116
"Dunikowskiego", 116
"Dzielna", 116
"CHOTOMOWSKA", 116
"WILKOWA WIEŚ I", 116
"STOCZNIOWCÓW", 116
"Żeromskiego", 116
"Gołkowska", 116
"Inowłodzka", 115
"SADOWNE WĘGROWSKIE", 115
"DOM RENCISTY PAN", 115
"Posag 7 Panien", 115
"Warszawa Choszczówka", 115
"BRZÓZEK", 114
"GASSY", 114
"LEŚNIAKOWIZNA II", 114
"KISIELEWSKIEGO", 114
"Polna", 114
"Szafarzy", 113
"Na Skraju", 113
"Stare Świdry", 113
"Leszno", 113
"Zieleniecka", 113
"Okęcie Business Park", 112
"Pomiechowska", 112
"Bogatki", 112
"Ursus-Niedźwiadek", 112
"Ekspresowa", 112
"Grodzisk", 112
"Naczelnikowska", 111
"pl. Tysiąclecia", 111
"URZĄD SKARBOWY", 111
"ŻANĘCIN", 111
"KU SŁOŃCU", 111
"WOLA KRAKOWIAŃSKA", 111
"Legionowo", 110
"ŁOMNA-CMENTARZ", 110
"Kosiarzy", 110
"Klasztorna", 109
"Małej Łąki", 109
"Radiostacja Łazy", 108
"Działkowa", 108
"WÓLKA ZAŁĘSKA", 108
"Żupnicza", 108
"Raszyńska", 108
"Budzińskiej-Tylickiej", 108
"Łomianki-Centrum", 108
"Bursztynowa-Szpital", 108
"JASIONNA ŁOWICKA", 107
"Księcia Bolesława", 107
"Rezedowa", 107
"Skarbka z Gór", 106
"Techników", 106
"Ostródzka", 106
"GĄSOCIN", 106
"Wyścigi", 106
"Nałęczowska", 106
"Suwalska", 106
"Śnieżna", 105
"Kombajnistów", 105
"BRUKOWA", 105
"JANÓW", 105
"Ogrody Działkowe Paluch", 105
"Cicha", 105
"Wesoła-Ratusz", 104
"CISZYCA II", 104
"WICHROWA", 104
"BIAŁOSTOCKA", 104
"Zabraniecka", 104
"Do Fortu", 103
"Meksykańska", 103
"KSIĘCIA ZIEMOWITA", 103
"Piękna", 103
"Internetowa", 103
"Perkuna", 102
"Aluzyjna", 102
"Duchnicka", 102
"WKD OPACZ", 102
"Biblioteka Uniwersytecka", 102
"Gajowa", 101
"LEGIONÓW", 101
"Prystora", 101
"HENRYKÓW-UROCZE", 101
"Dąbrówka", 101
"Strumykowa", 100
"CYGAŃSKA", 100
"Koźmińska", 100
"RKS Orzeł", 100
"LEONÓW", 100
"Rynek", 99
"Rychnowska", 99
"Kakowskiego", 99
"KOMOROWSKA", 99
"PKP Ursus Płn.", 99
"Wał Miedzeszyński", 98
"Międzylesie", 98
"Wielowiejska", 98
"NOWA WIEŚ", 98
"Myszkowska", 98
"Widawska", 97
"Śniegockiej", 97
"Powsinek", 97
"Instytut Kardiologii", 97
"BOLESŁAWA PRUSA", 97
"PKP ZIELONKA", 97
"POPRZECZNA", 97
"Świętojerska", 97
"PROSTYŃ", 97
"Beethovena", 96
"Pożaryskiego", 96
"BOLESŁAWICKA", 96
"Galla Anonima", 96
"PKP MICHAŁÓW-REGINÓW", 96
"Conrada-Szkoła", 95
"OS. WITUŚ", 95
"Łódź Widzew", 95
"DOM KULTURY", 95
"KANARKOWA", 95
"Piasta Kołodzieja", 94
"Łysakowska", 94
"Chodecka", 94
"Wodniaków", 94
"Drzeworytników", 94
"KUBUSIA PUCHATKA", 94
"MARKOWSKIEGO", 94
"TRAKT KRÓLEWSKI", 94
"WAWERSKA", 94
"BIELAWA-OSP", 94
"22 LIPCA", 94
"JARZĘBIA ŁĄKA", 94
"Tkaczy", 93
"Stryjeńskich", 93
"Francuska", 93
"BARTODZIEJE", 93
"Olszowa", 93
"SKRZYNECKIEGO", 93
"RÓŻANA", 93
"CZAJKOWSKIEGO", 93
"Henryków", 93
"ŚWIERK", 93
"POPŁAWSKA", 93
"KWIATÓW POLNYCH", 93
"STARE KABATY", 93
"Zaolziańska", 93
"pl. Grzybowski", 92
"PKP Wawer", 92
"KAŁUSZYN", 92
"OPŁOTEK", 92
"Rybna", 91
"Bielszowicka", 91
"Stawy", 91
"WIEJCA I", 91
"PKP WOŁOMIN SŁONECZNA", 91
"PKP DĄBKOWIZNA", 91
"Wybrzeże Helskie", 91
"Obrońców Tobruku", 91
"NARCYZOWA", 91
"Komety", 90
"PKP Międzylesie", 90
"Instytut Reumatologii", 90
"Rakowiecka-Sanktuarium", 90
"HABDZIN II", 90
"Łowicka", 89
"Mokotowska", 89
"Park Zdrojowy", 89
"Gwiaździsta", 89
"ŁAZY-SZKOŁA", 89
"CZERSK-ZAMEK", 89
"PKP WOŁOMIN", 89
"PRZYSZŁOŚĆ", 89
"Tagore'a", 89
"TEKLIN", 89
"WYSZYNY", 89
"Dąbrówka Szlachecka", 88
"Narwik", 88
"Stare Bemowo", 88
"Sobocka", 88
"Pelikanów", 88
"PODRÓŻNA", 88
"CHRZANÓW", 88
"Monte Cassino", 88
"Orzycka", 87
"Lercha", 87
"Borowa", 87
"Czatów", 87
"Herbsta", 87
"GOK", 87
"WILKOWA WIEŚ II", 87
"MIKA", 87
"TULIPANOWA", 87
"Ursus-Sanktuarium", 86
"Buków", 86
"Kanał Gocławski", 86
"SGGW-Rektorat", 86
"DZIECHCINIEC-SKLEP", 86
"GÓRNA", 86
"Jeziorko Czerniakowskie", 86
"LIPKÓW", 86
"Pożarowa", 85
"os. Jantar", 85
"Przasnyska", 85
"Śmigielska", 85
"Suzina", 85
"Gontarska", 85
"OŚRODEK ZDROWIA", 85
"PKP Olszynka Grochowska", 84
"Maklakiewicza", 84
"Szarych Szeregów", 84
"Nizinna", 84
"Zaściankowa", 84
"Odyńca", 84
"OPOLSKA", 84
"SŁONECZNA", 84
"Przedpole", 84
"Motylkowa", 83
"Makolągwy", 83
"Szpitalna", 83
"PKP KOBYŁKA", 83
"MILENIUM", 83
"Lucerny", 83
"Klarysew", 82
"Grzymalitów", 82
"Tor Kolarski", 82
"al. Wojska Polskiego", 82
"Jadwisin", 82
"Sulejówek", 82
"PISKÓRKA", 82
"Zwycięzców", 82
"Rudzka", 82
"OS. BUKOWIEC", 82
"BORYSZEW", 82
"pl. Przymierza", 82
"Belgradzka", 81
"Wojsławicka", 81
"Cm. Prawosławny", 81
"STRZYKUŁY", 81
"Adampolska", 81
"Ogrody Działkowe Piaski", 81
"Łososiowa", 81
"PKP Gocławek", 81
"Mysiadło", 81
"Teatr Komedia", 80
"Odrodzenia", 80
"Odlewnicza", 80
"Metro Natolin", 79
"Jarzębinowa", 79
"al. \"Solidarności\"", 79
"Tarchomin Kościelny", 79
"Sympatyczna", 79
"MARZYCIELI", 79
"Rolanda", 79
"most Grota-Roweckiego", 79
"Zwoleńska", 78
"Karowa", 78
"Instytut Hematologii", 78
"Przebieg", 78
"most Świętokrzyski", 78
"Łazienki Królewskie", 78
"ROZWOJOWA", 78
"Pirenejska", 78
"Kanał Nowe Ujście", 78
"OS. JAGIELLOŃSKA", 78
"Sternicza", 78
"CZEREMCHA", 78
"Groszówka", 77
"al. Piłsudskiego", 77
"Pratulińska", 77
"Oś Królewska", 77
"Zachęta", 77
"Trakt Lubelski-Las", 77
"Taborowa", 77
"Długa", 77
"Chęcińska", 77
"CHLUBNA", 77
"Czerniakowska", 77
"CZARNA", 77
"RUNÓW OSADA", 77
"MARCINKI", 77
"Wędkarska", 76
"Podbipięty", 76
"Władysława Hermana", 76
"Centrum Mody", 76
"Namysłowska", 76
"Siekierki-Sanktuarium", 76
"BOROWINA I", 76
"CZAPLINEK I", 76
"LESZCZYNOWA", 76
"Nowaka-Jeziorańskiego", 76
"TURKAWKI", 76
"ŁBISKA", 76
"Chłodna", 76
"Płużańska", 75
"Klamrowa", 75
"Dostawcza", 75
"Nowolipie", 75
"Mielczarskiego", 75
"WÓLKA", 75
"SZKOŁA", 75
"Pałacowa", 75
"BAGNISTA", 75
"Rogowska", 74
"Dębowa", 74
"Warszawa Falenica", 74
"Objazdowa", 74
"ŁĄKI", 74
"Niedziałkowskiego", 74
"Ogórkowa", 73
"Janki Małe", 73
"PKP Rembertów", 73
"Armii Krajowej", 73
"OKRZESZYN", 73
"WOJCIESZYN", 73
"PRZEBIŚNIEGÓW", 73
"Księżnej Anny", 73
"Okrężna", 73
"Walecznych", 73
"Jaracza", 73
"Księżycowa", 73
"WINOGRONOWA", 73
"RODZINNA", 73
"MIEJSKI DOM KULTURY", 73
"Tłuchowska", 72
"Łokietka", 72
"ŁĄKOWA", 72
"CZEREŚNIOWA", 72
"Wiertnicza", 72
"MICHALCZEW", 72
"Długorzeczna", 72
"Kobiałka-Szkoła", 72
"11 Listopada", 72
"Łowcza", 72
"Katiuszy", 71
"Os. Staszica/Pętla", 71
"Pułaskiego", 71
"Koluszki", 71
"KRUBIN", 71
"Dzierzgońska", 71
"Wygoda", 70
"Sypniewska", 70
"Juranda ze Spychowa-szkoła", 70
"PĘCICE-KOŚCIÓŁ", 70
"SCHRONISKO DLA ZWIERZĄT", 70
"LESZNO-GS", 70
"HELENÓW", 70
"BIELAWA-PĘTLA", 70
"STAWOWA", 70
"Kompasowa", 70
"Sadyba", 70
"IMBIROWA", 70
"WKD Raków", 70
"Michałów-Reginów", 69
"RĘCZAJSKA", 69
"Budexpo", 69
"PRĘTOWA", 69
"Koncertowa", 69
"PKP Płudy", 69
"Trzykrotki", 69
"KOZAKÓW", 69
"NAPOLEONA", 69
"Jawczyce", 68
"Sanktuarium", 68
"Borków", 68
"GROMADZKA", 68
"LUCYNÓW", 68
"Chomiczówka", 68
"Tabita", 67
"Norwida", 67
"Miła", 67
"os. Lewandów II", 67
"Warszawa Radość", 67
"Podleśna", 67
"ŁOMNA ZACHÓD", 67
"CISZYCA", 67
"Maszewska", 67
"SOKOLA", 67
"Boleść", 67
"Spadowa", 66
"Czekanowska", 66
"Czwartaków", 66
"pl. Powstańców Warszawy", 66
"Metro Wawrzyszew", 66
"Stary Sękocin", 66
"Niepodległości", 66
"Lewinowska", 66
"SGGW-Biblioteka", 66
"ŚWIĘCICKA", 66
"PIUSA XI", 66
"ŻYTKOWICE", 66
"Agrykola", 66
"STEFANÓW", 66
"Strzygłowska", 66
"Megasam", 65
"PASCHALISA-JAKUBOWICZA", 65
"CZĄSTKÓW POLSKI WSCHÓD", 65
"WOLSKA I", 65
"os. Przylesie", 65
"Orla", 65
"Prasowa", 65
"OSSÓW-KRZYŻ", 65
"TYSIĄCLECIA", 65
"Armii \"Poznań\"", 65
"Podolska", 65
"KAWĘCZYNEK I", 65
"JAWORÓWKA", 64
"Przelotowa", 64
"GIERWATY", 64
"STADIONOWA", 64
"Rogów", 64
"Polskie Radio", 63
"Kapeli", 63
"Bystra", 63
"Kasztanowa", 63
"Dziewanowska", 63
"POD SZCZAKI", 63
"Górnośląska", 63
"CZAPLIN", 63
"Ułanów Jazłowieckich", 63
"HARFOWA", 63
"ZŁOTA", 63
"Marcelin", 63
"pl. Zamkowy", 63
"Walerego Sławka", 63
"GRZYBOWSKA", 63
"DIAMENTOWA", 63
"Wawer-Ratusz", 62
"Pomorska", 62
"Warszawa Żerań", 62
"Hassa", 62
"Rembertów-Akademia", 62
"PRZYJACIÓŁ", 62
"ZBÓJNOGÓRSKA", 62
"WKRA", 62
"PUSTELNICKA", 62
"Poetów", 62
"Nocznickiego", 62
"Braci Zawadzkich", 61
"Podkowy", 61
"os. Zielony Staw", 61
"Nowiny", 61
"JANCZEWICE", 61
"Sadkowska", 61
"Ciołkosza", 61
"Marysin", 61
"Lasek na Kole", 61
"Ceramiczna", 60
"Oraczy", 60
"Zakrętowa", 60
"Zaułek", 60
"Głogi", 60
"ARESZT ŚLEDCZY GROCHÓW", 60
"OS. BATOREGO", 60
"Powązki-IV Brama", 60
"GRZEGORZEWO", 60
"Arbuzowa", 60
"JAZGARZEW-SZKOŁA", 60
"Chodkiewicza", 60
"Zajezdnia Redutowa", 60
"Przekorna", 59
"Zagłoby", 59
"Wierzbowa", 59
"Metro Racławicka", 59
"GOWOROWO", 59
"TEKLIN II", 59
"BEDNARY", 59
"Bełzy", 59
"ŁĄCK", 59
"OBORY-PAŁAC", 59
"Mańki-Wojdy", 59
"Chodakowska", 59
"Poloneza", 59
"TRAMWAJOWA", 59
"Wiosenna", 58
"Parcelacyjna", 58
"Radzymińska", 58
"Buraków", 58
"Wieruchowska", 58
"Rybnicka", 58
"Świderska", 58
"ŁĘG", 58
"CH Stara Papiernia", 58
"ROZWADOWSKIEGO", 58
"STAREGO DĘBU", 58
"Danusi", 58
"Gościeradowska", 57
"Nowodworska", 57
"Prozy", 57
"Pięciolinii", 57
"Kwiatowa", 57
"Tylżycka", 57
"SOSENKOWA", 57
"Cyklamenów", 57
"SIEDZIKÓWNY \"INKI\"", 57
"Lanciego", 57
"PRZYBOROWIE", 57
"MORAWICZA", 57
"Rybałtów", 57
"JODŁOWA", 57
"Józefów", 56
"Kolonia Warszawska", 56
"Las Bielański", 56
"HŁASKI", 56
"MALCANÓW-BOOS", 56
"Łukaszczyka", 55
"Malinowskiego", 55
"Kłobucka", 55
"Lotnisko Chopina-Odloty", 55
"Cm. Północny-Brama Płd.", 55
"Szaserów", 55
"Kolejka Piaseczyńska", 55
"Korsaka", 55
"pl. Niemena", 55
"Lokajskiego", 55
"Płocka-Szpital", 55
"Fort Bema", 55
"MAŁA", 55
"Pałac", 55
"Santocka", 54
"Cm. Ofiar Wojny", 54
"Hanki Ordonówny", 54
"Twardowska", 54
"Opaczewska", 54
"Janki", 54
"Karczocha", 54
"Wrzeciono", 54
"Geodezyjna", 54
"PĘCICE-MAJĄTEK", 54
"DZIEKANÓW NOWY WSCHÓD", 54
"Wiązana", 54
"Rycerska", 54
"WOJCIESZYN-GÓRKI", 54
"Piaskowa", 54
"Mandarynki", 54
"Radiowo", 53
"Oczapowskiego", 53
"Zaruskiego", 53
"OWOCOWA", 53
"Ćmielowska", 53
"Poczty Gdańskiej", 53
"SASANKOWA", 53
"ŁAŹNIEWSKA", 53
"KONOPKI", 53
"LIPOWO", 53
"Krańcowa", 53
"Bukowiecka", 52
"Drobiarska", 52
"Willowa", 52
"Rubinowa", 52
"Małcużyńskiego", 52
"OW PROMENADA", 52
"Grabina", 52
"BRZEŚCE", 52
"Eskulapów", 52
"pl. Sportowy", 52
"BYSTRZYCKA", 52
"NOWE BABICE", 52
"Batalionów Chłopskich", 52
"SASINA-LICEUM", 52
"Pielęgniarek", 51
"Sierakowskiego", 51
"Wolności", 51
"Rodła", 51
"Ogrodowa", 51
"Złotej Jesieni", 51
"ZABORÓWEK-OSIEDLE", 51
"Wyspiańskiego", 51
"Kosaćcowa", 51
"WOLSKA II", 51
"OSP SKRZESZEW", 51
"Czarnieckiego", 51
"Ksawerów", 50
"most Gdański", 50
"Stefanówka", 50
"Hospicjum Onkologiczne", 50
"LEŚNYCH BOGINEK", 50
"Bohomolca", 50
"CEDROWA", 50
"Zamenhofa", 50
"Andrutowa", 50
"Berensona", 50
"Metro Stare Bielany", 50
"ŁBISKA-SZKOŁA", 50
"Leśna", 50
"Malinowa", 49
"Nowy Sękocin", 49
"PKP ZAGOŚCINIEC", 49
"Lebiodowa", 49
"SŁOMCZYN-KOŚCIÓŁ", 49
"Niemcewicza", 49
"Ćwiklińskiej", 49
"Spalinowa", 49
"PARCELA II", 49
"Tołstoja", 48
"Przeworska", 48
"Metro Stadion Narodowy", 48
"Puchały", 48
"Przyleśna", 48
"Kierbedzia", 48
"GARBATKA", 48
"Parowcowa", 48
"ŁASKARZEW PRZYSTANEK", 48
"Barei", 48
"C.H. Auchan", 48
"Bartłomieja", 48
"os. Wyżyny", 48
"Krokwi", 48
"rondo Granzowa", 48
"Raczkiewicza", 48
"ŚWIERK-SZKOŁA", 48
"Kaczmarskiego", 47
"Pustola", 47
"Białobrzeska", 47
"Lektykarska", 47
"Winnica", 47
"BIAŁKI SIEDLECKIE", 47
"Zalesinek", 47
"DS Riviera", 47
"Solidna", 47
"Spółdzielnia Noma", 47
"ZAPŁOCIE", 47
"Hutnicza", 46
"Starostwo", 46
"Jesionowa", 46
"MOCZYDŁÓW", 46
"Cukrownicza", 46
"Słowackiego", 46
"KAWĘCZYN DOLNY", 46
"Telewizja Polska", 45
"Zerzeń", 45
"Wilcza Góra", 45
"Listonoszy", 45
"Strzelecka", 45
"SIERAKÓWEK", 45
"os. Bernardyńska", 45
"Dw. Gdański (Rydygiera)", 45
"OS. KWIATOWA", 45
"OKRZEWSKA I", 45
"NAD ŚWIDREM", 45
"DZIECHCINIEC-KOLONIA", 45
"SOBIKÓW", 45
"ROZALIN", 45
"Obrzeżna", 44
"Gazownia", 44
"Jeziorowa", 44
"Lipy", 44
"Agatowa", 44
"ZAŁUBICE-POCZTA", 44
"Staszica", 44
"Parkowa", 44
"ŚWIERKOWA", 44
"ks. Sitnika", 44
"os. Nowy Mokotów", 44
"Podbiałowa", 44
"Bohuna", 44
"os. Las", 43
"Edisona", 43
"Tawułkowa", 43
"Faradaya", 43
"Rosochata", 43
"Warszawa Płudy", 43
"Szyszkowa", 43
"WOLA ROWSKA", 43
"PRZEMYSŁOWA", 43
"BOROWINA III", 43
"Kajetany", 43
"Pl. Bernardyński", 43
"Lesznowola-Pole", 43
"Karczunkowska", 43
"KOŁŁĄTAJA", 43
"KRZAKI CZAPLINKOWSKIE", 43
"Żonkilowa", 42
"Drogowa", 42
"al. Wielkopolski", 42
"Okrzei", 42
"Juranda ze Spychowa", 42
"os. Derby VI", 42
"Królowej Bony", 42
"Instytut Energetyki", 42
"os. Piaski", 42
"BĄKÓWKA", 42
"Prażmowska", 42
"Anny Jagiellonki", 42
"TOLAK", 42
"Sadowa", 42
"DZIECHCINIEC", 42
"TURÓW II", 42
"Paderewskiego", 42
"Warszawa Gdańska", 42
"Słomczyn-Szkoła", 42
"Fort Wawrzyszew", 42
"PKP Zacisze-Wilno", 41
"Wilkowiecka", 41
"Gruszy", 41
"Brata Alberta", 41
"WARECKA", 41
"Pancera", 41
"ZIMORODKA", 41
"BRONIEWSKIEGO", 41
"ŻYCZYN", 41
"Siennicka", 41
"Podkowińska", 41
"Jarząbka", 41
"MARIANKI", 41
"Środkowa", 41
"Falenica", 41
"Nalewki-Muzeum", 40
"Radiowo-Bocznica", 40
"Obozowa", 40
"Sagalli", 40
"Siekierkowska", 40
"Nadarzyńska", 40
"Czerwonych Beretów", 40
"KRAKUSA", 40
"Kadetów", 40
"Kamińskiego", 40
"Łomianki-Szkoła", 40
"OLSZYNOWA", 40
"Sokołowskiego", 39
"Jagielska", 39
"Parzniew", 39
"Kowieńska", 39
"Ursynów Płd.", 39
"szosa lubelska", 39
"SARNAKI", 39
"LIPIŃSKA", 39
"ZAKAMAREK", 39
"LIPOWE POLE", 39
"PKP Brwinów", 39
"Zacisze", 39
"STARE GRABIE", 39
"SIELSKA", 39
"PONIATÓW", 39
"Rozłucka", 39
"PKP ŚRÓDBORÓW", 39
"Kościuszki-Szkoła", 39
"Wąwozowa", 39
"ZAWIDZ", 39
"Kobiałka", 39
"Sierakowska", 38
"Raabego", 38
"Siedliskowa", 38
"ks. Skorupki", 38
"Samarytanka", 38
"Legionowa", 38
"Sękocin Las", 38
"Żywiecka", 38
"P+R Al. Krakowska", 38
"pl. Politechniki", 38
"Powstańców Warszawy", 38
"Kanał Bródnowski", 38
"OS. WOLNOŚCI", 38
"PASIEKI", 38
"DALANÓWEK", 38
"HENRYKA PROBUSA", 38
"SŁOWICZA", 38
"PKP NOWA IWICZNA", 38
"TEOFILÓW", 38
"Południowa", 38
"Hetmańska", 38
"KRAKOWIANY", 38
"Metro Stokłosy", 38
"Sochaczewska", 38
"PKP Michalin", 37
"Brzozowa", 37
"Lipowa", 37
"Gołków-Wieś", 37
"Bohuszewiczówny", 37
"KACZOROWO", 37
"BOROWINA II", 37
"os. Orlik", 37
"Domaniewska Office Park", 37
"Centrum Olimpijskie", 37
"ŁOMNA-SZKOŁA", 37
"Kuźnicy Kołłątajowskiej", 37
"Marymont-Potok", 37
"Nowe Włochy", 37
"Pilcha", 37
"Porajów", 36
"Julianów", 36
"Mirkowska", 36
"Dobosza", 36
"Aleksandrów", 36
"RADZYMIN", 36
"Podgórna", 36
"Waflowa", 36
"Śreniawitów", 36
"Sienkiewicza", 36
"BIEDRONKI", 36
"Instruktorska", 36
"OBORY", 36
"Urocza", 36
"Sikorskiego", 36
"Estrady", 36
"os. Nafta", 35
"Siarczana", 35
"Leszczyńskiego", 35
"Kusocińskiego", 35
"Wałbrzyska-Cmentarz", 35
"WILANÓWKA", 35
"JEDLNIA KOŚCIELNA", 35
"os. Domaniewska", 35
"rondo Żabczyńskiego", 35
"PKP OŻARÓW MAZOWIECKI", 35
"Szamocin", 35
"Gołków-Letnisko", 35
"Bennetta", 34
"Czerwińska", 34
"Wólka Węglowa", 34
"Rudnickiego", 34
"Noakowskiego", 34
"Wierna", 34
"Kolejowa", 34
"Urbanistów", 34
"Kopcińskiego", 34
"KĘPA OBORSKA I", 34
"NOWINEK", 34
"Kadetów-Kościół", 34
"Bronowska", 34
"Cytadela", 34
"RUDKA", 34
"Nowy Podolszyn", 34
"Magiera", 34
"Małego Rycerza", 33
"PĘCLIN", 33
"Nugat", 33
"WANILIOWA", 33
"PĘCHERY", 33
"Narodowa", 33
"Łazy", 33
"PIONKI ZACHODNIE", 33
"pl. Szwedzki", 33
"GNIEWKOWSKA", 33
"Ośrodek Szkoleniowy", 33
"Palisadowa", 33
"JAŚMINOWA", 33
"DUCZKI-SZKOŁA", 33
"os. Konstancja", 32
"Madalińskiego-Szpital", 32
"Wersalska", 32
"Karolin", 32
"Frachtowa", 32
"Kameralna", 32
"SĄGI", 32
"POLFA", 32
"Klaudyn", 32
"Bellottiego", 32
"Katowicka", 32
"RYBIENKO", 32
"Instytut Ekologii PAN", 31
"Szymańskiego", 31
"Statkowskiego", 31
"Schroegera", 31
"Hrabska Droga", 31
"Wilanowska", 31
"KUKUŁCZA", 31
"ŁUKASIŃSKIEGO", 31
"WIEJCA II", 31
"GRYCZANA", 31
"Centrum Targowe", 31
"ZGK", 31
"Kryniczna", 31
"KALINOWA DROGA", 31
"Chyliczkowska-Technikum", 31
"Prefabet", 31
"Suchy Las", 31
"MŁAWA MIASTO", 31
"Duchnów", 30
"Park Młociński", 30
"ks. Szulczyka", 30
"Ogrody Działkowe Czerniaków", 30
"Wybrzeże Szczecińskie", 30
"Europejska", 30
"Rogatkowa", 30
"PKP Piaseczno", 30
"Srebrnych Świerków", 30
"Tomaszowska", 30
"WOLA BIERWIECKA", 30
"PRABUTY GÓRY", 30
"UWIELINY-SZKOŁA", 30
"Ciszewskiego", 30
"Pomnik Sapera", 30
"Kiepury", 30
"Ruskowy Bród", 30
"Ogrody Działkowe Wilanówka", 30
"WRÓBLEWSKIEGO", 30
"Marywilska-Las", 29
"Lubiczów", 29
"Cmentarz 1920 r.", 29
"Fletniowa", 29
"Leśnej Polanki", 29
"Wojciechowskiego", 29
"Jurajska", 29
"Wenus", 29
"TATRZAŃSKA", 29
"PIONKI", 29
"FALENCKA", 29
"Wyszyńskiego", 29
"MOSTÓWKA", 29
"Komorowska-Hotel", 29
"PKP Okęcie", 29
"Jagiellońska", 29
"Żwirowa", 29
"STRZELCE KUJAWSKIE", 29
"Bobrowiecka", 29
"Hubala-Dobrzańskiego", 29
"STRUŻAŃSKA", 29
"Tułowicka", 28
"Majdan", 28
"Kaflowa", 28
"Warszawa Toruńska", 28
"Widokowa", 28
"Dominikańska", 28
"Planetowa", 28
"Pólko", 28
"Smugowa", 28
"KAZIMIERZOWSKA", 28
"Zawodowa", 28
"MIESZKA I", 28
"SAPIEHY", 28
"BIAŁY ŁUG", 28
"Hala Znicz", 28
"Sołtyka", 28
"Gwarna", 28
"RUNOWSKA", 28
"Odkryta", 28
"Chemiczna", 28
"Falenty-Osiedle", 27
"Bajeczna", 27
"os. Victoria", 27
"Szpital Grochowski", 27
"Port Nieporęt", 27
"Bolesława Śmiałego", 27
"KRYMSKA", 27
"NOWE GRABIE I", 27
"SŁOMCZYN", 27
"Hotelowa", 27
"PIŁSUDSKIEGO-KOŚCIÓŁ", 27
"Stocer", 27
"Kamykowa", 27
"PAROLE", 27
"Grzegorzewskiej", 27
"ZUS", 27
"Turczynek", 27
"CZERNIDŁA", 27
"Tango", 27
"ZYGMUNTOWO MAZ.", 27
"Czekoladowa", 26
"Bysławska", 26
"Wieliszew-Plaża", 26
"Głowackiego", 26
"Chylice", 26
"CYNKOWA", 26
"LESZCZYŃSKA", 26
"BĄKOWIEC", 26
"Jerzego", 26
"Maczka", 26
"Wolica", 26
"DWORZEC WILEŃSKI - ", 26
"ŁAWKI", 26
"BORKI", 26
"Ostródzka-Szkoła", 26
"Głosków-Zielone", 25
"Szymanowskiego", 25
"al. Bohaterów Września", 25
"Bruszewska", 25
"Spiska", 25
"Batalionu Włochy", 25
"ANEMONÓW", 25
"FLORIANA", 25
"WIEJCA III", 25
"LESIÓW", 25
"AL. JEDNOŚCI", 25
"Załubice-Szkoła", 25
"Napoleona Bonaparte", 25
"Zaruby", 25
"ZABOROWSKA", 25
"Koralowych Dębów", 25
"Bronisze", 25
"UTRATA", 25
"Inflancka", 25
"Gocławek Wschodni", 25
"Słupno", 24
"PKP Milanówek", 24
"Zdziarska", 24
"Dyrekcja FSO", 24
"Wiolinowa", 24
"Piastowska", 24
"Sielankowa", 24
"Blizne Jasińskiego", 24
"Syta", 24
"PL. WOLNOŚCI", 24
"Mory", 24
"DOBIESZ", 24
"POD GŁOSKÓW", 24
"SGGW-Klinika", 24
"NARZYM", 24
"Wczasowa", 24
"Stadion", 24
"WOJCIESZYN-ARiMR", 24
"Mińska", 24
"Mozaikowa", 24
"Urząd Statystyczny", 24
"CZARNY LAS", 24
"Krzyżanowskiego", 24
"Sosnowa", 24
"SOLIDARNOŚCI", 24
"Dziekanów Polski Centrum", 23
"Zielonki", 23
"Montażowa", 23
"Przedpełskiego", 23
"Majdan-Stacja Paliw", 23
"Rozjazd Oborski", 23
"STUPSK MAZOWIECKI", 23
"HORNÓWEK", 23
"Turowice", 23
"PARCELA I", 23
"SŁONECZNIKÓW", 23
"Wodociąg Płn.", 23
"ORSZAGHA", 23
"Wałuszewska", 23
"BIELAWA I", 23
"GOLFOWA", 23
"Lelewela", 23
"SZYMANÓW", 23
"ZALESIE", 23
"Zawady", 23
"ANDRZEJA", 23
"Zielona", 22
"pl. Ostrej Bramy", 22
"Magellana", 22
"Ceglana", 22
"Przełęczy", 22
"Picassa", 22
"Stokrotki", 22
"Główna", 22
"Peonii", 22
"Przepiórki", 22
"Kocjana-Bocznica", 22
"PĘCZKOWSKIEGO", 22
"Rembertów-Ratusz", 22
"KOSMOWSKA I", 22
"PKP ZIELONKA (ZOSINEK)", 22
"Ośrodek LOK", 22
"Skolimów", 22
"Umiastowska", 22
"Powojowa", 22
"Metro Ursynów", 22
"Gąsocińska", 21
"Kościelna", 21
"Pedagogiczna", 21
"Zegarynki", 21
"Czołgistów", 21
"Chudoby", 21
"KOPRKI", 21
"KOLIBRA", 21
"OS. WEDEL", 21
"POGONOWSKIEGO", 21
"Szolc-Rogozińskiego", 21
"Zegrzyńska", 21
"Ośrodek Cora", 21
"Wronia", 21
"CZĄSTKÓW POLSKI", 21
"Szeligowska-Wiadukt", 21
"OSSÓW-SZKOŁA", 21
"Kadetów-Szkoła", 21
"RUDA WIELKA", 21
"Gromadzka", 20
"Ruczaj", 20
"Metro Kabaty", 20
"Wasilkowska", 20
"Obrońców Warszawy", 20
"Powstańców", 20
"Ośrodek AZS", 20
"Współczesna", 20
"Wólczyńska", 20
"Stefana Batorego", 20
"Talarowa", 20
"Rydygiera", 20
"Badylarska", 20
"Langiewicza", 20
"Jara", 20
"Ruty", 20
"KAWĘCZYN", 20
"NOWE GRABIE II", 20
"ŁANOWA", 20
"TUROWSKA", 20
"Gilarska", 20
"Łomna-Las", 20
"Celulozy", 20
"Komputerowa", 20
"Pańska", 20
"Gołaszewska", 20
"Siedmiogrodzka", 20
"Kolarska", 19
"Chopina", 19
"Wrzosowa", 19
"Matuszewska", 19
"Gruntowa", 19
"Plutonu Torpedy", 19
"Ogrody Działkowe Na Skraju", 19
"Brzezińska", 19
"os. Olszyny", 19
"Ogród Działkowy im. Warneńczyka", 19
"Daniszewska", 19
"Cm. Północny-Brama Płn.", 19
"KRZESIWA", 19
"FRONOŁÓW", 19
"Natolin Płn.", 19
"SKRZYNNO", 19
"Muzealna", 19
"Farbiarska", 19
"Regulska", 19
"PARTYZANTÓW-SZKOŁA", 19
"Ochocza", 19
"Leszczynka", 19
"DOBIESZ II", 19
"Izbicka-Cmentarz", 19
"Gąsek", 19
"Barszczewska", 19
"Zbyszka z Bogdańca", 18
"os. Marywilska", 18
"Czeremchowa", 18
"pl. Poniatowskiego", 18
"Nadziei", 18
"Błota", 18
"Wielkiego Dębu", 18
"Olchy", 18
"Ambaras", 18
"Laurowa", 18
"Borzęcin Duży", 18
"Buchnik", 18
"Majerankowa", 18
"Partyzantów", 18
"ROŻKI", 18
"TRENÓW", 18
"Fieldorfa", 18
"WITWICKIEGO", 18
"Łomna Wschód", 18
"Siodlarska", 18
"Anny German", 18
"POGROSZEW KOLONIA", 18
"ks. Malinowskiego", 18
"Zawodzie", 18
"rondo Solidarności", 18
"Wyględy", 17
"Rzeczna", 17
"Kampinoska", 17
"Falenty Nowe", 17
"Śniadeckich", 17
"Wieniawskiego", 17
"Promyka", 17
"Wólka Mlądzka", 17
"Rozchodnikowa", 17
"ZADĘBIE", 17
"KĘPA OBORSKA II", 17
"Dziekanów Polski Wschód", 17
"GARBATKA LETNISKO", 17
"Kąpielowa", 17
"NADMA", 17
"Mroków", 17
"Wólka Kosowska", 17
"ŁOMNA-KOŚCIÓŁ", 17
"Bacha", 17
"Astronautów", 17
"Pijarska", 17
"BABOSZEWO", 17
"Sieraków", 17
"Białobrzegi", 16
"Osiedle", 16
"Cylichowska", 16
"Jasielska", 16
"Targówek", 16
"Kórnicka", 16
"MORDY MIASTO", 16
"Sasina", 16
"Okrzeszyn", 16
"GERBERA", 16
"Zachodnia", 16
"Cementownia", 16
"ŁUBINOWA", 16
"CZARNEJ OLCHY", 16
"Zgoda", 16
"Kwitnącej Akacji", 16
"Porzeczkowa", 16
"Anusinek", 16
"Turmoncka", 16
"Żyzna", 16
"Płużnicka", 16
"Mochtyńska", 16
"CYRANECZKI", 16
"SUE RYDER", 16
"Trenów-Las", 15
"Cendrowice", 15
"Tuzinowa", 15
"Wola Mrokowska", 15
"Zabłudowska", 15
"Bartoszycka", 15
"Park Miejski", 15
"Nowy Zjazd", 15
"Ojca Aniceta", 15
"Czerwona Droga", 15
"Samorządowa", 15
"Małe Siekierki", 15
"SMOGORZÓW PRZYSUSKI", 15
"LININ", 15
"CIECISZEW-OSP", 15
"WOLA KARCZEWSKA", 15
"WÓLKA PĘCHERSKA", 15
"LININ-OSIEDLE", 15
"JEDLNIA LETNISKO", 15
"PKP Legionowo Piaski", 15
"MIEJSKI OŚRODEK KULTURY", 15
"Grabalówki", 15
"ZAGOŚCINIEC-SZKOŁA", 15
"KOZIEBRODY", 15
"Stara", 15
"EC Żerań", 15
"Kino Baśń", 15
"Drohicka", 15
"Osiedlowa", 15
"Siemieńskiego", 15
"ROKITNIA STARA", 15
"Vivaldiego", 15
"Centrum Zdrowia Dziecka", 14
"Świder-Kościół", 14
"Mirków-Szkoła", 14
"Skorochód-Majewskiego", 14
"Kaloryczna", 14
"Iskry", 14
"Puszczyka", 14
"Rokosowska", 14
"Zagórze-Sanatorium", 14
"Łyczyn", 14
"SZUMIĄCYCH TRAW", 14
"Rataja", 14
"Korczaka", 14
"WINCENTÓW I", 14
"Sienna", 14
"REJA", 14
"Pocztowa", 14
"KOSIORKI", 14
"gen. Kutrzeby", 14
"Terminal Cargo", 14
"os. Ruda", 14
"Mościska", 14
"Rekrucka", 14
"SYCZE", 14
"Struga", 13
"Migdałowa", 13
"Małych Dębów", 13
"Projektowana", 13
"Graniczka", 13
"Kaczeńców", 13
"Warchałowskiego", 13
"Janin", 13
"Walewska", 13
"Koński Jar", 13
"Lesznowola", 13
"Prusa", 13
"Husarska", 13
"Stanisławów", 13
"Łady-Szkoła", 13
"Dzięcioła", 13
"DALEKIE", 13
"DĘBÓWKA II", 13
"Brylowska", 13
"os. Bukowy Dworek", 13
"Juhasów", 13
"HUBALA", 13
"Lawinowa", 13
"WOLA LIPIENIECKA", 13
"WKD Opacz", 13
"Podczaszyńskiego", 13
"Leszczynowa", 12
"Chłodnia", 12
"Kupiecka", 12
"Insurekcji", 12
"CH Wólka Kosowska", 12
"Koczargi Stare", 12
"Fortowa", 12
"Salomea", 12
"Szpital Powiatowy", 12
"Stalowa", 12
"Koczargi Nowe", 12
"Leszyckiego", 12
"Łyczyńska", 12
"Zalesie Dolne", 12
"Mariensztat", 12
"Drewnicka", 12
"Ogrody Działkowe Budowlani II", 12
"Znana", 12
"Rafii", 12
"Kosodrzewiny", 12
"Korkowa-Cmentarz", 12
"Tatarska", 12
"ANUSIN", 12
"KOSMOWSKA II", 12
"ANTONIÓWKA", 12
"WAGONOWNIA", 12
"PILASZKÓW", 12
"PKP Nieporęt", 12
"Dobka z Oleśnicy", 12
"Zagórzańska", 12
"Pęchery", 12
"Wiesiołka", 12
"STRUŻAŃSKA-FABRYKI", 12
"Wirażowa", 12
"CENTRUM REHABILITACJI", 12
"Trombity", 12
"Zajezdnia Ursus Płn.", 12
"PODŁĘCZE II", 12
"Gawronia", 11
"Żyrardowska", 11
"Jontka", 11
"Przejezdna", 11
"Borowina I", 11
"PKP Wołomin Słoneczna", 11
"Protazego", 11
"Rybie", 11
"Góraszka", 11
"Spółdzielnia", 11
"gen. Roi", 11
"Złotokłos", 11
"Szarady", 11
"Modlińska", 11
"Melcera", 11
"Osiedle Mirków", 11
"SZCZAKI", 11
"NOWE LIPINY", 11
"PIONIERSKA", 11
"RACIĄŻ", 11
"Zalasek", 11
"Zajezdnia Stalowa", 11
"Przemysława II", 11
"Podolszyn", 11
"Aleja Bzów", 11
"SIKORECZKI", 11
"os. Patio", 11
"Meblowa", 11
"Fabryka Pomp", 11
"Krótka", 11
"Jachowicza", 10
"Młocińska", 10
"Zegrzyńska-IMGW", 10
"Młodzieżowa", 10
"Kawęczyn II", 10
"Szyszaków", 10
"Przyjazna", 10
"Pogroszew", 10
"Zakłady Zbożowe", 10
"Książąt Mazowieckich", 10
"Flamenco", 10
"Kołobrzeska", 10
"Kopijników", 10
"Thomme", 10
"Dziekanów Polski Zachód", 10
"WAWRZYNA", 10
"WIENIAWA", 10
"LNIANA", 10
"KROŚNICE MAZOWIECKIE", 10
"Harnasie", 10
"NOWY NURZEC", 10
"Mochtyńska-Kanał", 10
"Koszałka Opałka", 10
"Kozielska", 10
"Olszynowa", 10
"Umiastów", 10
"Lusińska", 10
"GÓRECKA", 10
"Zgrupowania AK \"Kampinos\"", 10
"Dankowicka", 10
"PRUSZKÓW", 10
"EC Siekierki", 10
"Źródlana", 10
"PKP Legionowo", 10
"Mazurska", 10
"Wiechy", 10
"Zabraniecka-Magazyny", 9
"Szpital Onkologiczny", 9
"Pocisk", 9
"Buławy", 9
"Ku Słońcu", 9
"Łady", 9
"Łomna-Szkoła", 9
"Leśniakowizna", 9
"Echa Leśne", 9
"Magdalenka", 9
"Olszyna Łyczyńska", 9
"Hoserów", 9
"Rembelszczyzna", 9
"Dzielnicowa", 9
"MYSZCZYN", 9
"Miejski Dom Kultury", 9
"OBORSKA", 9
"ZAJEZIERZE K. DĘBLINA", 9
"Borzęcin Duży-Wieś", 9
"Sołecka", 9
"Nowa", 9
"Przy Parku", 9
"Piasta", 9
"DRZEWICA", 9
"Sokołów", 8
"Białołęka-Kanał", 8
"Boryszewska", 8
"Kraśnicka", 8
"Zaborów-Szkoła", 8
"Wierzchowskiego", 8
"Arena Legionowo", 8
"Mokry Ług-Leśniczówka", 8
"Zbaraska", 8
"Dawidy", 8
"Czarnówka", 8
"Lindleya", 8
"Od Lasu", 8
"Bodycha", 8
"Ciszyca I", 8
"SOBOLEW", 8
"PKP WOŁOMIN (LASKOWA)", 8
"Kiełpin Cmentarz", 8
"Skorosze", 8
"PODŁĘCZE", 8
"RUNÓW OSADA II", 8
"ZYGMUNTÓW", 8
"OS. WALENDIA", 8
"os. Grapa", 8
"SZPRUCH", 8
"Osmańczyka", 8
"Planty", 8
"Żanęcin", 8
"Taneczna", 8
"Zaleśna", 8
"Krzywickiego", 8
"Gródek", 8
"Mrągowska", 8
"Puszkina", 8
"Łucznicza", 8
"os. Niepodległości", 8
"XXI WIEKU", 8
"Sękocin", 8
"Brzózek", 8
"Czajkowskiego", 8
"Trakt Królewski", 8
"Beniaminówka", 8
"OPACZ-SZKOŁA", 8
"Helenów", 8
"Jaśminowa", 7
"Bandurskiego", 7
"Gwarków", 7
"Pieńków-Wieś", 7
"Ołówkowa", 7
"Wypoczynkowa", 7
"Drohobycka", 7
"Idzikowskiego", 7
"Polnych Kwiatów", 7
"Teofilów", 7
"Nadzorcówka", 7
"Północna", 7
"Marcinki", 7
"Stara Miłosna", 7
"Młyn Michla", 7
"Rolnicza", 7
"Wartka", 7
"ks. Czartoryskiej", 7
"Waryńskiego", 7
"Kolonia Lesznowola", 7
"Mostowa", 7
"Hipodrom", 7
"Łasaka", 7
"PRZETYCZ", 7
"Brukowa", 7
"Latchorzew", 7
"KOŃCZYCE RADOMSKIE", 7
"WIŚLANA", 7
"CZAPLINEK II", 7
"LIPINKI", 7
"Wyszkowska", 7
"Strąkowa", 7
"Chotomowska", 7
"Krokusów", 7
"Lutosławskiego", 6
"Floriana", 6
"Korbońskiego", 6
"Zamienie", 6
"Kawęczynek I", 6
"Parowozowa", 6
"Dworcowa", 6
"Modra", 6
"Tomaszew", 6
"Kwirynów", 6
"Mańkowska", 6
"Orężna", 6
"Zaborówek-Wieś", 6
"Rebusowa", 6
"Borzęcin Duży-Szkoła", 6
"Kartezjusza", 6
"Turkawki", 6
"Warszawa ZOO", 6
"Ostroroga", 6
"Winogronowa", 6
"Latoszki", 6
"Dzikiej Róży", 6
"CIERPIGÓRZ", 6
"WOJEWÓDZKA", 6
"PLATERÓW", 6
"os. Batorego", 6
"Tysiąclecia", 6
"Wola Grzybowska", 6
"PIASECZYŃSKA", 6
"Intalatorów-KAM", 6
"Bruzdowa-Kościół", 6
"BIELINY OPOCZYŃSKIE", 6
"Schroniska dla Zwierząt", 6
"Zyndrama z Maszkowic", 6
"Dziekanów Nowy Wschód", 6
"Joliot-Curie", 6
"Nauczycielska", 6
"WOLANÓW", 6
"Paszków", 6
"Akacjowa", 6
"Kordiana", 6
"Ośrodek Zdrowia", 6
"Sęczkowa", 6
"Tulipanowa", 5
"Jesówka", 5
"Runowska", 5
"Wilkowa Wieś II", 5
"Kawęczyn", 5
"Limby", 5
"Pośrednia", 5
"Ananasowa", 5
"Nowe Wągrodno", 5
"Ciepłownia Kawęczyn", 5
"Poziomkowa", 5
"ks. Słojewskiego", 5
"Erazma z Zakroczymia", 5
"Tytułowa", 5
"Opolska", 5
"Mościckiego", 5
"Boryny", 5
"Łączyny", 5
"Boryszew", 5
"al. Sybiraków", 5
"Port Pilawa", 5
"Cynamonowa", 5
"Pęcice-Kościół", 5
"Urzut", 5
"WÓLKA DWORSKA", 5
"Cząstków Polski Wschód", 5
"Izabelińska", 5
"Rosy", 5
"Nowe Słupno", 5
"Cedrowa", 5
"Rusiec", 5
"Gryfitów", 5
"Szamoty", 5
"Zasobna", 5
"Poznańska", 5
"PKP KOBYŁKA-OSSÓW", 5
"Chyliczki", 5
"OPACZ", 5
"Groty", 4
"Księcia Ziemowita", 4
"Drogowców", 4
"Augustówka", 4
"Metryczna", 4
"Świdry Małe", 4
"Janowskiego", 4
"Janów", 4
"Stoczniowców", 4
"Radość-Wodociąg", 4
"Bydgoska", 4
"Kociszewskich", 4
"Bolesława Krzywoustego", 4
"Warzelnicza", 4
"Kubusia Puchatka", 4
"Palmiry", 4
"Leszno-GS", 4
"Zdziarska-Kanał", 4
"Kosynierów", 4
"Bolesława Prusa", 4
"Ciećwierza", 4
"Hortensji", 4
"Starego Dębu", 4
"Rozwojowa", 4
"ks. Boguckiego", 4
"Grzybowska", 4
"Hipolitowska", 4
"Łomna-Cmentarz", 4
"Starzyńskiego", 4
"Litewska", 4
"Kiełpin-Cmentarz", 4
"Weteranów", 4
"KOLONIA SOBIKÓW", 4
"STARE GRABIE-SZKOŁA", 4
"Markowskiego", 4
"PLATANOWA", 4
"OBRĘB II", 4
"Bystrzycka", 4
"Terespolska", 4
"OBÓRKI", 4
"Marzycieli", 4
"PL. JANA PAWŁA II", 4
"Ossów-Szkoła", 4
"GOSTYNIN", 4
"Zasadowa", 4
"os. Wedel", 4
"Szeroka", 4
"Prętowa", 4
"Wierzbin", 4
"Klimatyczna", 4
"św. A. Boboli", 4
"Kałuszyn", 4
"Duczki-Szkoła", 4
"NURZEC", 4
"Kaputy", 4
"Kędzierówka", 4
"Kuleszówka", 4
"Dom Kultury", 4
"Parcela I", 4
"PAROLE-PĘTLA", 4
"Nad Świdrem", 4
"Ciszyca", 4
"CIĘCIWA", 4
"PKP Mokry Ług", 4
"PŁOCK TRZEPOWO", 4
"Kwiatów Polnych", 4
"OBÓRKI-WAŁ", 4
"Tarniny", 4
"Parole", 3
"Dziekanów Nowy Zachód", 3
"Wólka Załęska", 3
"Górna", 3
"22 Lipca", 3
"Vogla-Morysin", 3
"Blizne Łaszczyńskiego", 3
"Rokokowa", 3
"Łoziska", 3
"Stefanów", 3
"Szpruch", 3
"POD Kajetany", 3
"Okrzewska I", 3
"Ogrodnicza", 3
"Topolowa", 3
"Kossaka", 3
"Władysławów", 3
"Batorego", 3
"Felińskiego", 3
"Wagonownia", 3
"Glebowa", 3
"Kocjana-Sądy", 3
"Piusa XI", 3
"Borowiecka", 3
"Pęclińska", 3
"Lipinki", 3
"Skrzyneckiego", 3
"Żubrowa-UKSW", 3
"Okunin", 3
"Konik Nowy", 3
"Zegrze Płd.", 3
"PKP Legionowo-Przystanek", 3
"Podłęcze II", 3
"Żabieniec", 3
"Krakowiany", 3
"Zgorzała", 3
"Łbiska", 3
"Witwickiego", 3
"Wieruchów", 3
"Robotnicza", 3
"Urząd Skarbowy", 3
"Akcent", 3
"Górki", 3
"Parlamentarna", 3
"os. Młodych", 3
"Skolimów Północny", 3
"Orchowiecka", 3
"POD Szczaki", 3
"CHRONÓW", 3
"RADOMYŚL", 3
"SIEMIATYCZE", 3
"WOJSKA POLSKIEGO-WIADUKT", 3
"AZORY", 3
"Głosków-Letnisko", 3
"OKRZEWSKA II", 3
"Marecka", 3
"Łubna", 3
"Wiekowej Sosny", 3
"Jeziorki Płn.", 3
"Michalinki", 3
"Opacz-Szkoła", 3
"Antoniewska", 3
"PRZEJAZD", 3
"Spokojna", 3
"TRZECIAKOWSKICH", 3
"Przebudzenia Wiosny", 3
"Świecka", 3
"Dom Artystów", 3
"Nadwiślańska", 3
"Czarnej Olchy", 3
"Gierdziejewskiego", 3
"SZYDŁOWIEC", 3
"Pszeniczna", 3
"Utrata-Urząd Celny", 3
"Suchocin", 3
"Kolonia Helenów", 3
"Golfowa", 2
"Bartyki", 2
"Siwek", 2
"Słowicza", 2
"Jodłowa", 2
"Bronisława Czecha-Las", 2
"Przydrożna", 2
"Marsa-Las", 2
"Łomna Zachód", 2
"Kępa Okrzewska", 2
"Przejazd", 2
"Leśniakowizna II", 2
"Jachtowa", 2
"Jabłoniowa", 2
"Oknicka", 2
"Świerkowa", 2
"OW Promenada", 2
"Kazimierza Odnowiciela", 2
"Waniliowa", 2
"Wolska", 2
"Chabrowa", 2
"Cieciszew", 2
"Świerk", 2
"Skalnicowa", 2
"Siedzikówny \"Inki\"", 2
"PKP Śródborów", 2
"Świdry Wielkie", 2
"Leszczyńska", 2
"CH Błękitne", 2
"Rolna", 2
"Białostocka", 2
"Jaworówka", 2
"Zagościniec-Szkoła", 2
"Zimorodka", 2
"Macierzanki", 2
"Czarnów", 2
"Draceny", 2
"Łbiska-Szkoła", 2
"Piotrkówek Mały", 2
"Pieńków-Sklep", 2
"Dębówka", 2
"Miejski Ośrodek Kultury", 2
"WDW Rynia", 2
"Sielska", 2
"Lipowo", 2
"Krzaki Czaplinkowskie", 2
"Kolibra", 2
"Baszkówka", 2
"ZDOBYWCÓW KOSMOSU", 2
"BOROWIKI", 2
"KONOPNICKIEJ", 2
"MODRASZKI", 2
"BORKI KOSY", 2
"GĄSAWY PLEBAŃSKIE", 2
"Buchalteryjna", 2
"GOZDOWO", 2
"Ładna", 2
"Poniatowskiego-Przychodnia", 2
"Teklin-Szpital", 2
"Moniuszki", 2
"PŁOŃSK", 2
"Nowotyska", 2
"Starowiejska", 2
"Tadżycka", 2
"BORZĘCIN MAŁY", 2
"JESIOTROWA", 2
"Wawerska", 2
"Reymonta", 2
"STARE LIPINY", 2
"KRÓLIKA", 2
"HABDZIN I", 2
"Czarna", 2
"os. Walendia", 2
"Zorzy", 2
"Legionów", 2
"Cyraneczki", 2
"XXI Wieku", 2
"Wiejca III", 2
"Ławki", 2
"PKP Kobyłka", 2
"PKP Dawidy", 2
"Cm. Południowy-Brama Wsch.", 2
"Czaplin", 2
"BOCIANA CZARNEGO", 2
"Zielonej Gęsi", 2
"Piskórka", 2
"Gassy", 2
"Łazy-Szkoła", 2
"os. Kabaty", 2
"PKP Zielonka", 2
"Turów", 1
"Dobiesz II", 1
"Hornówek", 1
"Łanowa", 1
"Dziechciniec", 1
"Morawicza", 1
"Dom Rencisty PAN", 1
"Zabraniecka-Bocznica", 1
"Cygańska", 1
"Strzykuły", 1
"Stężycka", 1
"Wólczyńska-Bocznica", 1
"Okrzewska II", 1
"Kondracka", 1
"Święcicka", 1
"Czosnów", 1
"Trenów", 1
"Batalionu Miotła", 1
"Rozalin", 1
"Wincentów II", 1
"Ogród Botaniczny", 1
"Malcanów-BOOS", 1
"Obory", 1
"Aleja Róż", 1
"Załubice-Poczta", 1
"Ogińskiego", 1
"Dobiesz", 1
"Lipińska", 1
"PKP Michałów-Reginów", 1
"Łomna-Kościół", 1
"PKP Praga", 1
"Pilawa", 1
"Narcyzowa", 1
"Strużańska-Fabryki", 1
"Żymirskiego-Przychodnia", 1
"Szlachecka", 1
"Hłaski", 1
"Krubin", 1
"Samsonowska", 1
"Kępa Oborska II", 1
"Słoneczna", 1
"OSP Złotokłos", 1
"Gołębia", 1
"Sosenkowa", 1
"PKP Wołomin (Laskowa)", 1
"Instalatorów", 1
"Majowa", 1
"Spiralna", 1
"os. Jagiellońska", 1
"Park Skarbków", 1
"Dziechciniec-Sklep", 1
"Hubala", 1
"Obory-Pałac", 1
"Podróżna", 1
"Chrzanów", 1
"Milenium", 1
"Dziechciniec-Kolonia", 1
"Al. Jedności", 1
"Łęg", 1
"KLONOWA", 1
"ROBERCIN", 1
"ALEJA RÓŻ", 1
"PROSTA", 1
"KRZYMOSZE", 1
"Kolumba", 1
"Glinianka", 1
"Poniatowskiego", 1
"Paschalisa-Jakubowicza", 1
"Rodzinna", 1
"Strużańska", 1
"Bielawa-OSP", 1
"Kiełpin", 1
"PKP Józefów", 1
"Przyszłość", 1
"Henryków-Urocze", 1
"Kołłątaja", 1
"Bąkówka", 1
"WÓLKA DWORSKA-WISŁA", 1
"Słomczyn-Kościół", 1
"Czaplinek I", 1
"Sarmacka", 1
"JASTRZĄB", 1
"Spichrzowa", 1
"Kazimierzowska", 1
"Biedronki", 1
"Mieszka I", 1
"PODBÓR", 1
"Wojcieszyn", 1
"ZAŁUSKIEGO-SZKOŁA", 1
"Teklin", 1
"Tolak", 1
"Wołodyjowskiego", 1
"Zielonki-Wieś", 1
"ROGOŻEW", 1
"Sue Ryder", 1
"Szymanów", 1
"MIESZAKI", 1
"Kostowiec", 1
"Nowinek", 1
"Oborska", 1
"OBRĘB I", 1
"Diamentowa", 1
"Intalatorów-KIS", 1
"Zadębie", 1
"Orląt Lwowskich", 1
"Napoleona", 1
"Henryka Probusa", 1
"ZAWIDZ KOŚCIELNY", 1
"ZAWADZKA", 1
"Borowina III", 1
"HABDZIN IV", 1
"Chlubna", 1
